4c6c48eb1ac7db4,2d_add#a60c435b
13b5e1db9658f56c,2d_blend#a60c435b
6b51bbdf0025e1a2,2d_minimap#09504bb4
2b0f67a2cf4675e4,2d_minimap#3ce39dab
654ddd634cfa52db,2d_minimap#8ff6c6d4
4b40e87798e9914d,2d_minimap#92a84c91
40e95eac15fd6b27,2d_minimap_emp#a60c435b
939d5977444a6e5,2d_minimap_overlay#a60c435b
1da4da62bd7b4eb5,2d_multiply#a60c435b
2edcbca824cbb235,2d_replace#a60c435b
2d21420fe9e7780,adsblur_downsample#a60c435b
618f801286aed811,adsblur_downsample_scope#a60c435b
4bb9edbdecbc3c44,adsblur_large_x#a60c435b
280f7913f160f195,adsblur_large_y#a60c435b
5f1a717189324281,adsblur_small#a60c435b
4ae430a729728319,adsblur_update#a60c435b
3a4a94a4de402125,alpha_blend#0acfa154
43bdd1e6e07cfeb9,alpha_blend#0eda3275
37d36334f044a173,alpha_blend#343b2034
bb872cb54a973cd,alpha_blend#3be62a73
591a8b6e39ac4b0f,alpha_blend#4cd8042d
15aab0b6709bc497,alpha_blend#507b6933
638c885eb3ac1af2,alpha_blend#5485fa54
79ed6a581fc9f03f,alpha_blend#7b3a9373
79ed67581fc9eb26,alpha_blend#7b3a9374
1a34ee0d53ed5d20,alpha_blend#7dee8d4c
196f6698054ed448,alpha_blend#9a982dd3
6a87e52335dfecb0,alpha_blend#bd0f77ae
11a442f5199e67d3,alpha_blend#cbaeb6f2
68d30dfbe058e514,alpha_blend#cfb94813
4df06e6d24165560,alpha_blend#d038d294
483bf8adbcc8b51,alpha_blend#d7e3dcd3
537697e92def482b,alpha_blend#df7d0330
20821ec00c684b6c,alpha_blend#e67af68e
16ca140a6bffd15a,bloom_apply_lut#a60c435b
62e12a5d798367f5,bloom_apply_lut_lens_distortion_by#a60c435b
46ddc624720280a9,bloom_apply_lut_lens_distortion_debug#a60c435b
6b3fbeedf3ec9843,bloom_apply_lut_lens_distortion_rc#a60c435b
173d598e489403e1,bloom_blur_mip_x_l1#a60c435b
fb3136800137c66,bloom_blur_mip_x_l2#a60c435b
b76387841c73a17,bloom_blur_mip_x_l3#a60c435b
f90a14e2a8685ec,bloom_blur_mip_x_l4#a60c435b
2b4459a5f14f4dd,bloom_blur_mip_x_l5#a60c435b
660db718ac4571e2,bloom_blur_mip_y_l1#a60c435b
ca412af6865d1dd,bloom_blur_mip_y_l2#a60c435b
19806e6333d762ec,bloom_blur_mip_y_l3#a60c435b
1566058d4b181717,bloom_blur_mip_y_l4#a60c435b
19a2e07d09645966,bloom_blur_mip_y_l5#a60c435b
25aadd74e87c2888,bloom_blur_x#a60c435b
1261b400e65bb39,bloom_blur_y#a60c435b
51db55462bc6e0e7,bloom_downsample_convolution#a60c435b
f915d508ac8c719,bloom_downsample_lx#a60c435b
638b155e9f5818c7,cinematic#a60c435b
790a55eef61fd007,cinematic_mp4#a60c435b
9a00d7d6a7aadaf,cinematic_mp4_add#a60c435b
3312d4a31190eab8,cinematic_mp4_srgb#a60c435b
3b77a268a364664b,color_clear#a60c435b
6ce812a4b1e43a3d,color_clear_stenciled#a60c435b
1f03ba179da1186c,composite_fx#a60c435b
6431068e90ec53d9,composite_result#a60c435b
1eda40632dbcc792,create_lut2dv#a60c435b
33c04c9f92d1b38,darken_screen#a60c435b
d66e0567f8fb677,default#a60c435b
53a3ceb109773e19,depth_clear#a60c435b
53afe2db79b15f39,dni_interference#054b528a
32351515c3f80f,dni_interference#19097da8
7b62f8b8feb8c2ce,dni_interference#ca0b18e8
14b00e89df87671,dni_interference#ddc94407
299475ea3efc36af,dof_ads_combine_near_far_coc#a60c435b
c05730d274363ee,dof_ads_combine_near_far_scope_coc#a60c435b
397a4db33b3084df,dof_ads_near_coc#a60c435b
7bcd78e2b7ac6d7e,dof_ads_near_scope_coc#a60c435b
6ea80417b217da9e,dof_blur_mip0#a60c435b
5e6b72e78ae991af,dof_blur_mip1#a60c435b
2403888805ded3be,dof_blur_smooth#a60c435b
4193641c51d08f4d,dof_blur_upsample_mip1#a60c435b
4c4c47bde462af56,dof_combine_near_far_coc#a60c435b
45144d60d2074141,dof_downsample_rgb_coc_mip0#a60c435b
55edffbf7fb0eed0,dof_downsample_rgb_coc_mip1#a60c435b
7dbb2e7dd3da3d7d,dof_far_coc#a60c435b
487abcf63d51c362,dof_final_blend_hi#a60c435b
679df23b57647a9c,dof_final_blend_lo#a60c435b
100dfbfcc038cfa4,dof_final_blend_peaking#a60c435b
303518bcf6ff74b,dof_near_coc_#a60c435b
1e297ef528fc487d,dof_near_coc_blur_x#a60c435b
37a48960fefc170c,dof_near_coc_blur_y#a60c435b
43a0d8bf98df8389,dof_near_coc_downsample#a60c435b
38303294309f43f9,dof_near_coc_upsample_mix#a60c435b
70f6eeaae954b88a,drowntown#a60c435b
4cb82f0b385967c0,emblem#a60c435b
61fdb920b48d5a5c,ev_interference#a60c435b
4d017b040680ea37,feedback_blood#7eed3834
b1b32f5adcb2ea5,feedback_blood#cbe774f5
18326e9553563b94,feedbackreplacegamma2#a60c435b
33cc6c95779e96d4,filter_symmetric_1#a60c435b
55b3d213f2708bab,filter_symmetric_2#a60c435b
1ba13ca74df5caea,filter_symmetric_3#a60c435b
6a4fd82c7c0eff29,filter_symmetric_4#a60c435b
698c27ca9b4dfbb8,filter_symmetric_5#a60c435b
49ebaa378660b0df,filter_symmetric_6#a60c435b
6c22e1bd56fe510e,filter_symmetric_7#a60c435b
5cc3661b7881d66d,filter_symmetric_8#a60c435b
5f6905e6d80fac19,flir#a60c435b
34969a973551b4ff,floatz_writedepth#a60c435b
7f896b11a1535c83,floatz_writedepth_omni#a60c435b
120d95234a8768ef,fontcache_blend#a60c435b
69d7bf55b83a2d30,lens_distortion_by#a60c435b
5b4d83c16430384a,lens_distortion_debug#a60c435b
11853c8cc6a2f65e,lens_distortion_rc#a60c435b
534b787bbebb66de,lensflare#e49837b6
9753023f27c1dda,lensflare_add#e49837b6
97dffe28da1b35b,lensflare_add_nodepth#e49837b6
4bac9bd960713e16,lensflare_debug#e49837b6
45ba30bffa1156f3,lensflare_query#e49837b6
2a5d00e76e7313eb,lensflare_query_debug#e49837b6
b92a9fd128cf77c,line#a60c435b
6eea25cd29a29379,line_nodepth#a60c435b
39eb477d2fd0837b,lut_alt#a60c435b
1ea553ffc219d5eb,mblur_high#a60c435b
4eb1b6fe3d407f39,mblur_low#a60c435b
4264ae3de3f769de,mblur_medium#a60c435b
6a3de5de232642eb,mblur_tile_downsample_0#a60c435b
14725f42f3f6c2a,mblur_tile_downsample_1#a60c435b
77eeea8e6db3c292,mblur_tile_neighbor#a60c435b
7987e185c4ab67c1,mc/cloaking#64dfc021
1c1e4603670d6b7c,mc/cloaking_fade#64dfc021
5b410db15ae6c491,mc/cloth#128d1c25
4c4fdb9155ab680d,mc/cloth#149648ff
f2e9c0831f5a6ee,mc/cloth#1e84b906
3d00b1cbb41ba3fd,mc/cloth#2520caa4
79a77a5029e4d6b2,mc/cloth#37c3c907
46dbf48d7786856f,mc/cloth#3a875945
50bed08e1ecde53b,mc/cloth#431b32c4
77b894a9571eae2c,mc/cloth#4383c505
ea70adc3070259e,mc/cloth#51cc8b8e
7d58eca040bbe5b,mc/cloth#669d8ecc
688438f6ea54f7e6,mc/cloth#7c041d6d
2ed8524e89be4d6d,mc/cloth#82dc58a7
3bdb5d8f29cb54a9,mc/cloth#8500892d
1a651386388b8eba,mc/cloth#9a6717ce
32a13371105af03,mc/cloth#acfac64d
263289156d07840d,mc/cloth#b03ea95e
473f47578a9a53cf,mc/cloth#c5a537ff
232e3855fa574c1a,mc/cloth#c97db95f
74d78eb7b92b1801,mc/cloth#caf52e6d
6ab422a02f320d69,mc/cloth#dec39323
61f248d8dd24199d,mc/cloth#dee44800
2207bc20d48c1751,mc/cloth#e0c44f4f
6e559ce86901cdaa,mc/cloth#f42a21c4
5b9cabab4f5610f6,mc/default#64dfc021
1c3161444f02acc1,mc/depth_only#64dfc021
1863b40c55ce3e44,mc/emissive_add#64dfc021
4bbe929b818db148,mc/emissive_passthrough#bfefe5d0
529dddf280777b5a,mc/emissive_passthrough#efd0793a
2427fbe3d5bc8c10,mc/emissive_passthrough#fa00c337
24280ae3d5bca58d,mc/emissive_passthrough#fa00c338
36ac03cc2f1ffbe0,mc/emissive_passthrough#fde1571d
58f8e40f2e7fe0b1,mc/eye#09ee484d
c3eae6c7c289a8b,mc/eye#aaf5b4ee
4b9a9c70f5c9d655,mc/eye#bc2d78ef
4ed4d0f8d22d4cd8,mc/ghost#64dfc021
63c919e62d9fa26,mc/glass#036689a2
69d26e7d86adf2bc,mc/glass#03a9f4c7
7f6fc242a0bffbab,mc/glass#0a28f441
7f6fc342a0bffd5e,mc/glass#0a28f442
33341674a12f88dd,mc/glass#138d5027
749d9132b52ff4e6,mc/glass#14150d19
61c73822d438afbc,mc/glass#14942168
5fff5ede2a1475f5,mc/glass#14ec80a6
5fff5dde2a147442,mc/glass#14ec80a7
4878b9b927513963,mc/glass#20bf74c2
4878b8b9275137b0,mc/glass#20bf74c3
28016298d1fc90be,mc/glass#2471153f
3f0a7c0b374046c2,mc/glass#25e0d982
3f0a7d0b37404875,mc/glass#25e0d983
4edaeb181f2408fb,mc/glass#2c0ec6ba
102c9d9ce7b306fd,mc/glass#2cc0b43a
7a7fc3ff3971a7c1,mc/glass#3da966a2
148cc8966c9e80c9,mc/glass#3e01c5e0
148cc7966c9e7f16,mc/glass#3e01c5e1
714d1488fd1ba05,mc/glass#3e12ee5b
6b5c32337531821,mc/glass#407b5f13
2c9c2d50f89a00d7,mc/glass#470dc288
2f040523db236b5d,mc/glass#47957f7a
7f1813031a257c82,mc/glass#47eddeb8
7f1814031a257e35,mc/glass#47eddeb9
2a335e658af8a35e,mc/glass#486cf307
6efc1fd4f39ce388,mc/glass#4bbc221a
13e608d660ffd84a,mc/glass#59614be3
2d3558eb56eec5a3,mc/glass#5e77afa6
2d3557eb56eec3f0,mc/glass#5e77afa7
767b5023728d510f,mc/glass#5fe79859
767b8823728db037,mc/glass#5fe7985a
153d93ca555d2f5e,mc/glass#6f6c0882
67f1e4cfa61c9849,mc/glass#71823841
67f1e1cfa61c9330,mc/glass#71823842
556838b5a3371b59,mc/glass#71ebbffa
68f604e571383672,mc/glass#738ca23f
43a7c8c54960358c,mc/glass#7436bc9a
10c61e34ff1bd44c,mc/glass#750e3027
5b40c7dc323fd817,mc/glass#7b6e5119
5b410fdc3240526f,mc/glass#7b6e511a
25f768bf49a2a1b1,mc/glass#86028903
5d9cbd5b0bfc8566,mc/glass#91f82207
5d9cc85b0bfc9817,mc/glass#91f82208
27bb29365d467c05,mc/glass#92508145
27bb26365d4676ec,mc/glass#92508146
74b2d548ecc6f76b,mc/glass#9a731bd1
74b2d648ecc6f91e,mc/glass#9a731bd2
280fff466fda31c3,mc/glass#9e237561
281000466fda3376,mc/glass#9e237562
6a518c9ce95c3aa2,mc/glass#9f9dbe68
1e6ce86e1f7b80be,mc/glass#9ff61da6
5e8276eca49cc041,mc/glass#a344da21
5e8273eca49cbb28,mc/glass#a344da22
346434189e29fa3b,mc/glass#a80f8e39
144ac95d982e7c3e,mc/glass#b982fb64
3cb2d37b0478449b,mc/glass#bd17d13f
7ccbfbdfcb61fe8b,mc/glass#bf3e94c2
43f8a75e7e81037a,mc/glass#c09dc541
43f8a65e7e8101c7,mc/glass#c09dc542
387dc8ba75a67e2f,mc/glass#c5d0f3a6
387dc7ba75a67c7c,mc/glass#c5d0f3a7
29f49532277e7401,mc/glass#c92aad9a
29f49232277e6ee8,mc/glass#c92aad9b
22bdd4a0d6279b51,mc/glass#ca89de19
640ddf91b2671971,mc/glass#cf8db803
7511acf3e01e2651,mc/glass#d1a3e7c2
54a0ffb48067d14,mc/glass#d20d6f7b
5ac21a0112f53477,mc/glass#d3769007
4828b55160328bc6,mc/glass#d6c54c82
5dbc8ac0521843c8,mc/glass#e28397ba
569758191e3f492f,mc/glass#e8aa5b5c
73247615e9b85fb1,mc/glass#eb9a7299
167fa1304c9411bc,mc/glass#ec5e9361
6b3553e93f90b284,mc/glass#f09843a0
379a541814afa03b,mc/glass#f0f0a2de
379a551814afa1ee,mc/glass#f0f0a2df
1c998b4962b7919e,mc/glass#f219d188
3c0cb86f5c0aea80,mc/glass#f27230c6
3c0cb96f5c0aec33,mc/glass#f27230c7
170f0a54f6d420b1,mc/glass#f3176661
2b359384d14ae28b,mc/glass#f3bb5bbb
53756a06b7c99ce2,mc/glass#f41e37a2
7fb871c2e23501c0,mc/glass#f64aac39
1d887edfc6a73cc0,mc/glass#fcab1ffb
3e4f48d8181d6e59,mc/glass#fd037f39
74f366f583d4c185,mc/hacked#64dfc021
4ec3e870cd5adb93,mc/hair#119d91b5
a59b43faa75e91,mc/hair#12dc0655
5798ed7f7d9954d0,mc/hair#3484b253
5798f47f7d9960b5,mc/hair#3484b254
31e016e33db05603,mc/hair#a0a534d4
251a0f3cb4fc09e8,mc/hair#a1e3a974
98e1504e2e9f25f,mc/hair#a57d0f34
98e1404e2e9f0ac,mc/hair#a57d0f35
259056dfec9fa3d3,mc/hair_cinematic#3974362b
4ba338251e2db727,mc/hair_cinematic#6b825a8b
208ccbd1da8e5e6f,mc/hair_cinematic#8b1768aa
92d067a07c61929,mc/hair_cinematic#ac645449
32d17b26029e0bf6,mc/hair_cinematic#ccebc48c
1a3e1f6e4a4b3dc4,mc/hair_cinematic#ec80d2ab
49f213d60cf9d926,mc/hair_opaque#37e213e9
3b30c6e6c0b84383,mc/hair_opaque#4919d7ea
7a2ee8a7e8d5dfa9,mc/hud_outline_model#0c2d322d
7a2ee7a7e8d5ddf6,mc/hud_outline_model#0c2d322e
46a68090d7338d61,mc/hud_outline_model#1f65672e
46a67d90d7338848,mc/hud_outline_model#1f65672f
5721fa48461a10bf,mc/hud_outline_model#2cd8a08d
7bf933e4adc52500,mc/hud_outline_model#4010d58e
7bf936e4adc52a19,mc/hud_outline_model#4010d58f
192507924269b6ed,mc/hud_outline_model#9cc967cd
192506924269b53a,mc/hud_outline_model#9cc967ce
147169ac25fb7710,mc/hud_outline_model#af749fee
14716cac25fb7c29,mc/hud_outline_model#af749fef
18d6df1252bde0f7,mc/hud_outline_model#c2acd4ef
18da331252c0a58a,mc/hud_outline_model#c2acd4f0
6bafcde09e33207e,mc/lit#003085cc
243c8fe23fecaad5,mc/lit#008e2cb1
243c8ce23feca5bc,mc/lit#008e2cb2
474ae0304f1ca816,mc/lit#00d59ab3
40be4d80b92bc0,mc/lit#00f039e1
1aa9b216d7724791,mc/lit#030e2c84
1aa9b116d77245de,mc/lit#030e2c85
3327362ec44efbe1,mc/lit#0498bdd2
3327352ec44efa2e,mc/lit#0498bdd3
2c6902b74490eb49,mc/lit#08083a58
6a7581f473891552,mc/lit#086efa11
6a7580f47389139f,mc/lit#086efa12
2327d2b6b4796b01,mc/lit#08c5c9be
22feb5aaafd7d3bf,mc/lit#0bde7feb
5ac690683f73c592,mc/lit#0c798b32
1de8e106c2428404,mc/lit#0ed1a209
56a3a29fbe3553cd,mc/lit#10b46a1f
4acada233410f556,mc/lit#10daf370
302856f53c7c9949,mc/lit#1176a746
302855f53c7c9796,mc/lit#1176a747
3fd58903428b8a69,mc/lit#11800401
612602b299cd13fb,mc/lit#11be3e08
17503c29b0011d3f,mc/lit#11c51862
66f9c253bbbaf983,mc/lit#12fd244d
79d83ef5263a3903,mc/lit#13082aaa
79d83ff5263a3ab6,mc/lit#13082aab
b9a0b54935b0898,mc/lit#13cea151
4cb3528803670bf5,mc/lit#14b1ebe9
1e20e398ab301a20,mc/lit#14cbca79
5b3cd080a3ceb891,mc/lit#15813867
1ac6ca71fd229362,mc/lit#160a1993
19754a24ad5cb5ce,mc/lit#1712bbcb
e41d3226991456c,mc/lit#1788b257
46ab9f54533205e4,mc/lit#183661b1
34897e6aaec0dbd2,mc/lit#1a2f49e2
5db2dae66bab6f47,mc/lit#1ab7d47c
6e3678f5cc2a22f8,mc/lit#1accc597
46972df3cc7beed2,mc/lit#1b101be6
2f4389787413d9dd,mc/lit#1bb7708b
630f52667e96d768,mc/lit#1bc50fe8
1a7b19fe68fcca9a,mc/lit#1dddde04
b8cc3a1cc34c61d,mc/lit#1e080a3a
64b21759ffcde691,mc/lit#1e39db03
57fc54f7d5a7fe77,mc/lit#1e53b607
60e32d4d81bfa230,mc/lit#1e7612f2
9214180b763806c,mc/lit#1ff2d2b5
64cd0225e0d44a69,mc/lit#213e0ee6
27553dbf524da6d,mc/lit#23ae0e27
a15bd8a53c70bf8,mc/lit#23f5988e
59ebd739c81585c,mc/lit#23fd63d6
42364776bf157766,mc/lit#250788c3
42364a76bf157c7f,mc/lit#250788c4
3f2ee604156c17bb,mc/lit#28b1c588
324f8e439cf73705,mc/lit#291219e4
c7b30aae3dbed2b,mc/lit#29a208fa
26e394f6ac10475f,mc/lit#29d26caf
26e6e8f6ac130bf2,mc/lit#29d26cb0
41cc1dec885cd56,mc/lit#2a1a0371
7f2d5fb7ef238bb1,mc/lit#2a969fc9
3f856734b871672a,mc/lit#2ab5b747
dd68e26c60354af,mc/lit#2ad5004c
dd68b26c6034f96,mc/lit#2ad5004d
dcdcf9fff5c9f56,mc/lit#2beed589
19c4397312d99e7e,mc/lit#2d1e3dfe
71fafacbeb491fdf,mc/lit#2dac9a1b
3461dcac3f406f27,mc/lit#2db6cea4
5b8a56c013203ad7,mc/lit#2dd7dc2a
74291216e16fa0ad,mc/lit#2ddcfdd0
5babc850ade9da78,mc/lit#2edf916e
50567a2f84a5d8e8,mc/lit#2fe477c0
43d16617db061039,mc/lit#32d42226
46cc5d0a1a55ab7a,mc/lit#3321b0a6
4fd45189b1be9f66,mc/lit#33288b00
52547ca68330ec87,mc/lit#340bd598
4be91f8456784a78,mc/lit#3420d551
4be9228456784f91,mc/lit#3420d552
19ea14e64e607ce9,mc/lit#344f2be7
2d9b573d2e884b1b,mc/lit#350186e9
2d9aff3d2e87b593,mc/lit#350186ea
3d3a6ba3eb69d621,mc/lit#35041fe9
5eec5d274858112c,mc/lit#36155e87
7abe2ebc9201603,mc/lit#3663cfa3
60d4201c60bdf318,mc/lit#36af7b70
2e3c294999177989,mc/lit#36b36b6c
7f9ac13cb85bf5fc,mc/lit#3792c608
3857e5b5ad606e24,mc/lit#37b0032a
40cf33f11aca3eed,mc/lit#37c80f11
23bea807069df0b4,mc/lit#3999d44f
23c1dc0706a07ee7,mc/lit#3999d450
32c407facc87e5f9,mc/lit#3c09d390
4926a7873b78dd78,mc/lit#3d064375
182f2d1ffadf3733,mc/lit#3f6b7cd8
411f406b24a1fae5,mc/lit#41bb5deb
463e30cbcb31457f,mc/lit#43117cb0
199b2615a278728,mc/lit#44233e4a
29aec9d29d1dad61,mc/lit#444a9af2
6376988a31d44445,mc/lit#457a0367
648ceb670d67236a,mc/lit#457f17f2
648cec670d67251d,mc/lit#457f17f3
4b276e0f19050995,mc/lit#4700e502
4b276d0f190507e2,mc/lit#4700e503
12e69e45fa2a263a,mc/lit#4716ec2b
4eac884c98513a23,mc/lit#484133cc
30563c7ea4711ac7,mc/lit#4892420b
3df250e9b9a00ad2,mc/lit#493dcb8a
6ea797ca352ca11f,mc/lit#4abf7553
208a368465cd0745,mc/lit#4b113fd8
f3aaa00e0d85cd8,mc/lit#4b2fe78f
1079ef964e628dd2,mc/lit#4b7d760f
35a74a4e00a10313,mc/lit#4c44bc58
13a133816e8f4019,mc/lit#4cbd5aa7
68a4ae86d6536a70,mc/lit#4cc841b1
7164a9a402077437,mc/lit#4cce5c8b
7164a8a402077284,mc/lit#4cce5c8c
60e10104ef8a98f3,mc/lit#4cd2842b
594d1602c1e3e62,mc/lit#4d5fe552
1fb1d4574eb1e0ee,mc/lit#4e7123f0
296b2672c0060a6c,mc/lit#4f7c4e2c
4ab986b14388f6f4,mc/lit#50d8edac
bd758c56fe6bdcf,mc/lit#53eb8d0d
2e5444027addaa63,mc/lit#54d39460
4a74616818a3ffd4,mc/lit#5548e391
6fbb333f560cf075,mc/lit#55cbdeb1
1ce47a682863fca6,mc/lit#56679287
1ce4856828640f57,mc/lit#56679288
e05aef44ffe5c9f,mc/lit#56716cab
52b3ee2a2ce72702,mc/lit#56af2949
2b811638c8fa5b7d,mc/lit#58f638a6
5649dae2655ae6d9,mc/lit#59a2d72a
3cfa56d9b8fff4b3,mc/lit#5bf05917
515709195077069b,mc/lit#5e5090c6
51570819507704e8,mc/lit#5e5090c7
132eb62d85dd915b,mc/lit#5e5c24eb
4de58b44fe67e8e2,mc/lit#5ec90c72
7c0bc066fe7c6624,mc/lit#5edce8a1
3639a33c403c1ef4,mc/lit#61d09682
7e21121c141dc5da,mc/lit#64bc8610
6b853cd25ac7350a,mc/lit#64f55000
28bf2f9865f9f501,mc/lit#678c2e82
6e0bdff3b41f0f0d,mc/lit#67ff24e7
67dea9eb9512a137,mc/lit#68fa4141
67deaaeb9512a2ea,mc/lit#68fa4142
6e2d739848d08ea5,mc/lit#6b3727c9
e95241dbb61055a,mc/lit#6bb643d9
6673ae5863bd6b59,mc/lit#6d71a4b0
59ce91fc9291a81d,mc/lit#6ec357f0
59ce90fc9291a66a,mc/lit#6ec357f1
42ad86054977b5cd,mc/lit#6ec7b8ca
42ad83054977b0b4,mc/lit#6ec7b8cb
37ab70a9545e4ea2,mc/lit#6f0aeeb3
f83d979e823cd45,mc/lit#7151fe0f
6c3516d48536070d,mc/lit#71b640f1
1f22a7642c37ccf9,mc/lit#723548a7
1e30850d0c7a04b6,mc/lit#72cde911
63e4f0fc0d8a0707,mc/lit#72d249eb
63e4effc0d8a0554,mc/lit#72d249ec
38885db621ac5d03,mc/lit#7374aa26
1d5292a4f12d02f2,mc/lit#76ac562f
1d55e2a4f12fc0b9,mc/lit#76ac5630
5848dd9d5569515d,mc/lit#77c50d67
6757d173409b34d3,mc/lit#78129be7
29b489f2ae3a4711,mc/lit#781bf8a2
2ca49f64c3ef2632,mc/lit#79401728
4dfff822116e3c8f,mc/lit#79aff3da
4dfff922116e3e42,mc/lit#79aff3db
14bcc1cc3929c97b,mc/lit#7b0649c8
78616b95b4a5ba6a,mc/lit#7bcf9e88
68b4cd3f4489127a,mc/lit#7e1ae64a
16b7aa354e468fda,mc/lit#7e8abf90
7933697506ee311c,mc/lit#8055812a
79336c7506ee3635,mc/lit#8055812b
3d4c4b5eeda2fe7d,mc/lit#80c716e3
3d4c445eeda2f298,mc/lit#80c716e4
15028b1dd806aa6a,mc/lit#80c79bf7
63839e86f9e64154,mc/lit#80cb3e83
7e200dc8972e65cf,mc/lit#80fabed1
53c3ee73e5b47b3e,mc/lit#81de0969
67e7eab6a6540d8a,mc/lit#82395142
67e7ebb6a6540f3d,mc/lit#82395143
7d337e286bc35223,mc/lit#8460124b
99f741a11c4b623,mc/lit#86b0b4b1
57562ecfb25c8f94,mc/lit#880267f1
3f1c632e549e0587,mc/lit#8904c70b
3971730cf4c75243,mc/lit#8af550f2
8bb7ea33c5400b8,mc/lit#8bd06f8f
474acc8f47366bc4,mc/lit#8d0f582c
462b1b591873670c,mc/lit#8fe9136f
70267e4e4aa6abad,mc/lit#8feb6631
60ab396471faa30,mc/lit#906e6150
260ac7565d8ca6a4,mc/lit#90c11509
260a8f565d8c477c,mc/lit#90c1150a
d5dd3c39c087c72,mc/lit#9151abe8
600124f3d78a9d7a,mc/lit#91e33966
5ca2a9556e136d45,mc/lit#9254df43
5ca2a2556e136160,mc/lit#9254df44
3f76f1c7d679a5e2,mc/lit#93620f31
3273e59156bf9d3e,mc/lit#94cba62a
3273e49156bf9b8b,mc/lit#94cba62b
282bc2cd745a54b2,mc/lit#94df76b2
1267da978ce4dd47,mc/lit#9757c4ec
60e2fbb221bc11fc,mc/lit#9a39ced2
4fc129dc2b360ab0,mc/lit#9a642529
7a6d2ca5554c25c,mc/lit#9b3957b7
4765148f0da2af1a,mc/lit#9b587dc8
7b4d6cd513fe9aea,mc/lit#9de723e7
740819f04eceab44,mc/lit#9e334a63
70b1d31cb88c6ee9,mc/lit#9f2fe221
6615bf1f417e6433,mc/lit#9f7e58e8
962df23e07a3cc5,mc/lit#a24edd69
9633723e07ad24d,mc/lit#a24edd6a
321b7d3cf743006b,mc/lit#a2a1a786
321b7c3cf742feb8,mc/lit#a2a1a787
67afd759f4a20e40,mc/lit#a3417c07
67afe659f4a227bd,mc/lit#a3417c08
400304b81203a16d,mc/lit#a3b9f7b3
49ec3d92433cac53,mc/lit#a4b30be6
3c3ccc4eb4a73203,mc/lit#a6596e8a
5ff68ef1bfba6ceb,mc/lit#a6cb0443
ad815c99abb5b29,mc/lit#a9ad7151
67714f1eedf2c730,mc/lit#a9b7262a
54a44ef0dced8f55,mc/lit#aa00250b
41d06081f3f338a2,mc/lit#aa3efecf
665af6a83d64fd7,mc/lit#aafe234a
28e3488ea8338a1f,mc/lit#ab224967
24b6c10780b6ac0,mc/lit#aca11f32
44fba4ac4ccbbf0a,mc/lit#ad371879
1fed4ee02219f0e,mc/lit#b2feb90f
cda48ac7d89fde8,mc/lit#b3b44331
633a632cd909917e,mc/lit#b44e3b82
633a642cd9099331,mc/lit#b44e3b83
231c385c2b9745df,mc/lit#b470f295
7f5dcfa479cb73b0,mc/lit#b47867b8
4eb4db2cfc6559d0,mc/lit#b4c0564f
380cb77064ae0ae2,mc/lit#b5395763
52ca6cb011465497,mc/lit#b5f266f0
5e276b400a45b1dc,mc/lit#b7da1e51
22ec35b37bd09529,mc/lit#b858cca3
3cf55f5b4a436607,mc/lit#bafd6cef
3574e4e1b9de8578,mc/lit#bb8ded6a
3574e7e1b9de8a91,mc/lit#bb8ded6b
4fd38f4742791831,mc/lit#bb9d4170
4fd38e474279167e,mc/lit#bb9d4171
a71ec45dd7401d1,mc/lit#bcfd8163
1e64eba6a9a3b5ac,mc/lit#bff5a1b7
1281156cdf4d8ac2,mc/lit#c37baad1
32d27045539c6d91,mc/lit#c37e0ed0
7c42eff4baa86868,mc/lit#c43d334b
7cdf8869adc7f316,mc/lit#c44839a8
7cdf8969adc7f4c9,mc/lit#c44839a9
3f47cc02ecb9636a,mc/lit#c4b9cf61
3f47cb02ecb961b7,mc/lit#c4b9cf62
4c18c33bc895a2c8,mc/lit#c73be789
3440b14466945444,mc/lit#c852cac9
2fa4f6f7b2fd820,mc/lit#c8c46082
56e40b71235df537,mc/lit#cadee98b
33832cd9511a3ad,mc/lit#cc85bc05
3382fcd95119e94,mc/lit#cc85bc06
2f3fed939f52fd0e,mc/lit#ccccb7fe
45c8113788fee89c,mc/lit#ccf35332
7f0fd6dec6a0640f,mc/lit#ccf77f89
6b2b478611b2cec5,mc/lit#cd8d4b84
5aa96ad25445a8a0,mc/lit#cdb00296
3dc38f6cc71bd6bd,mc/lit#ce5cdf81
1c0920a11d25ec7d,mc/lit#cf15722c
1c0919a11d25e098,mc/lit#cf15722d
62bedae5cf4c859d,mc/lit#d0904d26
3351fa18a0475516,mc/lit#d0c15ad0
728f4102bdf4a67f,mc/lit#d40d63b6
728f4002bdf4a4cc,mc/lit#d40d63b7
79af7d88f65c3af3,mc/lit#d4dc5171
66b15f7cbaa7a05f,mc/lit#d55f4c91
66679e6b7d1be32,mc/lit#d57bfddf
1abc25c8dc3ae059,mc/lit#d5dbda56
b6fab8515539304,mc/lit#d63c9164
4052954b3daa2e0f,mc/lit#d64797c1
4052964b3daa2fc2,mc/lit#d64797c2
5a4d3f2e7a6211bb,mc/lit#d65f4877
61ae505bd5ffa3bc,mc/lit#d66a4ed4
4fa8dae10beb80d0,mc/lit#d6d424a7
4005278861e23deb,mc/lit#d7b4f30e
238a6bf6d7541bc4,mc/lit#d90e0efc
6c0e8aeeea0470bd,mc/lit#da5228e2
5b45097c2c250483,mc/lit#db4a7d6a
142ad3c8d71a7e1c,mc/lit#db6796f4
145eea8f6b0b5a90,mc/lit#dd8749a9
145f228f6b0bb9b8,mc/lit#dd8749aa
5730bd9583d1dcf1,mc/lit#de8ae592
69a72bcac6cd3eb0,mc/lit#def6dda2
45ac9cc3bc358aa8,mc/lit#df1994b5
4dfebbfb770e9e92,mc/lit#df2aba13
5880dfe2f546256b,mc/lit#e06438ef
7b0138a7b706ad43,mc/lit#e12fd2d1
823777a0ccf9d0c,mc/lit#e3016ec3
5eebe8645bf973f8,mc/lit#e4551f48
316f01c9e68b8dbc,mc/lit#e46f4429
2dba6ca0636b9975,mc/lit#e4e1816e
2dba69a0636b945c,mc/lit#e4e1816f
76a7ed741fbb523d,mc/lit#e5c4cc06
566941daf97b3a8f,mc/lit#e6368f8a
40d6e98c96dac4e8,mc/lit#e69b8c47
69ffcd40ef942138,mc/lit#e7160218
19dbbfc98e389ae8,mc/lit#e7dddf99
e2cde7c7a86409c,mc/lit#e8326749
39dc24f77bc40c28,mc/lit#e8ec128f
39dfc0f77bc74b13,mc/lit#e8ec1290
183e681bdde3e479,mc/lit#e9df18b2
65e8a8088187ba37,mc/lit#e9e523ac
1d8d5afb6b1777c,mc/lit#eb1fd839
efe16c79e87044f,mc/lit#edcd00cf
3fe28228b83a6d07,mc/lit#ee379fbf
6898be4bb4b4bc7d,mc/lit#eec6143d
1d03479f6e191d78,mc/lit#ef2fea10
1d8638ac7f8fac48,mc/lit#ef86a7c2
4c28022306a12740,mc/lit#f01334a8
1ba0a22321361b26,mc/lit#f10ece6b
1ba0a32321361cd9,mc/lit#f10ece6c
6586688183007ad0,mc/lit#f24230e0
75cb41dfb576c61c,mc/lit#f25c99c3
2f59ec68f217264,mc/lit#f436abc9
35688e5f10a42bd3,mc/lit#f4513022
58a7c0f0d489c34d,mc/lit#f5195f8c
1bb2757666d95511,mc/lit#f65aae50
73ab3ffa123ed84f,mc/lit#f7755a1e
69678aa70b63ae14,mc/lit#f819b66f
4ef6f2a02f0069d7,mc/lit#f835eda3
7c74ccec2904cee4,mc/lit#f840f400
7c74cdec2904d097,mc/lit#f840f401
575917c536b044ca,mc/lit#f858a4b6
352157070f1d23c3,mc/lit#f87f2e07
520b0e69cd81ab24,mc/lit#fb1b27e3
7cbaf9d6448a3590,mc/lit#fb679acb
6e84117552b00a93,mc/lit#fc4b8521
6e84127552b00c46,mc/lit#fc4b8522
14334343f4a58da,mc/lit#fccb0992
a1dd9c28ed116f5,mc/lit#fe20916f
a1a9dc28ece7b2a,mc/lit#fe209170
ac9e9297a9dcae6,mc/lit_backlit#0226e866
200511528aad5100,mc/lit_backlit#07f89823
224f41a0a097ac51,mc/lit_backlit#0b5c3537
3d02545cc08cd31a,mc/lit_backlit#10b625b7
35abc7129c8e1a75,mc/lit_backlit#1cc63b0d
5ebbd5dd57c422da,mc/lit_backlit#211df8a8
22057379a10e71ec,mc/lit_backlit#246d6805
881a6d87d39a4d,mc/lit_backlit#254cdb3c
7345586a4d195941,mc/lit_backlit#32bc751e
47f3f8e3a53497d8,mc/lit_backlit#32d85524
71c1445ede6e7a5f,mc/lit_backlit#42d06266
75915f7d3d5d865a,mc/lit_backlit#5ba34f06
72c95a2f913b935c,mc/lit_backlit#5db81225
6e3ab011cc10686c,mc/lit_backlit#5ecbee57
586b63e8eed4cf48,mc/lit_backlit#620c55ee
3f170314cad7a78a,mc/lit_backlit#7222ef65
26410963cc9b6acd,mc/lit_backlit#7302629c
1e5554f60af48c93,mc/lit_backlit#7692fc56
5ce261c1282eefeb,mc/lit_backlit#84bb4785
625723ebad515e32,mc/lit_backlit#859ababc
63af89599befa3d,mc/lit_backlit#9c26deaf
36008ab972763183,mc/lit_backlit#9d0651e6
1ae76e082fd0929f,mc/lit_backlit#9e7b26f5
17e9a84d70d2ccb4,mc/lit_backlit#9f5a9a2d
5ad6030d518e69f,mc/lit_backlit#a1d908e6
2789f6ab56e4733b,mc/lit_backlit#a2b87c1d
1cf51b096960282c,mc/lit_backlit#a9779426
394f550c439116e2,mc/lit_backlit#acc98d0e
780cc2d022b708c2,mc/lit_backlit#af5edc34
7e0032dd31d521f4,mc/lit_backlit#b4199934
1933c30ff6b70c67,mc/lit_backlit#b4f90c6b
49f3564f29c66eb6,mc/lit_backlit#b550d43d
53314e26d2780fa6,mc/lit_backlit#c0551391
26e6453a1a5faab3,mc/lit_backlit#cbb2ad3c
174d8d68bb47f91b,mc/lit_backlit#cbe0a733
1861c1a59e660e3f,mc/lit_backlit#ccc01a6a
6e67d25f2fbd451b,mc/lit_backlit#cf10b3ad
6110ebf3bfd234c,mc/lit_backlit#d141ac76
47229690c6bc625c,mc/lit_backlit#d447e47f
758ac0b1845a5a72,mc/lit_backlit#dc7260fe
2d2acca65a886243,mc/lit_backlit#f4b74e84
2d2acba65a886090,mc/lit_backlit#f4b74e85
5d99a126d4a1cc5b,mc/lit_backlit#f4e70530
11980812a6cd117f,mc/lit_backlit#f596c1bb
c5730638af8134b,mc/lit_backlit#f5db560b
17150f2202e1432e,mc/lit_backlit#f8ef17b8
4a8cda042fc069c4,mc/lit_backlit#fb68c6bd
2a707d5c7c05df23,mc/lit_backlit_scroll#4928cf20
187eef68f063ea37,mc/lit_backlit_scroll#c7f52669
23f9eb856f638700,mc/lit_emissive#026952a7
12728981e6d50e93,mc/lit_emissive#064b06cf
6c125ccef9080df7,mc/lit_emissive#06d7e12d
7c99de0e6b51c4e2,mc/lit_emissive#0813880b
43d59cae834c0188,mc/lit_emissive#0c008568
5e24e360bb3743c5,mc/lit_emissive#0c770819
f47a328cfd83852,mc/lit_emissive#0c8a3bf1
623ba8cde9bcccc7,mc/lit_emissive#10827bb1
6d53e8a71aaa7295,mc/lit_emissive#10b889c2
5c167343b00b1bd1,mc/lit_emissive#127a9849
7486a10d1c084377,mc/lit_emissive#13b25d24
7206c17e0c7336d4,mc/lit_emissive#144721cf
6d031e31fe36c97a,mc/lit_emissive#14c7d551
42697ed914316d26,mc/lit_emissive#16bba2b0
73cbc55965f98f01,mc/lit_emissive#173a21c9
65f3d26e0e96e2cc,mc/lit_emissive#19a91bab
60e42cd5f4214f28,mc/lit_emissive#1a0a4d87
444e2dc1d87ca7df,mc/lit_emissive#1a0ebdec
329c2721b7ada754,mc/lit_emissive#1b34645a
5c1e97fd10803456,mc/lit_emissive#1cfe2021
21a4b1a98921a2bf,mc/lit_emissive#1d37edcf
1762872eca6e4db5,mc/lit_emissive#1e456558
3c8b35540fff615a,mc/lit_emissive#1e9565f7
28e04baa2eef0df6,mc/lit_emissive#1e9ff216
150392e4f9fadfd1,mc/lit_emissive#1f327246
1c6efef65dacc507,mc/lit_emissive#1fb30603
11fa8c1960248eb4,mc/lit_emissive#211a10d6
58765eff44f0c0f0,mc/lit_emissive#222032de
377e5ceb50a9f34a,mc/lit_emissive#23aff36a
704511310a4a6656,mc/lit_emissive#240d91e1
502021269dd9d58e,mc/lit_emissive#24ec28aa
5f3b840386576153,mc/lit_emissive#25695b71
7edee6894a5e92ea,mc/lit_emissive#25eeec21
5d3df078c3139954,mc/lit_emissive#263dc530
2de69b04dd0d4aa1,mc/lit_emissive#26843a47
33671ce54af3568,mc/lit_emissive#3025c50b
56f44101f802d9dc,mc/lit_emissive#307f2ff0
20c29251996dcf88,mc/lit_emissive#30cd1a37
4bfbec4e550ecc1c,mc/lit_emissive#319390ed
49f1347b38adc8eb,mc/lit_emissive#3193bf67
79cbdda8224efa64,mc/lit_emissive#31b96643
331e85fa0bfc1145,mc/lit_emissive#31bdd6a8
1baef7f73f50146b,mc/lit_emissive#331c3b62
5e67a82da6fea4b2,mc/lit_emissive#3575e26e
21739f77bed8aeb5,mc/lit_emissive#363b1228
787d1b1609413ccc,mc/lit_emissive#36557549
5f7770d4c0ac85f0,mc/lit_emissive#38e12fb1
338def3d16c3744f,mc/lit_emissive#3ba50848
5f625aa057f2e22a,mc/lit_emissive#3ddec010
2310e509cbed120,mc/lit_emissive#3de33075
1f30ced4f6963a0f,mc/lit_emissive#3e623e09
20f0860b7df6fa4f,mc/lit_emissive#3e66ae6e
6a1de17788975927,mc/lit_emissive#443c4dc6
7ec1800d5fae1fd6,mc/lit_emissive#4442e70d
1141c77a69da19ac,mc/lit_emissive#4489479e
7b1ecfaffab5f8e7,mc/lit_emissive#45570152
42b99557d75b8123,mc/lit_emissive#49669b67
440190f791f550b3,mc/lit_emissive#4aa979ea
77d9ec40aa7c8cd9,mc/lit_emissive#4cada343
74110af9cfa90234,mc/lit_emissive#4d69e10e
5b6eb25c7420232b,mc/lit_emissive#4d84bfa2
612130d844c013bf,mc/lit_emissive#4e19b7cf
2fe2fa8f7609ff1,mc/lit_emissive#4f5004e1
229de5ca15b2cbc0,mc/lit_emissive#523f020d
39448b6f85dbee0f,mc/lit_emissive#52b64dd4
6aec0330b224a8b7,mc/lit_emissive#542946ad
40b7c6c687e2273c,mc/lit_emissive#567e3398
3496b105f1999bf7,mc/lit_emissive#5873108c
c13c8e647f131fe,mc/lit_emissive#58f08010
58e912876f11571f,mc/lit_emissive#5a49fb2d
4021c1f92b4f6277,mc/lit_emissive#5b2fce0d
5ec52af78426b40f,mc/lit_emissive#5b89d8e6
4dcd871e16c01f18,mc/lit_emissive#5ddd3a10
35269e1bc3e115ef,mc/lit_emissive#5f315946
7645bcab77d1a409,mc/lit_emissive#61bb86ae
4ee209dd865211b6,mc/lit_emissive#62952bd0
17c46784f5a845ad,mc/lit_emissive#646611f5
74c62dd77bdb991a,mc/lit_emissive#656651b1
24a274af5c0f693c,mc/lit_emissive#67a54a68
432a69168848fd6e,mc/lit_emissive#6810c04f
5f1e28d5647e5dc9,mc/lit_emissive#683ba823
121ecb559ff732b0,mc/lit_emissive#68ec20d4
eaca27c843bcca4,mc/lit_emissive#69cd5485
7017c891e114e231,mc/lit_emissive#6d434a54
303d284fa3e0e08c,mc/lit_emissive#6db03ac9
538cb1a92ecca27d,mc/lit_emissive#6ec710cd
372242529bdb7dee,mc/lit_emissive#6fa7dec6
3e639641fdf2bed2,mc/lit_emissive#6fac4f2b
92acd4f9fca6c5d,mc/lit_emissive#6fb050a5
5054f9c68477d52a,mc/lit_emissive#70178942
45bd831c69a10b38,mc/lit_emissive#70cc0137
26504dd1fa2eedd7,mc/lit_emissive#70e57d10
26a8efc8f161ffe5,mc/lit_emissive#71dc2352
fa36a6400c19086,mc/lit_emissive#723bf3e4
76619d494f42ab81,mc/lit_emissive#72dee6c9
16a772fb84f992f1,mc/lit_emissive#733a6b4a
15476c41926a1ae1,mc/lit_emissive#737434ef
df7297770bf1bcb,mc/lit_emissive#754b456d
5a12aeba7b853ae4,mc/lit_emissive#77fdb936
44f9aeb4d6a586e1,mc/lit_emissive#7b9808a0
6a68853b365842d6,mc/lit_emissive#7f044096
4bd18bec3fbfd82,mc/lit_emissive#7f49fe32
219ad365f54a1ec9,mc/lit_emissive#7f5e4b6f
68f4dde0c12b22fd,mc/lit_emissive#80fec50d
2ea4e291d1a2518e,mc/lit_emissive#812f3194
7abaf7ac8c5470c6,mc/lit_emissive#82a35b8a
40e8c055551d1896,mc/lit_emissive#8305cbcf
59d342a36da69fab,mc/lit_emissive#849b60a5
17931416f52aa7a6,mc/lit_emissive#85b68d3b
1bf1ade8d0c031b1,mc/lit_emissive#85f52d47
2b337e280f906da4,mc/lit_emissive#88208f75
2ecc50b1daa0f904,mc/lit_emissive#89063bac
78478d6f78dcf21,mc/lit_emissive#8cc954f1
4cf58543b591fb62,mc/lit_emissive#8eae77b9
3192c845d1b49171,mc/lit_emissive#91066328
637c8488c008ae42,mc/lit_emissive#9244e970
5e1d30a9f940352c,mc/lit_emissive#924b82b7
4126f36ff7b01a7c,mc/lit_emissive#9360122e
577569f0b95f68e4,mc/lit_emissive#948b1b62
28e574df7f2cbc9,mc/lit_emissive#98a4a008
3a5f8f47fe4e85b7,mc/lit_emissive#9ace0421
5c45db5497678c87,mc/lit_emissive#9b74db21
5b9f875496da66a4,mc/lit_emissive#9b74dbee
4dba127465028db3,mc/lit_emissive#9b794b86
7be0b6d53cad55de,mc/lit_emissive#9c3fff89
18837ed724ed67c0,mc/lit_emissive#9f6c7b29
43862303e882bd35,mc/lit_emissive#9fecce82
5797e08956643db5,mc/lit_emissive#9feff922
5b1524ec4afcd41f,mc/lit_emissive#a5e3e949
270f2c0a04beec16,mc/lit_emissive#a608a08d
3301ac4b2de9eba2,mc/lit_emissive#aaa2ca0a
461ea25a726b0026,mc/lit_emissive#ab370834
2c457e468a62c276,mc/lit_emissive#ad8ebdb0
328225f814e3a2bf,mc/lit_emissive#b106f107
7b6cd637fab37c08,mc/lit_emissive#b17975be
48b113b0fa59e567,mc/lit_emissive#b2636a69
4eee67a4544ef5e9,mc/lit_emissive#b3c84cc1
7b7ea5ed4d4c6a2e,mc/lit_emissive#b4f5f40a
49263b04faf202a1,mc/lit_emissive#b77a4253
7eecd3b4f3aa794f,mc/lit_emissive#b83dfac0
19672eb502cd9501,mc/lit_emissive#b83dfb8d
7615346333341f5d,mc/lit_emissive#b8426b25
60be3f71482c7c20,mc/lit_emissive#bb17a5d6
6bf4568de99edf86,mc/lit_emissive#bc791291
5b0b449b9f386824,mc/lit_emissive#bd562bad
abc727ac288144a,mc/lit_emissive#be6f3d35
71f5c6ae14fc9665,mc/lit_emissive#bf494daa
6a0ae7ae10b6c9d6,mc/lit_emissive#bf494e77
163f83928c12e67b,mc/lit_emissive#bf4dbe0f
4df89736758a4893,mc/lit_emissive#bfb44281
107d84e0c918e6c3,mc/lit_emissive#bfd481ce
16a357f865e4b18,mc/lit_emissive#c06b2b45
6f4fe2fb953df37c,mc/lit_emissive#c1005c79
3c864108074f32ef,mc/lit_emissive#c2e58fdb
584d7d13112cfc1a,mc/lit_emissive#c4be8ba1
6b4092c5ee924acc,mc/lit_emissive#c58ee037
205b318b476d81a6,mc/lit_emissive#c5ad74a7
27b3f37e25f9d806,mc/lit_emissive#c604cec8
3fda4b19beb8459,mc/lit_emissive#c6974bcc
6035e11af9499bb7,mc/lit_emissive#c6bfc7a7
14d9273f92e26513,mc/lit_emissive#c98532f1
125c07b2ab5fa1f3,mc/lit_emissive#c9dd1316
7a0d7a3cc9de9093,mc/lit_emissive#c9e6f1cf
6af55df78f475939,mc/lit_emissive#ca4a2721
254487158ddb72b7,mc/lit_emissive#cdb268aa
54a9c94846da13bb,mc/lit_emissive#d1345d42
3a14d69ea35b0ef,mc/lit_emissive#d285f310
42e13104126e70c,mc/lit_emissive#d36d32cc
2564aac2afd374e1,mc/lit_emissive#d3a98fa7
47dc40161c3d4fb1,mc/lit_emissive#d5054469
a1cb17573fe662d,mc/lit_emissive#d6bff8c2
24f96cfff0e0cf22,mc/lit_emissive#db0340c2
9d30bf17ec2c9cb,mc/lit_emissive#dc126d49
12f3b1f1841037ec,mc/lit_emissive#dc126e16
537f7652a72f872c,mc/lit_emissive#dc16ddae
7f7d1eae3794ec40,mc/lit_emissive#dd5cd7e4
54bcfbef19ddb7c,mc/lit_emissive#de9d44ea
2d19712b2f8cd90,mc/lit_emissive#e08d8b4a
bd8726c5d2408d9,mc/lit_emissive#e2769446
354ec9671eb984fb,mc/lit_emissive#e2aea845
7d4a90ca3a6c6267,mc/lit_emissive#e335ca63
34480b5179e8cf2e,mc/lit_emissive#e388f86b
14d665d575b6c5ab,mc/lit_emissive#e4cddc00
784667d52a67c26e,mc/lit_emissive#e6ba0264
7f3a914cdf7ce2d5,mc/lit_emissive#e89f1aad
7ef98a89d6b5f609,mc/lit_emissive#e97d76cb
2567ad2598177b1a,mc/lit_emissive#e981e730
62223a5020874053,mc/lit_emissive#eb1bcec0
27b9da85962096fc,mc/lit_emissive#ebf956d3
1c99bc26a7d862da,mc/lit_emissive#f072af46
1c185af91f76b12b,mc/lit_emissive#f12e94cc
4aeed79bc1f720e7,mc/lit_emissive#f143ada1
1df0118ef1551b16,mc/lit_emissive#f2a5c7e5
649819eef8a901cc,mc/lit_emissive#f2f796f6
6971f83977365384,mc/lit_emissive#f4113c37
10459dfe96ceaa44,mc/lit_emissive#f4f5bb7d
2a547cc5a3ce6511,mc/lit_emissive#f930a09a
18b050bbfc414f49,mc/lit_emissive#f9637b46
3fb6f085013c3725,mc/lit_emissive#facb7f8d
401795b4d3486f96,mc/lit_emissive#faebf741
3d8b963832f365ae,mc/lit_emissive#fd412de8
779a3b3d7ba6cb7f,mc/lit_emissive#fd459e4d
738f2fb1ffb351e8,mc/lit_emissive#fdb97f42
144987a87b3402fe,mc/lit_emissive#fef00bc8
1f776013dbd79f3d,mc/lit_emissive#fefe5978
44ec54fcc7765d3d,mc/lit_flag#0a5af34d
1b42c37c6382cdd2,mc/lit_flag#5836f0f7
649e9ad2d474c8a6,mc/lit_flag#5aae9637
487e092006c1104e,mc/lit_flag#844e51dd
193508de452e69e4,mc/lit_flag#8741ffbe
70b8078394dc5a14,mc/lit_flag#a5b06b30
5de47d8660947d4f,mc/lit_flag#ab41308e
4cfb8773852b0eac,mc/lit_flag#b9c858f6
4cfb8873852b105f,mc/lit_flag#b9c858f7
62628c359e8877cb,mc/lit_flag#c5594b88
62628b359e887618,mc/lit_flag#c5594b89
213bcfa776d2fc59,mc/lit_flag#d4e0ec34
3ca7bd6220a0495e,mc/lit_flag#d7d49a15
316f99e28441d8d0,mc/lit_flag#e26f5fef
3dff1d5c14002500,mc/lit_fxanim_cracks#a8811cd6
75def35d7ea087f3,mc/lit_micro_tiled#03e74976
2c2701aca3b6e295,mc/lit_micro_tiled#12e54138
5598c33346e6676d,mc/lit_micro_tiled#1ac1917b
1db6e2c9df5fac9c,mc/lit_micro_tiled#1bf3bc3d
54d90f769f1135cc,mc/lit_micro_tiled#25a8957c
54d90e769f113419,mc/lit_micro_tiled#25a8957d
5a82294f28c9b4e1,mc/lit_micro_tiled#2bab5c8f
378c0f3bbe026f2a,mc/lit_micro_tiled#301da234
52983bf3c4b8ea5a,mc/lit_micro_tiled#3608dece
52983af3c4b8e8a7,mc/lit_micro_tiled#3608decf
8f98d38fe51f149,mc/lit_micro_tiled#37b962ee
798618fcdee08d9f,mc/lit_micro_tiled#38fc8cb0
69e3e92dcd0f3835,mc/lit_micro_tiled#3e123d87
7f4d2b21a029365,mc/lit_micro_tiled#5344cbf6
941e06fcf9498a9,mc/lit_micro_tiled#68188c4a
4c51d87182f05816,mc/lit_micro_tiled#68d97dd4
7788adc30ef68c58,mc/lit_micro_tiled#6a585abd
6e6fcea00eeff8,mc/lit_micro_tiled#6a9805c4
14f9d9fd40381282,mc/lit_micro_tiled#72c691f2
54fc5e910e734b8a,mc/lit_micro_tiled#789b1f94
6d26ab4d5cf0486a,mc/lit_micro_tiled#7af101f2
9bc0e2f47d1162a,mc/lit_micro_tiled#87480b87
4cd998b42ea9dc86,mc/lit_micro_tiled#8b220611
5d2b5220a99825d6,mc/lit_micro_tiled#8e7fb976
5de039b1a6eeb56c,mc/lit_micro_tiled#91bc3b48
4fa86e1c2ef2dc9d,mc/lit_micro_tiled#99818949
4fa8361c2ef27d75,mc/lit_micro_tiled#9981894a
7f94af5f991ba9c0,mc/lit_micro_tiled#9ad83a60
37925ac5017ff861,mc/lit_micro_tiled#9c1c110a
1a97015befd00c4,mc/lit_micro_tiled#9de9c95f
110ae7fb72098565,mc/lit_micro_tiled#af1a0be5
5c69441902a8a3fe,mc/lit_micro_tiled#b8cee524
7f29c84fb68586fb,mc/lit_micro_tiled#bb476a45
41b43a46b2a1ef81,mc/lit_micro_tiled#bba70951
41b43746b2a1ea68,mc/lit_micro_tiled#bba70952
65a17f27b8a1938a,mc/lit_micro_tiled#bde0780b
f99eee7891ef19b,mc/lit_micro_tiled#c84043cf
7401c578e1349132,mc/lit_micro_tiled#c8ba71ff
698f9e7e75d765f9,mc/lit_micro_tiled#d7f77008
31e9d0aed6a4ed0,mc/lit_micro_tiled#e1b903b4
6088df1f798aed59,mc/lit_micro_tiled#e22ddda3
1dc668e6ea90e9f3,mc/lit_micro_tiled#eb6ddcf3
1dc66de6ea90f272,mc/lit_micro_tiled#eb6ddcf4
5d9e56baa946ab7b,mc/lit_micro_tiled#f0b67e54
41a9fed979214d70,mc/lit_micro_tiled#f3099dad
1208aea344c8633b,mc/lit_micro_tiled#f5ff1fb5
27b9396ae728351d,mc/lit_micro_tiled#f70ac72c
b345ad8190f660d,mc/lit_transparent#06f363a7
77e9d8accd1bcdeb,mc/lit_transparent#08512299
6aced88c7149166c,mc/lit_transparent#0884a23e
2b20399b6a4b0e3a,mc/lit_transparent#12c42bc6
4ed4c869fc4804c0,mc/lit_transparent#1690dc40
21debba5d23ad2ef,mc/lit_transparent#16cebce7
709398899ae9aad2,mc/lit_transparent#1a00003d
2d966b5b4485a0c1,mc/lit_transparent#1a9b6d61
5a26b9a269d57cb3,mc/lit_transparent#1bf6c6bd
1092ed616ccfb5ad,mc/lit_transparent#1cb52e99
6df843ab22e7a13a,mc/lit_transparent#1e0a915e
291252a55cbd0f26,mc/lit_transparent#1ec0b7c8
7a1b3531f71a355d,mc/lit_transparent#1ec8f667
10788d92d689b5bb,mc/lit_transparent#2cce443d
10788c92d689b408,mc/lit_transparent#2cce443e
3cf97d823cf562b0,mc/lit_transparent#2fee11c0
64393906c7fadb69,mc/lit_transparent#30d8d55e
4aed941c831933e,mc/lit_transparent#321bb120
134531ad05fca4f2,mc/lit_transparent#33f8a2e1
7b9d56ce5907988a,mc/lit_transparent#3a5ab19e
7b9d55ce590796d7,mc/lit_transparent#3a5ab19f
25733ed100015389,mc/lit_transparent#3a5c5d41
ca8d4c13b3954c,mc/lit_transparent#428eb1f7
ca944c13b3a131,mc/lit_transparent#428eb1f8
7873ebe3aaeb2448,mc/lit_transparent#449a3b26
62d82ceb80c4737f,mc/lit_transparent#462b79bd
a9255b83c6ffe7b,mc/lit_transparent#46994318
4fbf980ff563ec01,mc/lit_transparent#48a4cc47
13fa4544e795089f,mc/lit_transparent#4f4492fe
2e44fd62243b7004,mc/lit_transparent#537f0c5f
3609a4cef56a7f64,mc/lit_transparent#57c423e2
8b3ceb797c533f,mc/lit_transparent#5c678f47
6c651a8dc33e485f,mc/lit_transparent#5e27de42
7a662220ebf5c6c2,mc/lit_transparent#665a32f8
519b68e61c990ab6,mc/lit_transparent#7586e420
2c829bf15476c401,mc/lit_transparent#7801891d
31596b81a1def2c3,mc/lit_transparent#7d4ef600
579148418421ae20,mc/lit_transparent#7e194748
eeff7d21df5d9f9,mc/lit_transparent#7faa85df
714914ff6459caef,mc/lit_transparent#824112a5
714915ff6459cca2,mc/lit_transparent#824112a6
5dd328cb0d176936,mc/lit_transparent#864ba3c6
5dd329cb0d176ae9,mc/lit_transparent#864ba3c7
1285d73ac160d607,mc/lit_transparent#9125e3de
983cf4c3a29aa6d,mc/lit_transparent#93820e8e
1a6a88b15eaa0600,mc/lit_transparent#95e69b69
7f72b4290d93564a,mc/lit_transparent#9de1529d
2ddc83626b74c144,mc/lit_transparent#9f6af89f
2ed141626c44bc96,mc/lit_transparent#9f6af8a0
86375ac93797c07,mc/lit_transparent#a37589c0
6b4aded16f5da8cc,mc/lit_transparent#a3faa038
461333c49e557c5c,mc/lit_transparent#a650528f
bd09b42fe41b630,mc/lit_transparent#a6e65198
73bcb678ec219542,mc/lit_transparent#a8dd1818
5c620bec3ab6c90d,mc/lit_transparent#b5a8609c
5c6204ec3ab6bd28,mc/lit_transparent#b5a8609d
518dcb1634380b1,mc/lit_transparent#b9b2f1bd
7f9ee271022b89e3,mc/lit_transparent#b9b49598
109dd2bf5a7cc86c,mc/lit_transparent#bbc01ec7
22797e6ce7d96080,mc/lit_transparent#bd515d5e
24b22043d0613c84,mc/lit_transparent#bdbf26b9
3dce1355b9998281,mc/lit_transparent#bfcaafe8
69fc168b63a37295,mc/lit_transparent#c33679a0
6ecb12abfb399627,mc/lit_transparent#c95627ff
6bcec8ae72f24c8c,mc/lit_transparent#cadf7662
501d9cec1620e870,mc/lit_transparent#d311cb18
4645d472867afb63,mc/lit_transparent#dc5928be
25a867af2e4658b6,mc/lit_transparent#dd801699
422767ab4d6303d7,mc/lit_transparent#e18aa7ba
610eccec76a5c38f,mc/lit_transparent#e698b246
c78d3068a4967a7,mc/lit_transparent#e701faa1
c78d4068a49695a,mc/lit_transparent#e701faa2
4785f1555321d78a,mc/lit_transparent#e88f78c6
706d7e4be8e829ad,mc/lit_transparent#edd8a4bd
7fc232d7a5df47b9,mc/lit_transparent#ef276cbe
13bdda73afc6fd84,mc/lit_transparent#f966f646
13bddb73afc6ff37,mc/lit_transparent#f966f647
d2269c389a6f76b,mc/lit_transparent#fd718767
5a144f3fa4d7ab44,mc/lit_transparent_backlit#53c06ae3
340918333caaa42a,mc/lit_transparent_backlit#8bd1b64c
fd0ef3fcbb5e886,mc/lit_transparent_backlit#a5639d62
6aae9d7dc080b91,mc/lit_transparent_backlit#dd74e8cb
447f2ed5efd53224,mc/lit_transparent_micro_tile_mix#0b2c56cc
353efbb8241eb309,mc/lit_transparent_micro_tile_mix#2e6e3374
6b5cfea12840ff0e,mc/lit_transparent_micro_tile_mix#38e0c14d
27515a8937842601,mc/lit_transparent_micro_tile_mix#7ff74553
7b38a94fb4cb2240,mc/lit_transparent_micro_tile_mix#829f662e
52c10e030e17020b,mc/lit_transparent_micro_tile_mix#914a76b3
2ec592cee1855b9e,mc/lit_transparent_micro_tile_mix#9de5e07a
4c8dd12a838d41a9,mc/lit_transparent_micro_tile_mix#a9e2135c
11684e3cc8840703,mc/lit_transparent_micro_tile_mix#bb3544bc
2d4e813f2a93c265,mc/lit_transparent_micro_tile_mix#d19a77d2
65eaa1b75431d28d,mc/lit_transparent_micro_tile_mix#d24828b1
108753a01a9a75a,mc/lit_transparent_micro_tile_mix#d44298ad
2915924a78442a25,mc/lit_transparent_micro_tile_mix#e5224cfd
6edefceef85532ba,mc/lit_transparent_micro_tile_mix#fb8545db
21b282ce7ef309f5,mc/lit_transparent_water_flow#3a83eab4
45f8ac493bec7c5a,mc/lit_transparent_water_flow#6e5cbc53
5fbc72331849f395,mc/lit_water_sim_flow_normal#40b1ec16
75e667d86950fcf8,mc/lit_water_sim_flow_normal#748abdb5
2f51a5ae070f7cda,mc/lit_water_sim_flow_normal#78e23037
7a1dd4b3b2eee29a,mc/lit_water_sim_flow_normal#acbb01d6
7605c7e048aff402,mc/lit_water_sim_flow_normal_color#3a83eab4
587ffc383940d255,mc/lit_water_sim_flow_normal_color#6e5cbc53
4adbea373a3d026c,mc/lit_water_sim_flow_normal_only_sun#3a83eab4
6931f5aabe05065f,mc/lit_water_sim_flow_normal_only_sun#6e5cbc53
4689a01a85eb7ca3,mc/lit_water_sim_flow_normal_only_sun_and_only_global_probe#6e5cbc53
50a1c7cdb7669e8e,mc/lit_water_sim_flow_normal_only_sun_expensive#3a83eab4
385a3e2dbb0c3961,mc/lit_water_sim_flow_normal_only_sun_expensive#6e5cbc53
7896540f6f30db85,mc/lit_weapon_camo#0bfc2871
68e58b39e6d6c719,mc/lit_weapon_camo#17cf9ce9
50d6fe1a72d947cd,mc/lit_weapon_camo#1d0fd3d7
2f4b1b1df01370c2,mc/lit_weapon_camo#46d380af
73361bc4059a9fb0,mc/lit_weapon_camo#4b1de1eb
679e93e0b91232d8,mc/lit_weapon_camo#52a6f527
679e92e0b9123125,mc/lit_weapon_camo#52a6f528
67fd42ba4d283534,mc/lit_weapon_camo#690f3b6b
67fd43ba4d2836e7,mc/lit_weapon_camo#690f3b6c
5d956ca520c84473,mc/lit_weapon_camo#86073b5f
6a2b97ce3b8ff10,mc/lit_weapon_camo#9e9d3150
62935c0991804eea,mc/lit_weapon_camo#a0a231bd
62935d099180509d,mc/lit_weapon_camo#a0a231be
543c930fb81e45de,mc/lit_weapon_camo#aa70a5c8
1c797bf7a5113896,mc/lit_weapon_camo#b9e00cfe
26cd354ada70f938,mc/lit_weapon_camo#d89bbf65
54121edbb44af8f0,mc/lit_weapon_camo#da25850a
73612a23b9f8f44e,mc/lit_weapon_camo#e2bda4bf
4f7a8e71d1234405,mc/lit_weapon_camo#f1a1f67e
4f7a8b71d1233eec,mc/lit_weapon_camo#f1a1f67f
59f653a9a684e3cc,mc/power_armor#a8811cd6
514da41363615e58,mc/reticle_dynamic_post_blur#c78950f0
514da5136361600b,mc/reticle_dynamic_post_blur#c78950f1
35db7173c87fe55e,mc/set_stencil_128#64dfc021
7d20a28843e6d07f,mc/shadowcaster#a8811cd6
5bff83ca2209d75d,mc/shock_field#80ca7e25
7024a98a002058a3,mc/skin#a8f5f5e5
7024aa8a00205a56,mc/skin#a8f5f5e6
657da53309dd08eb,mc/skin#aa2027a7
3e9a99dd42e5eb48,mc/skin#c8393444
3e9a9add42e5ecfb,mc/skin#c8393445
4bbb118abecde0ca,mc/skin#c8ce4d25
4bbb108abecddf17,mc/skin#c8ce4d26
624f9d67fe570dc9,mc/skin#c9636606
624f9c67fe570c16,mc/skin#c9636607
48546a834f8508f4,mc/skin#dc766846
48546b834f850aa7,mc/skin#dc766847
1dad0f441be3a7f9,mc/skin#eeb92f11
57e8041dc17f5cac,mc/skin#fbb9a6a5
57e8071dc17f61c5,mc/skin#fbb9a6a6
1812489d1bdc4461,mc/sky_hdr#67b3ee3a
299a75e4b7c46f62,mc/sky_latlong_hdr#389274ee
7ecb031a72ab5eec,mc/sky_latlong_hdr#56a94543
2ca183f654016707,mc/sky_latlong_hdr#8e73a682
49f8a32ec3cd2d6d,mc/sky_latlong_hdr#951bbfc4
8438c511fca46f,mc/sky_latlong_hdr#99fe632f
5b8be96d5e4c794d,mc/sky_latlong_hdr#e6ad3e44
5b8be86d5e4c779a,mc/sky_latlong_hdr#e6ad3e45
4b57b1de28d072a6,mc/sky_latlong_hdr#ff838ddd
f3855d646244c6b,mc/sky_latlong_hdr#ff89f021
236c43fe38530922,mc/sonar_frontend_breakup#64dfc021
1fa6e0a5de95c1d5,mc/thermal_scope#4a2b16e5
1b3543ea3e3c7b88,mc/thermal_scope#856b5087
214a98da4078dd3c,mc/tools_blend#64dfc021
6a2195c47feac24,mc/tools_blend_nocull#64dfc021
5a8eff08a52a21d5,mc/tools_replace#64dfc021
3f55005a678c6cd1,mc/ui_3d#64dfc021
43d4c21cfd7acd9a,mc/ui_3d_viewmodel#64dfc021
7cf792fed423ea,mc/vegetation#0832c84a
521355b1672edf34,mc/vegetation#1ae7769c
326f3807dcb13eee,mc/vegetation#1f8edd65
6c7821350156e9c8,mc/vegetation#2c151df7
4f5683826fba680c,mc/vegetation#3d911614
453844711c593781,mc/vegetation#42296abb
30ee99f1a46b2527,mc/vegetation#46bcf8f3
7bd44295570bd911,mc/vegetation#64d30a33
73849f8c67976c5f,mc/vegetation#6905c06e
52a219a82b9c90f,mc/vegetation#6c650d86
d7d5febaba0b413,mc/vegetation#8707f91d
654473cfcdc41893,mc/vegetation#94f44fa4
3b43cf99e74cbaf5,mc/vegetation#96a0af2c
ec7637bfe6d594e,mc/vegetation#9779f122
6f63bb7b62a4ff2c,mc/vegetation#9d97c1f4
a4a4b0e48951ffd,mc/vegetation#ae49ed3c
4d30088497aac178,mc/vegetation#afaf4db3
643e924e60816e06,mc/vegetation#b36e5ae4
62159f5db923b5d7,mc/vegetation#bff49b76
6b11123717719fff,mc/vegetation#c4d9b613
147cc13cacb7c57,mc/vegetation#d1709393
6e2b4ae7ccc56328,mc/vegetation#f8b287b2
6208f8a7e89809e2,mc/vegetation#f92630bc
42701cde474bec90,mc/vegetation#fc6cd3f4
79bcee2bcba4ef8,mc/vegetation#fce53ded
7e085cd6f9ed0f72,mc/water_shore#64dfc021
550df90813fd6698,mc/water_shore_igc#64dfc021
828c7816c986944,motion_vector_debug#a60c435b
778903f4a39f0815,out_of_bounds#4b5a811e
778900f4a39f02fc,out_of_bounds#4b5a811f
6feb7da21826568f,passthru_alpha#a60c435b
3b7ce8598316c837,passthru_setalpha#a60c435b
7b0d2737b3ef0cdc,passthru_vertalpha#a60c435b
7e5c855e5bbafaef,permute_debug_counts#a60c435b
3879e4d1f1650b46,point#a60c435b
2314bc341fd27542,postfx_aberration#a60c435b
6b494e37ace6dd68,postfx_blur_gaussian#a60c435b
30bbe76142cd2371,postfx_catseye#a60c435b
2166a9920f088093,postfx_chaser#a60c435b
1feca1a231f611e3,postfx_circlemask#a60c435b
a2739e213b6b3c0,postfx_cleanse#a60c435b
6d51dca4bf5898dd,postfx_cleansepulse#a60c435b
1e294b719a5f2283,postfx_codcaster_keyline#a60c435b
2c991a6ebe20eaac,postfx_dragonstrike#a60c435b
75ece300ce357b2f,postfx_eacpath#a60c435b
6cede8d8c9fdf5b8,postfx_edge#a60c435b
330a6063a2b8fdd,postfx_electrified#a60c435b
2186ec8b4086b571,postfx_fsblur#a60c435b
512e4f48c29f0baa,postfx_heatpulse#a60c435b
3c76d008f5edd376,postfx_hitzone#a60c435b
38084d47d5d337ec,postfx_infrared#a60c435b
6364710bf772d300,postfx_keyline#a60c435b
3e405832b6565d96,postfx_keyline_depth#a60c435b
5064d60870e152f1,postfx_keyline_frontend#a60c435b
c42ca5c176a84c4,postfx_keyline_zombies#a60c435b
51e52d24b4e79ea4,postfx_keyline_zombies_friendly#a60c435b
433979a4375deb86,postfx_motionpulse#a60c435b
48e8fed309d6dca3,postfx_radialpulse#a60c435b
58c2a38e57e3add0,postfx_radioactive#a60c435b
7cbeefc023ace988,postfx_randomfade#a60c435b
38ce07d3c520689,postfx_speedblur#a60c435b
1421db2c97de916e,postfx_thermal#a60c435b
5748ae03faaae79b,postfx_thermal_scanlines#a60c435b
6ccdc5f2abf52557,postfx_transported#a60c435b
75e4a38929747f92,postfx_uihud#a60c435b
481a12a93f8bc865,postfx_weakpoint#a60c435b
797b4161f3c54e7c,postfx_wobble#a60c435b
31a2aae6421a0b03,postfx_xray#a60c435b
60b302200d52de71,resample_cubic_final#a60c435b
468306009449e0be,resample_dfe_color_circle#a60c435b
7a93ded3200ea47c,resample_dfe_downsample#a60c435b
60b90d98e0c8a232,resample_dfe_outline#a60c435b
2ee67003c380dea2,resample_final#a60c435b
193ebc9868b94ae8,resample_final_bm#a60c435b
261e736b2a8c1ca6,resample_final_bm_null#a60c435b
3ab3b602e1d35b88,resample_final_fullbright#a60c435b
5b8116d4c4f5038f,resample_linear_clamp#a60c435b
2684bfa9d58c24a2,resample_shift#a60c435b
3acd4fd215961717,resample_video_r709_f#a60c435b
574966bd6b18c259,resample_video_r709_l#a60c435b
bad92b2c150ff3e,resample_video_srgb_cb#a60c435b
7a2f03865fc56b40,resolve_color#a60c435b
7108bd4610edde8e,resolve_depth#a60c435b
40181224f83abe30,reveal_blend#008c3b8c
286793130eeb8019,reveal_blend#069eb2a7
63f77bd3a8da8ebf,reveal_blend#074a162c
35e1b930fa1ab017,reveal_blend#1c271527
76e001de9786703e,reveal_blend#2a197fdc
37943aa74d154fd2,reveal_blend#3b5c7ef4
63296ae8cca9c4c0,reveal_blend#52de3381
3858832c3928406e,reveal_blend#544452ed
3c5195c9502e1d36,reveal_blend#584fc801
3fd5ca94d5e07254,reveal_blend#5af43dc7
185ff131e3973b3f,reveal_blend#63af1f87
7a0244090df3ac8c,reveal_blend#6c9a5a5a
34ddfb3d18301f81,reveal_blend#70bff1fd
ae74d58cdb654ec,reveal_blend#7e3f11ae
77612a5ca6b1f586,reveal_blend#8013719b
46d00f8c676a8ca3,reveal_blend#8283f122
3172754f81c7b55,reveal_blend#86ce3c40
2bdabaee8839a1cc,reveal_blend#8ec14f17
3d889aff62a36343,reveal_blend#93c0076f
1a3dd0098bd086f8,reveal_blend#985b6432
78cc88eb884f6098,reveal_blend#ac90c5ff
3733389b477ea4d,reveal_blend#c06fbd2a
31f733b12e5b533,reveal_blend#c16386bc
1e83a5231e8e2faa,reveal_blend#c33bf947
2b6e080c5fb36197,reveal_blend#c6e25eb4
7ca8e4bcb0281cb,reveal_blend#cbbca5f4
5451bd97005c4ef2,reveal_blend#dce8fa24
172916985a753cde,reveal_blend#e8e571e7
19e3c6a7193747fe,reveal_blend#ec1d0e4c
1a26c09b96d0f16c,reveal_blend#eecc9e45
f891f1b869defcb,reveal_blend#ef22556c
3d93f67b09e12683,reveal_blend#f284d2d8
534efebcc09d5dfc,reveal_blend#f3d0feeb
1ad34821e59e1342,reveal_blend#fd81423e
1bcba09d03b94f65,reveal_blend#ff11655f
239f132e64b9dba5,scene_blur_downsample#a60c435b
7080c025fdcd3c26,scene_blur_upsample#a60c435b
7f1f1dbd2f3e3673,scene_blur_x#a60c435b
c61c051fc1e0732,scene_blur_y#a60c435b
694b2400f7bcf880,screen_refract_blur#a60c435b
155354699eba8824,screen_warp_aberration_screen#a60c435b
20e1deb8ebe49ea6,screenshot#a60c435b
4dfe3a6ab9e67d7a,shadowoverlay#ee50e431
4dfe396ab9e67bc7,shadowoverlay#ee50e432
6c717c09e10f2d32,shadowoverlay_cube#a60c435b
4a51914588166f31,shell_shock#a60c435b
70894e648acf9089,shell_shock_flashed#a60c435b
38d1c4dfde4f5f99,skin_composite_ps#a60c435b
a505a9d08d867b,skin_hblur_ps#a60c435b
899f6023c75b2e1,skin_vblur_ps#a60c435b
4d441c26b47bc491,smaa_pass1#a60c435b
7bf89666a963be56,smaa_pass2#a60c435b
199e2ab6e7033807,smaa_pass3#a60c435b
2674df6de7718fdb,smaa_pass3_work_queue#a60c435b
3d322e47c72c44cd,smaa_pass3_work_queue_hq#a60c435b
56e9ceba5452015c,smaa_pass4#a60c435b
5ed06af417d6b0a1,speed_burst#e1f3c234
1b31586b110fc156,speed_burst#f925c2d7
7767423031a9ee06,sprite_additive#a60c435b
6e68895b4768103b,sprite_blood#0dc4fb04
75fb0a9412334bfe,sprite_dirt#e3cb0ee0
75fb0b9412334db1,sprite_dirt#e3cb0ee1
d5b3707d48162ca,sprite_rain#e8573628
d5b3807d481647d,sprite_rain#e8573629
7461c31480ef1990,ssao_debug#a60c435b
28ac8c52f079a9e5,ssao_denoiser_spatial#a60c435b
3d46f6528b5e94f6,ssao_denoiser_spatial_temporal_1x_1#a60c435b
13fb27b9276ddeb1,ssao_denoiser_spatial_temporal_1x_2#a60c435b
6f3d8e0561768877,ssao_denoiser_spatial_temporal_t2x_1#a60c435b
682bcf4906eaa550,ssao_denoiser_spatial_temporal_t2x_2#a60c435b
32a868d2c5198f15,ssao_gtao_high#a60c435b
3480b67c3480309b,ssao_gtao_low#a60c435b
34aee699151ebe3f,ssao_gtao_med#a60c435b
577f4cd2fb60ab13,ssao_gtao_ultra#a60c435b
19b61eef695a6a86,stenciloverlay#a60c435b
1b95298102941145,tactical_damage#a60c435b
493907b465f5257d,tools_blend#a60c435b
2d14cc856a450aac,tools_replace#a60c435b
539f64835e907712,uie_aar_segment#09504bb4
10dc219b3fb96217,uie_aberration#09504bb4
601fa6794e4139f2,uie_aberration_blur_only#09504bb4
78d81c9b9c67b6ef,uie_aberration_cheap_blur#09504bb4
54cbd2faf9f39d9,uie_aberration_no_blur#09504bb4
5e4092abc627f32a,uie_blackhat_waveform#09504bb4
72f8df66797d388c,uie_bow_launcher_reticle#09504bb4
31d645ab501fb2b7,uie_comms_radial_distortion#09504bb4
6c5dccd26d8e40a6,uie_digital_noise#8ff6c6d4
697543a918728a3,uie_ekg#09504bb4
68229be6a32fc576,uie_elliptical_ring#09504bb4
543d5d4a43b70db7,uie_elliptical_ring#8ff6c6d4
669eedeb76a3478a,uie_emp#09504bb4
2fcf81a9684b668e,uie_expensive_blur#8ff6c6d4
5b0a828adbaed7ab,uie_extracam#035fbbc3
614f3b1268741085,uie_extracam#574768c2
1f75d2d9d076ecae,uie_extracam#9bcca20a
d2e6db00e7f5ada,uie_extracam#ab2f15c1
1158ddc020aa5cff,uie_extracam#af780ec4
dba4f1bfc02ec4f,uie_feather_edges#8ff6c6d4
1469c0acaa2aed58,uie_flipbook#09504bb4
672922a5a1416edd,uie_flipbook#8ff6c6d4
7825488833124266,uie_flipbook_animated#09504bb4
34c80898a8a427a7,uie_flipbook_animated#8ff6c6d4
6b1a938480899b82,uie_fractal#8ff6c6d4
2dbfc8b1311323c1,uie_fractal_reveal_grid#8ff6c6d4
36c719711b4151d2,uie_fractal_string_reveal#8ff6c6d4
2b478836bcc55382,uie_gradient#09504bb4
1e03d2477d3d513b,uie_gradient#8ff6c6d4
315c04adcbf321ff,uie_mosaic#8ff6c6d4
6d15fe573e8198b6,uie_mosaic_scene#8ff6c6d4
2244334495561031,uie_pixel_tear#09504bb4
4f5712757d26dbfb,uie_rocket_launcher_lockon#8ff6c6d4
72282ec209235a24,uie_scanlines#09504bb4
c3efe599e8bccf1,uie_scanlines#8ff6c6d4
2f7c79df2726d020,uie_scene_blur_pass_1#ab403fe7
55eb6f68d0c6c51b,uie_scene_blur_pass_1_nineslice#ab403fe7
297e098b8bf0b716,uie_scene_blur_pass_2#8ff6c6d4
70bc8e780879684e,uie_slice#09504bb4
1cf157878910027e,uie_smoke#8ff6c6d4
48124e98025fcec,uie_tile_scroll#09504bb4
14ea64e822c92eb9,uie_tile_scroll#8ff6c6d4
152af8c325168a82,uie_tile_scroll_animated#09504bb4
6c17a3036efcd65f,uie_wipe#09504bb4
22d470d2baaa64aa,uie_wipe#8ff6c6d4
7098d0913823ec6c,uie_wipe_delta#09504bb4
102108fdac71e39,uie_wipe_delta#8ff6c6d4
4a88841ea0b1955c,underwater_blur_downsample#a60c435b
33d972109dae9b,underwater_blur_upsample#a60c435b
7b631b07b1d1eecc,underwater_blur_x#a60c435b
2dccef297bb3913d,underwater_blur_y#a60c435b
17ef33675d51f5b1,vcolor_update#a60c435b
2e03e6298c203c88,vision_pulse#b02fc407
3eaa74da69187a41,vision_pulse#cb28528c
506788f8c14b512e,volumetric_accumulated_light_scatter_apply#a60c435b
64c6ec0f044738bf,volumetric_light#a60c435b
26e344061e02892,volumetric_light_apply#a60c435b
a75254534ae68a1,volumetric_light_half_res_apply#a60c435b
2c9d9167033ae76d,volumetric_light_skip_samples#a60c435b
78956d2eaade23d0,volumetric_light_sun#a60c435b
1e9024d308f5ad5c,volumetric_light_sun_skip_samples#a60c435b
710890790bcc923c,volumetric_light_unified#a60c435b
d52f9fa675023f5,volumetric_light_upsample#a60c435b
2d7fabccacbeddb1,zm_screen_warp#a60c435b
53d1002c644efc79,zombie_blood#a60c435b
36775ea6a89921b7,mc/fxanim_decal_diffuse_normal#64dfc021
32338ab3d5f98ad,mc/fxanim_decal_plus#a8811cd6
7e5fba807526ecdf,mc/lit_decal_advanced_fullspec#601a26ab
15273a5aad031b48,mc/lit_decal_advanced_fullspec#7151eaac
60f45632b0d09c8b,mc/lit_decal_advanced_fullspec#a42ec798
185d1d5dced020ae,mc/lit_decal_advanced_fullspec#cd3e613a
568cf0ea4eb52659,mc/lit_decal_ao#64dfc021
37a4428701c770,mc/lit_decal_diffuse_normal#787443db
7dc19f329af8f1f7,mc/lit_decal_diffuse_reveal#1c0be17c
7dc19c329af8ecde,mc/lit_decal_diffuse_reveal#1c0be17d
16f357d7b2a61a4,mc/lit_decal_diffuse_reveal#4c515dcd
53d654356dbd47e9,mc/lit_decal_diffuse_reveal#b88eb85f
28892c02cfb037b9,mc/lit_decal_metallic_fullspec#64dfc021
68ccfe5c19d28bf1,mc/lit_decal_normal_ao#64dfc021
91db34b7a9bd810,mc/lit_decal_normal_gloss_reveal_flow#64dfc021
1ccf0ac5b3ee8f70,mc/lit_decal_offsets_plus#a8811cd6
46eccbdeffbaa2b7,mc/lit_decal_plus#a8811cd6
46eccadeffbaa104,mc/lit_decal_plus#a8811cd7
50c7f47eb30e75ae,mc/lit_decal_plus#e5e6600f
628dc9bc93664923,mc/lit_decal_sparkle_reveal#64dfc021
59a5368d7c998f0d,mc/lit_decal_specular_fullspec#64dfc021
7133d93a162b605f,mc/lit_detail_decal_advanced#a8811cd6
7133d83a162b5eac,mc/lit_detail_decal_advanced#a8811cd7
1d07f4f5d5a58ec5,mc/lit_detail_decal_plus#a8811cd6
60827dc35707ef10,mc/lit_emissive_aberration#a8811cd6
12ac437dd20b0a49,mc/lit_emissive_scroll_fx#a8811cd6
5bc2bf7bc1d51be8,mc/lit_emissive_synapse#a8811cd6
7898606e60bb347d,mc/lit_micro_tile_mix#00c65857
3aacb1ebcb18212d,mc/lit_micro_tile_mix#0175862a
3fb5d227ebff0da7,mc/lit_micro_tile_mix#01954f54
4032dfd156b752f8,mc/lit_micro_tile_mix#02b7e803
3111ba9190084897,mc/lit_micro_tile_mix#03a30445
35fb1328ef1687cd,mc/lit_micro_tile_mix#03b0f5e5
35fb1028ef1682b4,mc/lit_micro_tile_mix#03b0f5e6
59ed66c2020dd05c,mc/lit_micro_tile_mix#04007e76
732c35c20ced6b06,mc/lit_micro_tile_mix#045fc834
123dae93c6f56e35,mc/lit_micro_tile_mix#052c2d33
123da793c6f56250,mc/lit_micro_tile_mix#052c2d34
77b6c26b8209a9e1,mc/lit_micro_tile_mix#054e9094
6ee56467a894011c,mc/lit_micro_tile_mix#06105768
621c0dcefbd5e608,mc/lit_micro_tile_mix#06b94895
af7a47970da3609,mc/lit_micro_tile_mix#06ba0cdb
6f280fd2f23a84d1,mc/lit_micro_tile_mix#06c9e067
5d45183ca86242a6,mc/lit_micro_tile_mix#078cff74
11a57df840337b35,mc/lit_micro_tile_mix#085238ec
714c4bf1e814a192,mc/lit_micro_tile_mix#0afe0490
421e2d81076ad7c2,mc/lit_micro_tile_mix#0c35e849
7020cadf2d956431,mc/lit_micro_tile_mix#0da04c66
5e73c64a93f8d2df,mc/lit_micro_tile_mix#0e02b2cd
58125844f7aa849d,mc/lit_micro_tile_mix#0e6cabfc
264df9a9a359c158,mc/lit_micro_tile_mix#0f9c7b19
2019311b819f5fcd,mc/lit_micro_tile_mix#10626647
7d08f721e2233696,mc/lit_micro_tile_mix#118ecd9d
52e48ea774960b24,mc/lit_micro_tile_mix#13351dd4
4bdcb9874dce26da,mc/lit_micro_tile_mix#154d950a
645079031f07650a,mc/lit_micro_tile_mix#1567d93f
19f7975b8b9e5422,mc/lit_micro_tile_mix#156ae623
22ba731548cb1f1b,mc/lit_micro_tile_mix#162808e6
6d68b3089729ea51,mc/lit_micro_tile_mix#1635da35
167a08789d504714,mc/lit_micro_tile_mix#17adfd0b
523c922bc248102f,mc/lit_micro_tile_mix#1806642c
664159cf5d8acfa9,mc/lit_micro_tile_mix#1844ba97
51241625bf544732,mc/lit_micro_tile_mix#1879a485
38f4984ba9cbb86b,mc/lit_micro_tile_mix#19346854
38f4974ba9cbb6b8,mc/lit_micro_tile_mix#19346855
8ca3baa35518665,mc/lit_micro_tile_mix#1b5abc6d
3a9540cfdb6968ec,mc/lit_micro_tile_mix#1bed3273
26a5f8f8227778fc,mc/lit_micro_tile_mix#1e78ef05
3bba78b6c6d77bac,mc/lit_micro_tile_mix#1fd9d3d4
73d9478840e6e21a,mc/lit_micro_tile_mix#211e6c67
275d3b3fe949b214,mc/lit_micro_tile_mix#213ed134
30c35296a3b31e8c,mc/lit_micro_tile_mix#218ec578
5cf8233a503f858f,mc/lit_micro_tile_mix#223df34b
25c9b953fe2c170,mc/lit_micro_tile_mix#238fa8e8
3af1cf3dfd20d7cc,mc/lit_micro_tile_mix#23b62d35
2ffc6195fc71a60c,mc/lit_micro_tile_mix#2550df1b
1fa8ba249692c55c,mc/lit_micro_tile_mix#25a32006
3172c1e89b39dc8b,mc/lit_micro_tile_mix#278a1a35
57f2d19a6f13c89b,mc/lit_micro_tile_mix#27a3e6bd
2ca2da84a1cc96a8,mc/lit_micro_tile_mix#29d1f670
1052629a41a15cda,mc/lit_micro_tile_mix#2a51e59e
2329a645a11eb5ad,mc/lit_micro_tile_mix#2b1ab017
44cf9754908a39c2,mc/lit_micro_tile_mix#2ecb8c68
1149407bedcb3f8a,mc/lit_micro_tile_mix#2f87f5d5
752f197f15b2fef5,mc/lit_micro_tile_mix#2f9bef48
176823565501ad40,mc/lit_micro_tile_mix#2fc54656
29a87da6477386d6,mc/lit_micro_tile_mix#2ff8110e
45ae95eb01802f37,mc/lit_micro_tile_mix#30bd5068
1c4947992ade3e2e,mc/lit_micro_tile_mix#31529eb4
1ffc6c85d2c0b4c,mc/lit_micro_tile_mix#31d671f3
12c6cc3b4d313791,mc/lit_micro_tile_mix#32388613
31614873891e5adc,mc/lit_micro_tile_mix#3355cb88
1fb004fbd6d95b73,mc/lit_micro_tile_mix#340fd9a7
26aa55e08a7d6eda,mc/lit_micro_tile_mix#3519a314
9c1f972717bebed,mc/lit_micro_tile_mix#3601a773
42325c31ad4d66d,mc/lit_micro_tile_mix#380984a7
567f790cdb089a91,mc/lit_micro_tile_mix#38ced14d
49741a5328c100bd,mc/lit_micro_tile_mix#39fcd575
32d708ea2d17ad98,mc/lit_micro_tile_mix#3aac7006
7385809db4ff41f1,mc/lit_micro_tile_mix#3b900eeb
79d76945e3888ac8,mc/lit_micro_tile_mix#3bc66d67
1701b4b9f57ee79f,mc/lit_micro_tile_mix#3bcd5f6c
3da7e3e5b282513f,mc/lit_micro_tile_mix#3cb5bfcb
3e01c762b2291bef,mc/lit_micro_tile_mix#3d0fc145
3bcf8e8b3be92d64,mc/lit_micro_tile_mix#3dcb7ea6
37c4d2facad106a7,mc/lit_micro_tile_mix#3df737a7
3fc6717919a0a129,mc/lit_micro_tile_mix#3ee33de6
7115b3148f49291e,mc/lit_micro_tile_mix#3ef12f86
5c77e8a6db373af8,mc/lit_micro_tile_mix#3f55a27f
3cc366a50aa30608,mc/lit_micro_tile_mix#3f5a2ad5
4bc6faaae91d88c3,mc/lit_micro_tile_mix#400cbf4a
63d68fa07748836f,mc/lit_micro_tile_mix#4089accb
43e12c7f6b23ea3d,mc/lit_micro_tile_mix#4294cca4
43e12b7f6b23e88a,mc/lit_micro_tile_mix#4294cca5
1487ad49af1cf6b0,mc/lit_micro_tile_mix#42f12f68
51e39f94e6aa0073,mc/lit_micro_tile_mix#4415cb07
645fa9508708ac10,mc/lit_micro_tile_mix#4682ea0e
668635acd60b94b,mc/lit_micro_tile_mix#46dc5b9e
309c2272929584b,mc/lit_micro_tile_mix#470ef5fe
2d99603e522a61f,mc/lit_micro_tile_mix#4889b566
2d99503e522a46c,mc/lit_micro_tile_mix#4889b567
13e465e8fcde18c8,mc/lit_micro_tile_mix#4893ef86
3cbe33e0b5d33d06,mc/lit_micro_tile_mix#48c4d8ec
6fc3910d5f726b66,mc/lit_micro_tile_mix#48f655ed
4a88a1ef1e616645,mc/lit_micro_tile_mix#4b3b3156
30372a9f5c039ace,mc/lit_micro_tile_mix#4bfeee8b
3126e90d845aa7e,mc/lit_micro_tile_mix#4c8c708d
5ff3ac46085baafc,mc/lit_micro_tile_mix#4cd3c947
613245112c9a12c7,mc/lit_micro_tile_mix#4d7c3f72
22991228578bbdba,mc/lit_micro_tile_mix#4e755775
5b514395124c5aa8,mc/lit_micro_tile_mix#4fdf9cb1
39ea85af9c27f50c,mc/lit_micro_tile_mix#5058738e
592c14c63835821d,mc/lit_micro_tile_mix#508db377
2283433595ffe225,mc/lit_micro_tile_mix#50a7d555
1a864bcc5bf3b0fd,mc/lit_micro_tile_mix#534ef115
27dd2878d2144440,mc/lit_micro_tile_mix#541727c4
116586659fe7b47c,mc/lit_micro_tile_mix#5474a1f5
307ff088417a95c6,mc/lit_micro_tile_mix#5475c42e
5581b8f79b3634b8,mc/lit_micro_tile_mix#5607bb34
24cc70be499e8197,mc/lit_micro_tile_mix#571a8acd
39f3cb583d5a7575,mc/lit_micro_tile_mix#572d6c14
17da104bd24dd472,mc/lit_micro_tile_mix#58488ef5
40ade16352cb7274,mc/lit_micro_tile_mix#58bb1a6d
2998757d1038aed2,mc/lit_micro_tile_mix#5b18f427
34df1021de6c234d,mc/lit_micro_tile_mix#5c120f87
455949d545b28485,mc/lit_micro_tile_mix#5c959c33
6c53229660e824ec,mc/lit_micro_tile_mix#5e3435a7
163f5b730bd27206,mc/lit_micro_tile_mix#608bce5b
1ec8bd0a6ab29f8b,mc/lit_micro_tile_mix#60fa3367
3217afc25cff1fac,mc/lit_micro_tile_mix#62ba3373
1e57b7a230dfb01f,mc/lit_micro_tile_mix#63a94153
1e57b4a230dfab06,mc/lit_micro_tile_mix#63a94154
5b1083525cd6811,mc/lit_micro_tile_mix#63bdd0b5
b624e00836dab9d,mc/lit_micro_tile_mix#659fc4b1
41ac585ac8bb8faf,mc/lit_micro_tile_mix#669c2c65
74632dd1a3bd40bd,mc/lit_micro_tile_mix#66bb4f73
2b499d1e3a0027eb,mc/lit_micro_tile_mix#677f6693
130c1f4e1cd6a661,mc/lit_micro_tile_mix#679547c5
782da70fe68e619f,mc/lit_micro_tile_mix#67c98506
136676cb4fa1cebb,mc/lit_micro_tile_mix#67e52487
3dc559314f789920,mc/lit_micro_tile_mix#67e5be43
3dc560314f78a505,mc/lit_micro_tile_mix#67e5be44
5b6c1365b52af1d1,mc/lit_micro_tile_mix#68edc804
486acf6fd04fcf96,mc/lit_micro_tile_mix#68f4a9b5
6a469139e14eb66a,mc/lit_micro_tile_mix#69e28d14
24edd4ff781adb83,mc/lit_micro_tile_mix#6c039e77
68e72f9dfa110309,mc/lit_micro_tile_mix#6c530ed4
5004d241d10786d7,mc/lit_micro_tile_mix#6c92d855
934b628249d5cfc,mc/lit_micro_tile_mix#6f8fe208
1035c1fa2fc15a81,mc/lit_micro_tile_mix#6fa919bf
611ed0fb5c2a8477,mc/lit_micro_tile_mix#7351d433
147479a9e87658d6,mc/lit_micro_tile_mix#73b7a816
31805e0344fb684a,mc/lit_micro_tile_mix#7403cc67
56cc503cbc800789,mc/lit_micro_tile_mix#7453c7a4
147941acaca10df6,mc/lit_micro_tile_mix#74e27093
1d4a395a42d5e9ba,mc/lit_micro_tile_mix#76707235
218747c434500f84,mc/lit_micro_tile_mix#76a6aee8
218748c434501137,mc/lit_micro_tile_mix#76a6aee9
4dcee04ba1a0e2ba,mc/lit_micro_tile_mix#778179f4
36f503b4fec915,mc/lit_micro_tile_mix#77e2f7ee
760a0b00e09f57e4,mc/lit_micro_tile_mix#7a3a1f55
50a31668b5a6369a,mc/lit_micro_tile_mix#7a4619ef
53466b2c7a5873f,mc/lit_micro_tile_mix#7a60f2ac
59f9982a2047607c,mc/lit_micro_tile_mix#7bb41e2b
66edab3ed0417a06,mc/lit_micro_tile_mix#7cc92f54
1f212a9373f17d03,mc/lit_micro_tile_mix#813d3977
1fbf63281bbcfe61,mc/lit_micro_tile_mix#82a43e27
3e204390114efa94,mc/lit_micro_tile_mix#82d63f53
1b0c59bc250255ba,mc/lit_micro_tile_mix#83c9ef07
405b70990d858c3e,mc/lit_micro_tile_mix#83d42927
9f19d37aac58cbe,mc/lit_micro_tile_mix#844e58e4
6407e3646b1838b8,mc/lit_micro_tile_mix#8471ae74
1e9c6a1b924f972,mc/lit_micro_tile_mix#8642386b
688dbe88ec100657,mc/lit_micro_tile_mix#865b3b73
2167644cad42b199,mc/lit_micro_tile_mix#86e42de4
64b3808688deac9a,mc/lit_micro_tile_mix#87abdc66
63fb47bb90c61d64,mc/lit_micro_tile_mix#87c9eee9
308e395223590017,mc/lit_micro_tile_mix#887da826
4b3ada8d1d00ce,mc/lit_micro_tile_mix#8d603dd2
4b3bda8d1d0281,mc/lit_micro_tile_mix#8d603dd3
132e24eb70c484e,mc/lit_micro_tile_mix#8d6ab974
54458ed4603895c3,mc/lit_micro_tile_mix#8de7412e
23a771fe47df47b,mc/lit_micro_tile_mix#8e31b085
473a31e43c948833,mc/lit_micro_tile_mix#8f576165
88027c80ba44578,mc/lit_micro_tile_mix#902243f5
775984ab0953f057,mc/lit_micro_tile_mix#904b6d16
23b5753452d6525f,mc/lit_micro_tile_mix#905e6755
737c0eb68bc5aebf,mc/lit_micro_tile_mix#9080e2c9
33c6eb9e2883e9a2,mc/lit_micro_tile_mix#91fcfb82
369235ff82224dd3,mc/lit_micro_tile_mix#9339b1eb
2aa51f9041999d78,mc/lit_micro_tile_mix#9351bfd5
41db096df15a4cf1,mc/lit_micro_tile_mix#93521536
64ff221433b6b190,mc/lit_micro_tile_mix#96be7c54
4660b692057a9e97,mc/lit_micro_tile_mix#96e9cf95
7c667942c0aa6abd,mc/lit_micro_tile_mix#97d5d5d4
4187c2b4dc42e63d,mc/lit_micro_tile_mix#9801d015
15916b6543dc3378,mc/lit_micro_tile_mix#99081305
3704c36ed51141c5,mc/lit_micro_tile_mix#996a796c
6b3aedab99db192e,mc/lit_micro_tile_mix#9aab2e0e
5f8ee8ad0772be24,mc/lit_micro_tile_mix#9b028c76
4a51a3460058bd5f,mc/lit_micro_tile_mix#9bfe7603
53de180566eb5023,mc/lit_micro_tile_mix#9dc3ca14
6b6ac7e812ad541c,mc/lit_micro_tile_mix#9e011a95
121112885d9a2dd0,mc/lit_micro_tile_mix#9e929d2e
5bfecebe225d551f,mc/lit_micro_tile_mix#9ee97af4
6e3a0ccb4c10b862,mc/lit_micro_tile_mix#a0b9e4b4
77b5fce6a5c72df2,mc/lit_micro_tile_mix#a11bf8d4
7eebe00c02597a77,mc/lit_micro_tile_mix#a165612f
5829877265abb24,mc/lit_micro_tile_mix#a1dc6606
4d2d49cd75c8ead5,mc/lit_micro_tile_mix#a2bd67f4
46539836f960e2af,mc/lit_micro_tile_mix#a30cf528
71a37058d62ff3fc,mc/lit_micro_tile_mix#a4677cc6
46723d1072133f7d,mc/lit_micro_tile_mix#a61e7dc3
684ca81f8e5719d,mc/lit_micro_tile_mix#a70aa58c
5d56d98f41f39903,mc/lit_micro_tile_mix#a801eea5
73323a3b0f32e600,mc/lit_micro_tile_mix#a8326328
5fcc05dd7aa94632,mc/lit_micro_tile_mix#aaf89415
58fad63f06449855,mc/lit_micro_tile_mix#ab11042a
356031ec4205e2d,mc/lit_micro_tile_mix#ab8d17a6
1b3d9e410a0cc5d5,mc/lit_micro_tile_mix#abef7e0d
3b6d0f1f78707596,mc/lit_micro_tile_mix#ac18bc87
3e18752ca009ea6b,mc/lit_micro_tile_mix#ac863306
1a263d167273ca7b,mc/lit_micro_tile_mix#ad09bfb2
12159cdb8245597c,mc/lit_micro_tile_mix#ae9a6786
b31fb172d0d6e40,mc/lit_micro_tile_mix#b05a58a7
7f0b8e26c58f4d98,mc/lit_micro_tile_mix#b10162ab
1c4b36216c50f3b4,mc/lit_micro_tile_mix#b2f8026e
4bf833200f48307a,mc/lit_micro_tile_mix#b33cd266
58f9e61b3dce917f,mc/lit_micro_tile_mix#b544213c
58f9e31b3dce8c66,mc/lit_micro_tile_mix#b544213d
43a26ea259d01f8f,mc/lit_micro_tile_mix#b700ad2b
2448440ce049c1c0,mc/lit_micro_tile_mix#b8d96a7f
201293a9a3861b71,mc/lit_micro_tile_mix#b8dc8be8
7ed274edb237749d,mc/lit_micro_tile_mix#b91cddf5
574af2ff8b496504,mc/lit_micro_tile_mix#b94e45f6
493f47cc8185d2c0,mc/lit_micro_tile_mix#b9da6252
493f48cc8185d473,mc/lit_micro_tile_mix#b9da6253
767400d833b3ee49,mc/lit_micro_tile_mix#b9eaef35
3cb8951ccd978c31,mc/lit_micro_tile_mix#bac844cc
7baab5cae05a0653,mc/lit_micro_tile_mix#bcd67abc
4521b07323dcf3f2,mc/lit_micro_tile_mix#be2c8115
f1c9ad5bd891f13,mc/lit_micro_tile_mix#be8c3735
14f61651738265b5,mc/lit_micro_tile_mix#bec987b6
6501ce4e5189367a,mc/lit_micro_tile_mix#bfee42c8
6406638d7af8cd8d,mc/lit_micro_tile_mix#c05cc12c
4d6e680b7ec1de3a,mc/lit_micro_tile_mix#c11f6c27
5377dc84c175a201,mc/lit_micro_tile_mix#c377e977
4cfe153bafa45491,mc/lit_micro_tile_mix#c385d515
26fa983a5b4e7c76,mc/lit_micro_tile_mix#c449d2f5
42f1b063bc4bb70b,mc/lit_micro_tile_mix#c4f0acef
16e3bb27040541bc,mc/lit_micro_tile_mix#c5565f0c
58cb185b0925b22d,mc/lit_micro_tile_mix#c5e80977
98988297bc07576,mc/lit_micro_tile_mix#c61436a5
7e7cb9168c0e388b,mc/lit_micro_tile_mix#c6e026d6
43428edc762c91f4,mc/lit_micro_tile_mix#c720d43b
235b9d74e5f0eee5,mc/lit_micro_tile_mix#c79240ad
52122b05d6cbe4d9,mc/lit_micro_tile_mix#c84c3946
6cec77a1ffd337ae,mc/lit_micro_tile_mix#c8c044d5
498693326dd6f655,mc/lit_micro_tile_mix#cb790ef4
62cd869e8d706929,mc/lit_micro_tile_mix#cb89a6c6
4e0707869b8a0b4e,mc/lit_micro_tile_mix#cbc10136
43704f954e4f80b0,mc/lit_micro_tile_mix#cbcf6539
545e94faab91ded3,mc/lit_micro_tile_mix#cbdfc613
2703c47575ddfdb0,mc/lit_micro_tile_mix#cc90be01
49bd28d8604c6c4a,mc/lit_micro_tile_mix#cd5667a7
5263d999ef2bfff4,mc/lit_micro_tile_mix#cdb1b748
57e8fdba58424c51,mc/lit_micro_tile_mix#cf65b055
329080472bf04019,mc/lit_micro_tile_mix#d00f13a9
70fb60147e04dbf9,mc/lit_micro_tile_mix#d16e8bbb
fc408a2e28062d6,mc/lit_micro_tile_mix#d24dd88c
18189d81130a175f,mc/lit_micro_tile_mix#d4484ca6
76ab0c42b8537118,mc/lit_micro_tile_mix#d61743e5
7ca19e858c598548,mc/lit_micro_tile_mix#d6cf5ef2
39cbbc4b56ddf3ff,mc/lit_micro_tile_mix#d77a609d
39c7d22765f588cb,mc/lit_micro_tile_mix#d7de52d5
3bdaf4e32f9080d9,mc/lit_micro_tile_mix#d8e3da05
33cb671b4050281f,mc/lit_micro_tile_mix#da6d5ff2
31aeb1d005172741,mc/lit_micro_tile_mix#dc2d8126
39d68fd298d63d03,mc/lit_micro_tile_mix#dde7d954
2707550fdcfaf9ae,mc/lit_micro_tile_mix#de5b64ad
54bf1db4b3ef3108,mc/lit_micro_tile_mix#e3c5e354
fa12d78db02c1cf,mc/lit_micro_tile_mix#e6ab672e
1e655512062ede52,mc/lit_micro_tile_mix#e849f953
cb166fc55a261fa,mc/lit_micro_tile_mix#e875f394
6e47ded5b65147a1,mc/lit_micro_tile_mix#e907762d
4b53eb993cb9f3d0,mc/lit_micro_tile_mix#e9403c47
43d4a403bf3e7c01,mc/lit_micro_tile_mix#e9daa127
43b30fd7d0ad8b23,mc/lit_micro_tile_mix#eac32fc7
342295cb58447cf7,mc/lit_micro_tile_mix#eadbc06a
9996e7194f630af,mc/lit_micro_tile_mix#eb1f518d
1b2b650a12607ab9,mc/lit_micro_tile_mix#ebf43c5b
1b2b640a12607906,mc/lit_micro_tile_mix#ebf43c5c
47e8ee64898b33a9,mc/lit_micro_tile_mix#ecb27085
199565291afebc54,mc/lit_micro_tile_mix#ee7d0c07
4c6eef8a396c35b4,mc/lit_micro_tile_mix#ee8521f1
4c6ef28a396c3acd,mc/lit_micro_tile_mix#ee8521f2
42ccbf572a322c5e,mc/lit_micro_tile_mix#ef371a26
4fbae649dfe6b1d4,mc/lit_micro_tile_mix#f0e0694e
139a94e5577574f3,mc/lit_micro_tile_mix#f11b35ec
58f9b4a26a9f2373,mc/lit_micro_tile_mix#f1502b6d
64a1f3d757d9b9a,mc/lit_micro_tile_mix#f256a31c
2c899207fb7f3a35,mc/lit_micro_tile_mix#f38b52c7
1a8321f964d41c02,mc/lit_micro_tile_mix#f568ed2a
63e666f14f89379d,mc/lit_micro_tile_mix#f56d6d14
4a6cbfffacccff97,mc/lit_micro_tile_mix#f614d3cc
728852db3dffd88b,mc/lit_micro_tile_mix#f81591e7
bc9ea9bdbdf69f1,mc/lit_micro_tile_mix#fa7672e0
6b63b2203b9d2634,mc/lit_micro_tile_mix#fa9c83a0
3c212edec19f6987,mc/lit_micro_tile_mix#fac70dd7
36bc8b8ba42ae586,mc/lit_micro_tile_mix#fb9f3896
7dddd84fc0883dbc,mc/lit_micro_tile_mix#fc5fa5c8
62472ad9c2e25ba2,mc/lit_micro_tile_mix#fdc9eef7
647964d629179ab2,mc/lit_micro_tile_mix#fdf3f466
4bb39362a2eb8e32,mc/lit_micro_tile_mix#ff3d0b86
e51585c1036943a,mc/lit_micro_tile_mix#ff64558a
10152f364792fef3,mc/lit_micro_tile_mix#ffe4500f
6339251b011bd1b7,mc/lit_paintshop_forward#a8811cd6
36377b0887e38951,set_stencil#a60c435b
4071af35fecb86b,uie_angled_wipe#09504bb4
3b6df6a2d17b1781,uie_angled_wipe#3ce39dab
15856e8ee8373b8e,uie_angled_wipe#8ff6c6d4
254ab0bafea767a,uie_clock#09504bb4
4ea0e6aeeedbfefc,uie_clock#3ce39dab
561ee337f4c17453,uie_clock#8ff6c6d4
57daa5449cb53981,uie_feather#09504bb4
4aa1a7670c87bc0f,uie_feather#3ce39dab
37d6115c59f6d588,uie_feather#8ff6c6d4
5e90e126ad1fbb0a,uie_fractal_reveal#8ff6c6d4
29ab5893860cb09e,uie_nineslice#09504bb4
45f57ff2d872359f,uie_nineslice#8ff6c6d4
792df80673a3d443,uie_saturation#8ff6c6d4
