489c5cedc5a1f9c8,ability_dog
73488f84d33dac8,ability_dog_mp
50b412d3e8dceeb,ability_smart_cover
448f6079cfbf6729,ability_smart_cover_mp
447b6679cfaec851,ability_smart_cover_wz
e0388f2d9b208ad,abom_melee
7b24d0d0d2823bca,ac130_autocannon
721bd01efec90239,ac130_chaingun
17df39d53492b0bf,ac130_main_cannon
74b450a90ae19285,ac130_mp
3709cf149c78264d,acog_ar_accurate_t8_mp
394a486e19a5e018,acog_ar_accurate_t8_upgraded_zm
36c8b2149c405e11,acog_ar_accurate_t8_zm
2c979ca6907886ae,acog_ar_damage_t8_mp
74971e08f72d401,acog_ar_damage_t8_upgraded_zm
2cbda9a690996c02,acog_ar_damage_t8_zm
6a1cb35dc65452d2,acog_ar_galil_t8_mp
69b226858566e62d,acog_ar_galil_t8_upgraded_zm
69efc85dc62d8896,acog_ar_galil_t8_zm
5bb754b7e36a0dc9,acog_ar_modular_t8_mp
66855db02f42c13c,acog_ar_modular_t8_upgraded_zm
5b926fb7e34b1f6d,acog_ar_modular_t8_zm
7fbd749aeca3bbec,acog_ar_stealth_t8_mp
5b208277c641b3bb,acog_ar_stealth_t8_upgraded_zm
7f83899aec726754,acog_ar_stealth_t8_zm
72b98fc72ab13697,acog_lmg_heavy_t8_mp
314b06611ac14236,acog_lmg_heavy_t8_upgraded_zm
72d872c72acbb5df,acog_lmg_heavy_t8_zm
1228cd3f85eb791f,acog_lmg_standard_t8_mp
5da19aa19f76866e,acog_lmg_standard_t8_upgraded_zm
11dac03f85a941b7,acog_lmg_standard_t8_zm
73fe6f11beca7fa7,acog_smg_accurate_t8_mp
7bb824f66b77a466,acog_smg_accurate_t8_upgraded_zm
73b07211be88636f,acog_smg_accurate_t8_zm
78da7d4e6786c764,acog_sniper_damagesemi_t8_mp
7f36e804757e2a63,acog_sniper_damagesemi_t8_upgraded_zm
78a1824e67570a9c,acog_sniper_damagesemi_t8_zm
231fd9bc5387da0c,acog_sniper_fastrechamber_t8_mp
11dc6fe99eb5a59b,acog_sniper_fastrechamber_t8_upgraded_zm
22e5eebc53568574,acog_sniper_fastrechamber_t8_zm
66cab5c98db26d1d,acog_sniper_locus_t8_mp
447d3d0b4a5e06c8,acog_sniper_locus_t8_upgraded_zm
66f6b8c98dd7ad21,acog_sniper_locus_t8_zm
3d493c5e471d2821,acog_sniper_powerbolt_t8_mp
109f4c7c31545384,acog_sniper_powerbolt_t8_upgraded_zm
3d90475e47593d75,acog_sniper_powerbolt_t8_zm
239a1a3a22b0d20a,acog_sniper_quickscope_t8_mp
61feb699cdf009b5,acog_sniper_quickscope_t8_upgraded_zm
23daff3a22e83b1e,acog_sniper_quickscope_t8_zm
187f4ff8e9f57277,acog_tr_damageburst_t8_mp
22266e7c2c896fd6,acog_tr_damageburst_t8_upgraded_zm
189e32f8ea0ff1bf,acog_tr_damageburst_t8_zm
327d7d9f835d4fb6,acog_tr_longburst_t8_mp
75d85835f6e78079,acog_tr_longburst_t8_upgraded_zm
32359a9f831fcb5a,acog_tr_longburst_t8_zm
3fbfc46bde47b20,acog_tr_midburst_t8_mp
63df4570174879d7,acog_tr_midburst_t8_upgraded_zm
3dcf946bdc9c578,acog_tr_midburst_t8_zm
76bf78aa64a08b31,acog_tr_powersemi_t8_mp
10e54ffb0e092674,acog_tr_powersemi_t8_upgraded_zm
769a63aa64814b45,acog_tr_powersemi_t8_zm
2d88b4c5217c7e7c,aether_shroud
164c43cbd0ee958,aether_shroud_1
164c73cbd0eee71,aether_shroud_2
164c63cbd0eecbe,aether_shroud_3
164c93cbd0ef1d7,aether_shroud_4
164c83cbd0ef024,aether_shroud_5
42b14769a6933558,aetherscope_zm
b6957e70f3112c0,ai_tank_drone_gun_mp
41692c5a7566b185,ai_tank_marker_mp
2f47f966ebc641aa,ammo_weapon_12ga_wz
3a56659cea54a13,ammo_weapon_338_wz
4cb37bd801a58532,ammo_weapon_45_wz
1212239b99e197c,ammo_weapon_50cal_wz
17136c65a119f6b5,ammo_weapon_556_wz
726654fa44075f96,ammo_weapon_762_wz
716325846a60c18a,ammo_weapon_9mm_wz
4d8114289a594016,ammo_weapon_ar
47e3feb36ab38c5f,ammo_weapon_large_caliber
2f2b5d4837fb0d6f,ammo_weapon_rocket_wz
3aa5976b483ad31,ammo_weapon_shotgun
21ad6487db9bb377,ammo_weapon_small_caliber
1862ccb3ece95a12,ammo_weapon_sniper
485cf1258cd237f4,ammo_weapon_special
5dcab5f20a61b01,amws_gun_turret_mp
3cc55be2b1902df3,amws_gun_turret_mp_player
3f3230daf2378c17,amws_launcher_turret_mp
63aad3bc732f36cd,amws_launcher_turret_mp_player
23139323ee602453,apc_cougar_camera
74caf688a6b6131b,ar_accurate_t8_gold_wz
4392f4e235449bd2,ar_accurate_t8_mp
76f82df9c289d05c,ar_accurate_t8_swat_mp
79c371b49162512d,ar_accurate_t8_upgraded_zm
4370f2e23527b206,ar_accurate_t8_wz
436609e2351dd196,ar_accurate_t8_zm
bbe0e892c72af46,ar_accurate_t9_upgraded
5d39cae22091adf6,ar_an94_t8_mp
13302a6375f9f1b9,ar_an94_t8_upgraded_zm
5d17d8e22074df5a,ar_an94_t8_wz
5cf2e7e22055dc9a,ar_an94_t8_zm
67116924005b2bf8,ar_british_t9
2d91ab3a09f2fa29,ar_british_t9_upgraded
55842a0f98605a32,ar_damage_t8_gold_wz
2e96f2c20809ec4d,ar_damage_t8_mp
68427dd445bb9218,ar_damage_t8_upgraded_zm
2e81e8c207f77f45,ar_damage_t8_wz
2e55d5c207d22411,ar_damage_t8_zm
256728286691b32d,ar_damage_t9_upgraded
75b4cefc6be93989,ar_doublebarrel_t8_mp
13da7ffda0c326fc,ar_doublebarrel_t8_upgraded_zm
759fd4fc6bd6e7b1,ar_doublebarrel_t8_wz
758ee9fc6bc8982d,ar_doublebarrel_t8_zm
48f78710d951fa6b,ar_fastfire_t8_gold_wz
1727be2457f2a582,ar_fastfire_t8_mp
2fe3404cf147738d,ar_fastfire_t8_operator_wz
6e2045b14a6d0c7d,ar_fastfire_t8_upgraded_zm
1771bc245830da96,ar_fastfire_t8_wz
1767b324582876c6,ar_fastfire_t8_zm
2cf257eafc6ec936,ar_fastfire_t9_upgraded
6be9615b6d0ec416,ar_fasthandling_t9
440f94a23acbfaaf,ar_fasthandling_t9_upgraded
78977245b7c1e754,ar_galil_t8_gold_wz
590552f116ed52ff,ar_galil_t8_mp
61e504641342618e,ar_galil_t8_upgraded_zm
58e35cf116d07d97,ar_galil_t8_wz
58b745f116ab1b97,ar_galil_t8_zm
7c91c3d260ff0239,ar_mg1909_t8_mp
3d4c7611326a858c,ar_mg1909_t8_upgraded_zm
7cd8bed2613afc5d,ar_mg1909_t8_zm
2606704a92ffb5ed,ar_mobility_t9_upgraded
6bbdad02d336f2e5,ar_modular_t8_gold_wz
630e88a62aed5214,ar_modular_t8_mp
ef017373d4805b3,ar_modular_t8_upgraded_zm
63677aa62b396320,ar_modular_t8_wz
63416da62b187dcc,ar_modular_t8_zm
4ad00f45cc0efcff,ar_peacekeeper_t8_gold_wz
6919c1f53a263c86,ar_peacekeeper_t8_mp
33e942052b3b9ae9,ar_peacekeeper_t8_upgraded_zm
6963cff53a648cca,ar_peacekeeper_t8_wz
693ebef53a4553aa,ar_peacekeeper_t8_zm
6146c46771b21a2,ar_season6_t9
4ac2e1e7b078ef3,ar_season6_t9_upgraded
578fab7f7b2db478,ar_slowfire_t9
338c301a93be1ba9,ar_slowfire_t9_upgraded
4d8b07efde79fb03,ar_slowhandling_t9
492946cdc9e4f3d4,ar_slowhandling_t9_upgraded
25ff17bb722aaaf5,ar_soviet_t9
7008465d543f5ee,ar_soviet_t9_upgraded
68300174625e8c12,ar_standard_t8_gold_wz
7ac39aea4494eaed,ar_standard_t8_mp
263b13354a131af8,ar_standard_t8_upgraded_zm
7aae90ea44827de5,ar_standard_t8_wz
7a827dea445d22b1,ar_standard_t8_zm
4ac723882fe1cd9f,ar_standard_t9_klaus_base
196c1fa02668eb4d,ar_standard_t9_upgraded
759e26e40c787892,ar_stealth_t8_gold_wz
5ebef3465d54b46d,ar_stealth_t8_mp
e05573f43227614,ar_stealth_t8_operator_wz
19149930a2f00f78,ar_stealth_t8_upgraded_zm
5ea9e9465d424765,ar_stealth_t8_wz
5e7dd6465d1cec31,ar_stealth_t8_zm
9825a3f1d038c6f,armor_plate
7296f38cf3f326af,atv_camera_turret
2189643e0691e777,avogadro_ai_defaultmelee_zm
28832732f6432c98,avogadro_bolt
1a13d89ba9fbca24,ball
7e329f000048fa9c,ball_mp
57434fe290210bb8,bare_hands
5811622173a6e63a,bare_hands_ajax_jump_ct
6a86d87dd900756,bare_hands_bounty_mp
445814b424a54866,bare_hands_bounty_tier_two_mp
286a30586a6aed12,bare_hands_ct
6cfc9dc10279315f,bare_hands_infected_wz
287138586a711958,bare_hands_mp
28933a586a8e0324,bare_hands_wz
7460cb7c22923234,baseweapon_mp
1cbf3186a9a99a8a,basketball_wz
6c63fef864105265,blight_father_melee
2651b3623c8008b,blight_father_melee_mp
7f58f1d345f5cc79,blue_nova_crawler_projectile_zm
79bb8f3fc133e266,bouncingbetty_mp
548200703429057e,bowie_flourish
1d04d1f6697e589e,bowie_flourish_silver_zm
ec08d0d8057494c,bowie_flourish_story_1_zm
36b90dcbb03bcf32,bowie_flourish_zm
181d603caefe4cdb,bowie_knife
5beef8d24e687439,bowie_knife_mp
7194c5a34e898833,bowie_knife_silver_zm
4d7500ad48e93a1f,bowie_knife_story_1_zm
7ddad715ea3e6421,bowie_knife_vomit_zm
5c35f3d24ea46e5d,bowie_knife_zm
40386c26fbbb5544,briefcase_bomb
73b55382af4bd7ab,briefcase_bomb_defuse
3a9b5908060f82e9,briefcase_bomb_defuse_mp
46cc133cf4065ae0,briefcase_bomb_dirty_bomb
65e0ee8201178c85,briefcase_bomb_dirty_bomb_spy
1bb0ca2c3af9ae7c,briefcase_bomb_mp
22910197a096516b,brutus_melee
77eb0451c840bdf3,brutus_special_melee
1af2dcd98eebc66a,btr40_camera_turret
5ea68dd892546aab,btr40_gunner1_rifle
19e1bd2bb7070f52,btr40_gunner2_rifle
2209730a7e519c81,btr40_gunner3_rifle
1a1908d8fd8b068,buggy_camera_turret
4fc9fe45244cb400,buggy_gunner_rifle_wz
619178890b73379a,buildable_piece
3e87bcbd5e2029d6,buildable_piece_zm
1734871fef9c0549,chopper_gunner_turret
4a49ef3006b2b7b8,claymore_extra_zm
2a009fc46230dde7,claymore_mp
29b1a2c461ed0eaf,claymore_zm
3066555aa3af79a2,clean_drop_mp
78ff2d0b4c06d856,coal_zm
49294aefa489b277,cobra_20mm
6287de3e8be4ba9,cobra_20mm_comlink
3766110faa86cbf9,cobra_20mm_comlink_cp
3796250faab011b7,cobra_20mm_comlink_mp
376f685be7b8296d,cobra_20mm_mp
681dc907585a6833,counteruav_mp
1d5aabee515197e9,ct_hack_tool
7a6f01faf5bdba69,cymbal_monkey
675a319043121a4f,cymbal_monkey_wz
67641a90431a47bf,cymbal_monkey_zm
2f7d011e765c7bc8,dart_mp
39e8822ae891549d,dart_turret_mp
3a40782ae8dbb975,dart_turret_wz
2f33031e761e46b4,dart_wz
7628bb1cc00b3bbd,default_specialist_equipment
201b9dd1fefc8993,default_specialist_equipment_mp
6b75bf7dc6f1fd8e,defaultweapon
7eed392f6d161f2,destructible_car
73d2618472d4b03a,destructible_car_mp
40b88b747e9f500e,dog_ai_defaultmelee
175df87563aeea4e,dog_ai_defaultmelee_mp
1771f67563bf8ff2,dog_ai_defaultmelee_wz
1783057563ce1ca2,dog_ai_defaultmelee_zm
1a8e376e04ffed9d,dogtag_drop
aa2e5aec76cd59c,downed
317890e21bfe805b,downed_doa
36783f2920541cc4,downed_mp
3664312920435bf0,downed_wz
30f7d30540d3a9f1,drone_squadron_mp
26ffb92552ae26be,drone_squadron_turret
30a69ce5312ed1a5,drone_squadron_winged_turret
29ab150f9f8964f,dropkick_weapon
7e6051c346c827f1,dropkick_weapon_dw
7e7b5ac346defef4,dropkick_weapon_lh
5e83a01f6babeec6,dualoptic_ar_accurate_t8_mp
30ea4ac0bdcaff29,dualoptic_ar_accurate_t8_upgraded_zm
5ea99d1f6bccb8ea,dualoptic_ar_accurate_t8_zm
fe8ee22191dc532,dualoptic_ar_an94_t8_mp
519f74011cae21cd,dualoptic_ar_an94_t8_upgraded_zm
fbd032218f8adf6,dualoptic_ar_an94_t8_zm
7faac6edb9e6a339,dualoptic_ar_damage_t8_mp
d97d9f23a51788c,dualoptic_ar_damage_t8_upgraded_zm
7ff1c1edba229d5d,dualoptic_ar_damage_t8_zm
8ecdc15f5a3872e,dualoptic_ar_fastfire_t8_mp
18db9904b11edd81,dualoptic_ar_fastfire_t8_upgraded_zm
912e915f5c46c82,dualoptic_ar_fastfire_t8_zm
6cc3b5ee3f207460,dualoptic_baseweapon_mp
7b7dfa2243a52708,dualoptic_lmg_heavy_t8_mp
3606b024d5d40b0f,dualoptic_lmg_heavy_t8_upgraded_zm
7b5f0722438a8c90,dualoptic_lmg_heavy_t8_zm
76d1cf441253b93e,dualoptic_lmg_spray_t8_mp
77cb6c2a9c91e0f1,dualoptic_lmg_spray_t8_upgraded_zm
768abc4412179652,dualoptic_lmg_spray_t8_zm
200bc81c010fef6,dualoptic_lmg_standard_t8_mp
5d8476eb5e42f4b9,dualoptic_lmg_standard_t8_upgraded_zm
1b9d981bfd52d9a,dualoptic_lmg_standard_t8_zm
7017b87b73759f0a,dualoptic_smg_accurate_t8_mp
4cf00ef73b8940b5,dualoptic_smg_accurate_t8_upgraded_zm
70589d7b73ad081e,dualoptic_smg_accurate_t8_zm
7e433649d2f94caa,dualoptic_smg_fastfire_t8_mp
7cee4dda18e90715,dualoptic_smg_fastfire_t8_upgraded_zm
7e841b49d330b5be,dualoptic_smg_fastfire_t8_zm
11ac4f8fb5e9f37,dualoptic_sniper_damagesemi_t8_mp
4db032601e269496,dualoptic_sniper_damagesemi_t8_upgraded_zm
138a7f8fb776b7f,dualoptic_sniper_damagesemi_t8_zm
178ebf2c336a28e2,dualoptic_sniper_mini14_t8_mp
6eb8b713fbd8099d,dualoptic_sniper_mini14_t8_upgraded_zm
17cfb42c33a1ad26,dualoptic_sniper_mini14_t8_zm
7c5fcf0c5426bf30,dualoptic_sniper_powerbolt_t8_mp
5713ea534ae6a6c7,dualoptic_sniper_powerbolt_t8_upgraded_zm
7cadec0c546911c8,dualoptic_sniper_powerbolt_t8_zm
939a38cc61d772d,dualoptic_sniper_powersemi_t8_mp
72aa77ce7932e238,dualoptic_sniper_powersemi_t8_upgraded_zm
8f9868cc5e761f1,dualoptic_sniper_powersemi_t8_zm
40e56c583e1883a1,dualoptic_tesla_sniper_t8_zm
4882cfddfef8e3a3,dualoptic_tr_flechette_t8_mp
4a3494eff71790da,dualoptic_tr_flechette_t8_upgraded_zm
484fcaddfecd818b,dualoptic_tr_flechette_t8_zm
7048d60b4d61e37b,dualoptic_tr_longburst_t8_mp
76a8842338083e02,dualoptic_tr_longburst_t8_upgraded_zm
7015c10b4d366633,dualoptic_tr_longburst_t8_zm
51e5d849a9339dd4,dualoptic_tr_powersemi_t8_mp
c303c6e8f054573,dualoptic_tr_powersemi_t8_upgraded_zm
5218bd49a95ec98c,dualoptic_tr_powersemi_t8_zm
791d87db185e6ff8,elephant_eye_projectile_zm
41adc0ca9daf6e9d,energy_mine
4ac402a4add2a995,energy_mine_1
4ac3ffa4add2a47c,energy_mine_2
4ac400a4add2a62f,energy_mine_3
4ac3fda4add2a116,energy_mine_4
4ac3fea4add2a2c9,energy_mine_5
4e23def16bca8076,eq_acid_bomb
582702d577bf4da1,eq_acid_bomb_extra_zm
69b0e6f034b88066,eq_acid_bomb_mp
69fbf4f034f883aa,eq_acid_bomb_wz
69d6e3f034d94a8a,eq_acid_bomb_zm
4af5536d9f4bd4c2,eq_binoculars
1bb3b0c39433e8ca,eq_blind_grenade_mp
6681e56c3dff742a,eq_cluster_semtex_grenade_mp
6696d36c3e11b19e,eq_cluster_semtex_grenade_wz
62fb4f8a9caa979a,eq_cluster_semtex_mini_grenade_mp
62a23d8a9c5e502e,eq_cluster_semtex_mini_grenade_wz
686febb191ba3386,eq_collapse_grenade_wz
4cb9aca7f51434a4,eq_concertina_wire
6d4b1a6a7cc31e1c,eq_concertina_wire_mp
6d6d1c6a7ce007e8,eq_concertina_wire_wz
541cbceb633d12a3,eq_crystal_grenade
808100ca097e40c,eq_dart_gun
212e90a0bc53dafb,eq_decoy_grenade_wz
ec2a5e2d8bff021,eq_emp_grenade_mp
ee49be2d8dcc589,eq_emp_grenade_wz
34b7eb9fde56bd35,eq_frag_grenade
1a236a40aa917c34,eq_frag_grenade_extra_zm
587a799e277a967b,eq_frag_grenade_mp
5847649e274f1933,eq_frag_grenade_zm
3a19c6a9c8caef33,eq_grapple
3d51457e34ada583,eq_grapple_ct
3d57557e34b22c61,eq_grapple_mp
3d794b7e34cf01c9,eq_grapple_wz
6a54f2cec31d71b,eq_gravityslam_ct
6753f2cec089829,eq_gravityslam_mp
488b769e35bb0a7,eq_hawk_mp
430b169e311309f,eq_hawk_wz
64971ce369439ed3,eq_localheal_mp
566413d54185cd2a,eq_mechz_firebomb
24a8d8f98c2fe861,eq_molotov_bb_mp
3b174aaa3962009,eq_molotov_extra_zm
4d6efad39439947e,eq_molotov_mp
4d16f8d393ef1b42,eq_molotov_wz
4d27e7d393fd7192,eq_molotov_zm
c94af7bcada02dd,eq_nesting_doll_grenade_niko_zm
3e2698dfc2a2ef1a,eq_nesting_doll_grenade_rich_zm
18d68bc0fbca0374,eq_nesting_doll_grenade_takeo_zm
20eb942cc1019d99,eq_nesting_doll_grenade_zm
1c1c8c36aa65a855,eq_seeker_mine_mp
5c43ff9eda0e4d82,eq_sensor_mp
5c8dfd9eda4c8296,eq_sensor_wz
6db466a1eaec207f,eq_shroud_mp
556b393899e54d83,eq_slow_grenade_bb_mp
236520b855dbaaac,eq_slow_grenade_hunter_ph_mp
1fb38d64d8773f0,eq_slow_grenade_mp
33f8277c32c07d53,eq_slow_grenade_ph_mp
2534ad64dd2085c,eq_slow_grenade_wz
49584349d375280d,eq_smoke
67c9697726f33a43,eq_smoke_mp
44678c77a1fa37b0,eq_stimshot_spy
3a72fcf20388b71a,eq_swat_grenade_mp
3a19eaf2033c6fae,eq_swat_grenade_wz
6ab9c2aaf6bdf385,eq_tripwire_anims_mp
6adbc8aaf6dae41d,eq_tripwire_anims_wz
9848dbfec6a8682,eq_tripwire_mp
9ce8bbfeca8bb96,eq_tripwire_wz
c78156ba6aeda14,eq_wraith_fire
cea04e3e3bcd0fb,eq_wraith_fire_extra_zm
7179bc79f81a556c,eq_wraith_fire_mp
712ebe79f7da6d58,eq_wraith_fire_wz
713fd179f7e900d4,eq_wraith_fire_zm
419251369ef09626,equip_gold_container_zm
628cefab7b2dbfce,equip_head_sr
6274deab7b19110a,equip_head_zm
30dc917f55c87ddf,equip_sprout_zm
2f22ef3b917ab0ac,essence_trap_interest_zm
f223cacb02788e3,essence_trap_zm
295d5d7201b17530,execution_battleaxe
5ab741e214cb52e7,execution_boomstick
1e76efa8d889a442,execution_bow
3bd1507ffa1fbeeb,execution_chain
76a0202013914e4c,execution_double_asp
2c1574758ab1b483,execution_etool
727b53abb2482c62,execution_fireaxe
a95afcc75501984,execution_garrote
49a72fdb6523e701,execution_grenade_frag
48a043e158885ce6,execution_half_zombie
3899dc7b456935be,execution_hammer_and_sickle
68ab71fb68add07d,execution_hatchet
3d6aab708d32573,execution_hawk
278952b71d57a9ec,execution_helo
59391344a9d48e5c,execution_klaus
36e3e8f4f78a52ad,execution_knife_base
21a1ee225fb794f8,execution_knife_brass_knuckles
1c30a24624340d99,execution_knife_scream
33478da3e667ae51,execution_komodo
4a4260030869ce5a,execution_kukri
226ca710927757e2,execution_kukri_dw
4039c7adaeaff87f,execution_lawgiver
518ac4a8ad4308b9,execution_m79
3dfb909f3742e80c,execution_mace
3eed4387351cba84,execution_nailgun
6ed83e8120fad705,execution_pirate_axe_gun
5ebbde71e79473bd,execution_pistol
3de41350f70154ad,execution_pistol_alt
19286cbf18b0da82,execution_plaguehound
4638e72e96209902,execution_rabbit
56af9f63b5a81339,execution_rcxd
4a7289de367f1a8,execution_rifle
2f58f8927ef53dbf,execution_rottweiler
5a2d94252475bc45,execution_shock_baton
58c7338e24a40f96,execution_sledgehammer
3a4cfc3b3631537,execution_snow_leopard
22d34b1488dd3b08,execution_walking_zombie
13bf890e15ac5746,execution_warmace
2ee7d9f55edbcd48,explodable_barrel
1a0d418edf2d2148,explodable_barrel_mp
5ce23b7446038494,fav_light_camera_turret
275500f312217ee0,fav_light_camera_turret_alt
3788f02b2e806d40,fav_light_gunner_rifle
1d4573f2043f9f82,flare_gun_veh_wz
56fcc7ed7a187aee,flare_gun_wz
55a5423bf670e7e3,force_crawl_hands_mp
554d4c3bf626830b,force_crawl_hands_wz
60856f188aa19d7f,frag_grenade_bb_mp
65de04d6d3a98c2b,frag_grenade_extra_zm
805554a157db85c,frag_grenade_mp
827574a159aa228,frag_grenade_wz
8384a4a15a8ff44,frag_grenade_zm
55569355da0f0f68,frenzied_guard
43e326396554e18c,frenzied_guard_1
43e329396554e6a5,frenzied_guard_2
43e328396554e4f2,frenzied_guard_3
43e323396554dc73,frenzied_guard_4
43e322396554dac0,frenzied_guard_5
85edf3a63bb488c,frost_blast
2f148f3f9c3812a8,frost_blast_1
2f14923f9c3817c1,frost_blast_2
2f14913f9c38160e,frost_blast_3
2f14943f9c381b27,frost_blast_4
2f14933f9c381974,frost_blast_5
3de328901f7f7b11,gadget_clone_mp
55207e721a7cb886,gadget_combat_efficiency_mp
31a85b77315ad23e,gadget_health_regen
7797a02d16a4f881,gadget_health_regen_bb_mp
7ecd376f9782832,gadget_health_regen_large_wz
503952ee4123de00,gadget_health_regen_medium_wz
285e5cd36db0d0de,gadget_health_regen_mp
5bc82db27bb51d8e,gadget_health_regen_small_wz
139e2373d90a0615,gadget_health_regen_squad_wz
28065ad36d6657a2,gadget_health_regen_wz
506a6d02304fe510,gadget_icepick_mp
5e34a3b4fe7c53d2,gadget_jammer_mp
1d58c6214174d3d8,gadget_medicalinjectiongun
786e59e19cae3f38,gadget_medicalinjectiongun_mp
788c96e19cc7a46e,gadget_medicalinjectiongun_t9
53ff070f461d9aed,gadget_radiation_field_anims_mp
39d9872f842aefea,gadget_radiation_field_mp
41ea6e05429cdf17,gadget_seeker_mine_mp
1fb0b26684caee0f,gadget_smart_cover
62d42f125540cdf5,gadget_smart_cover_mp
628935125500ecad,gadget_smart_cover_wz
402be1e1b36601e7,gadget_spawnbeacon_mp
2c039642d7e8865c,gadget_supplypod_mp
7871eedac350f13d,gadget_vision_pulse_l2_mp
44b7ccdf19718604,gadget_vision_pulse_mp
5ffc43a1830221fe,galvaknuckles_t8_flourish_zm
363ff2e7255a90b,galvaknuckles_t8_zm
2a8e41925a89363c,gegenees_golden_spear_projectile_zm
1ad15d588f493fe3,gegenees_melee
356dc0919424ab60,gegenees_spear_projectile_zm
f22382a36c9b8a4,ges_plyr_gesture000
f22392a36c9ba57,ges_plyr_gesture001
f223a2a36c9bc0a,ges_plyr_gesture002
f223b2a36c9bdbd,ges_plyr_gesture003
f22342a36c9b1d8,ges_plyr_gesture004
f22352a36c9b38b,ges_plyr_gesture005
f22362a36c9b53e,ges_plyr_gesture006
f22372a36c9b6f1,ges_plyr_gesture007
f22302a36c9ab0c,ges_plyr_gesture008
f22312a36c9acbf,ges_plyr_gesture009
10927835e53fbd02,ghost_train_fire_zm
38ec5832fb4861e9,gladiator_melee
c05a67703cb5449,golden_knife_flourish_zm
37bb9bdf28ce88fa,golden_knife_zm
5b10080871ad106c,gun_mini_turret_zm
2de6f2fb4eb1529,gun_missile_turret
36a6454f13b54f18,gun_ultimate_turret
6beb3e37b43a2378,gun_ultimate_turret_mp
6c0d4037b4570d44,gun_ultimate_turret_wz
6cbce408f40df23d,gun_ultimate_turret_zm_platinum
2eaef6ae3b6fee65,gun_ultimate_turret_zm_tungsten
5c1d6db952a5f25b,hatchet_bb_mp
3ee1a06954ff48c8,hatchet_mp
3e97a26954c113b4,hatchet_wz
7b5a77a85b0ffab7,heal_aoe
379869d5b6da974b,heal_aoe_1
37986ad5b6da98fe,heal_aoe_2
37986bd5b6da9ab1,heal_aoe_3
37986cd5b6da9c64,heal_aoe_4
37986dd5b6da9e17,heal_aoe_5
388045c1ad0085de,helicopter_comlink_mp
656bf1456327aaf6,helicopter_guard
27256a3fc2d4f71c,helicopter_gunner_turret_primary
3980e1fcd260205b,helicopter_gunner_turret_rockets
5918790d6bf1a554,helicopter_gunner_turret_secondary
42e110bc04ad35b4,helicopter_gunner_turret_tertiary
5aeecf1d1b76563b,hero_annihilator_mp
67d4fc759f718a27,hero_annihilator_oic
7d0c261f963f6fd,hero_annihilator_oic_mp
5accc91d1b5965a3,hero_annihilator_wz
3bda1463816cec20,hero_bowlauncher2_mp
12df2a6ecc1e31f1,hero_bowlauncher3_mp
425d30988382a9ca,hero_bowlauncher4_mp
4a0bbd17ff6d500a,hero_bowlauncher_mp
54ffd72d46b8b506,hero_chakram_lh_lv1_mp
5524d42d46d7cc2a,hero_chakram_lh_lv1_zm
53e629281fc75871,hero_chakram_lh_lv2_mp
53c114281fa81885,hero_chakram_lh_lv2_zm
7ce1131cd51612a0,hero_chakram_lh_lv3_mp
7cc2101cd4fb5cf8,hero_chakram_lh_lv3_zm
1febde2d539d3fb,hero_chakram_lv1_mp
1cba8e2d50e56b3,hero_chakram_lv1_zm
272b83c98c88a5c4,hero_chakram_lv2_mp
26f188c98c5735fc,hero_chakram_lv2_zm
54b679cfef3cbd35,hero_chakram_lv3_mp
54758ccfef054689,hero_chakram_lv3_zm
6837931ce185238c,hero_flamethrower
2b61d2bf5de57f94,hero_flamethrower_mp
5cc891192caef7b9,hero_flamethrower_t8_lv1_mp
5d0f8c192ceaf1dd,hero_flamethrower_t8_lv1_zm
33db9f24776c6d4e,hero_flamethrower_t8_lv2_mp
3400ac24778b9fa2,hero_flamethrower_t8_lv2_zm
5e6c952ad7987a9f,hero_flamethrower_t8_lv3_mp
5e1e882ad7564337,hero_flamethrower_t8_lv3_zm
2bbac4bf5e3190a0,hero_flamethrower_wz
535db50d62c144f9,hero_gravityspikes_t8_lh_lv1_mp
53a5b00d62fef21d,hero_gravityspikes_t8_lh_lv1_zm
7d8fc313c29ce68e,hero_gravityspikes_t8_lh_lv2_mp
7db4d013c2bc18e2,hero_gravityspikes_t8_lh_lv2_zm
5501b91f0daac7df,hero_gravityspikes_t8_lh_lv3_mp
54b3ac1f0d689077,hero_gravityspikes_t8_lh_lv3_zm
4a2639a07dcda376,hero_gravityspikes_t8_lv1_mp
49df56a07d91d21a,hero_gravityspikes_t8_lv1_zm
1f874b9a1d956661,hero_gravityspikes_t8_lv2_mp
1fcf569a1dd32eb5,hero_gravityspikes_t8_lv2_zm
45ebf5927f7265d0,hero_gravityspikes_t8_lv3_mp
463a12927fb4b868,hero_gravityspikes_t8_lv3_zm
2c6e6bee91d8d99e,hero_hammer_lv1_mp
2c2658ee919b03b2,hero_hammer_lv1_zm
52c41de6f3a7f649,hero_hammer_lv2_mp
529f38e6f38907ed,hero_hammer_lv2_zm
2b0714966c7f0bba,hero_hammer_lv3_bolt_zm
283327e0937be8f8,hero_hammer_lv3_mp
288114e093bdea00,hero_hammer_lv3_zm
6157d444f3a18a2d,hero_katana_t8_lv1_mp
6117b744f36b74f1,hero_katana_t8_lv1_zm
e83c24b5604ff82,hero_katana_t8_lv2_mp
ec3b74b563ad0c6,hero_katana_t8_lv2_zm
397678556543f633,hero_katana_t8_lv3_mp
39b0935565759c5b,hero_katana_t8_lv3_zm
36af33495d9aaadf,hero_lightninggun_arc_mp
368d3d495d7dd577,hero_lightninggun_arc_wz
4f8b39f5ce4816d2,hero_lightninggun_mp
4f6937f5ce2b2d06,hero_lightninggun_wz
4b2fa713b3ed11d3,hero_minigun_mp
542cdc58bb2d827c,hero_minigun_t8_lv1_mp
545fd158bb58c964,hero_minigun_t8_lv1_zm
7507f9c3c526368c,hero_minigun_t8_lv2_grenade_zm
2eed670c86e4af3,hero_minigun_t8_lv2_mp
328f170c89ff11b,hero_minigun_t8_lv2_zm
2c32102272f9d449,hero_minigun_t8_lv3_grenade_zm
176206ba12c4c42,hero_minigun_t8_lv3_mp
1b7156ba163d086,hero_minigun_t8_lv3_zm
10285306541d5cc1,hero_pineapple_grenade
7fd3e0a05af6509f,hero_pineapple_grenade_mp
7fb1eaa05ad97b37,hero_pineapple_grenade_wz
5bacf8ad6dc74e56,hero_pineapplegun_mp
154127ac67af815e,hero_pineapplegun_siege
5b8b06ad6daa7fba,hero_pineapplegun_wz
6491961c0365aeea,hero_scepter_lv1_mp
64d17b1c039b64fe,hero_scepter_lv1_zm
deb8810b9050b35,hero_scepter_lv2_mp
daa9b10b8cd9489,hero_scepter_lv2_zm
6060920a5650f3c4,hero_scepter_lv3_mp
6026970a561f83fc,hero_scepter_lv3_zm
720537ec83399fbe,hero_sword_pistol_lh_lv1_mp
71be24ec82fd7cd2,hero_sword_pistol_lh_lv1_zm
707f69e75becede9,hero_sword_pistol_lh_lv2_mp
705984e75bcc4c8d,hero_sword_pistol_lh_lv2_zm
190c73dc10dd5998,hero_sword_pistol_lh_lv3_mp
195b60dc11210da0,hero_sword_pistol_lh_lv3_zm
487df7cd0c1f3a73,hero_sword_pistol_lv1_mp
48b812cd0c50e09b,hero_sword_pistol_lv1_zm
19bbfdb4fede71fc,hero_sword_pistol_lv2_mp
19eef2b4ff09b8e4,hero_sword_pistol_lv2_zm
705f53bc9a7cce6d,hero_sword_pistol_lv3_mp
701e36bc9a450631,hero_sword_pistol_lv3_zm
70898115077aa570,homunculus_leprechaun_zm
1201342f0eaa5b50,homunculus_wz
11db472f0e89ac5c,homunculus_zm
7a40daf552c42fc0,incendiary_fire
16a16dc2653da4a8,incendiary_fire_zm
57bc4cca2d976a81,inventory_ability_dog_mp
62105e671cc83ec,inventory_ability_smart_cover
459c0007ec5e2470,inventory_ac130
3e49a53acb06720,inventory_ac130_mp
338b9a5ff94807aa,inventory_ai_tank_marker_mp
1bf811fa5d684607,inventory_chopper_gunner
65f8a13931095b50,inventory_counteruav
3e9eabb86ee717c0,inventory_counteruav_mp
30c16b73e79d048f,inventory_dart_mp
4a84280717235fae,inventory_drone_squadron_mp
7d7414cc14e69d00,inventory_gadget_spawnbeacon_mp
767212471b52f4df,inventory_helicopter_comlink
2c57b4482fbb2525,inventory_helicopter_comlink_mp
4557bd9f04730cb,inventory_helicopter_guard
1ec557912d16a338,inventory_hero_annihilator
4190425c961246b7,inventory_hero_flamethrower
4f347a4a61713f29,inventory_hero_pineapplegun
511b5c81a984baf9,inventory_hoverjet
49d514608adc6a24,inventory_jetfighter
67f88dbc909e85f8,inventory_napalm_strike
472e993181f32a0,inventory_napalm_strike_zm
3243350071038ce0,inventory_noweapon_napalm_strike_zm
561b772c6e726ebd,inventory_noweapon_planemortar_zm
2e85cc3c8ca1e315,inventory_nuke
3584f5f92982d8d5,inventory_overwatch_helicopter_mp
32e42e73ca3cf0bb,inventory_planemortar
afc54c17a3e4959,inventory_planemortar_mp
b434fc17a7a437d,inventory_planemortar_zm
74750beb3e7e3371,inventory_ray_gun
4ec984c64fe2e176,inventory_recon_car
692519f8483f4b66,inventory_recon_car_mp
62a2088c3368ea,inventory_recon_plane
48635321626a6e9d,inventory_remote_missile
4143a2b750748e33,inventory_remote_missile_mp
417dbdb750a6345b,inventory_remote_missile_zm
612a3485cc66289a,inventory_sig_bow_flame
dfe75a51971578,inventory_sig_bow_flame2
dfe85a5197172b,inventory_sig_bow_flame3
dfed5a51971faa,inventory_sig_bow_flame4
dfee5a5197215d,inventory_sig_bow_flame5
18b487e502ffcb22,inventory_sig_bow_flame_alt
7a8dfa2418a60c30,inventory_sig_bow_flame_alt2
7a8dfb2418a60de3,inventory_sig_bow_flame_alt3
7a8e002418a61662,inventory_sig_bow_flame_alt4
7a8e012418a61815,inventory_sig_bow_flame_alt5
1bb82c01e27085a2,inventory_sig_lmg
1f956344b73eb865,inventory_spy_med_pack
2f0cfdc277efffcb,inventory_spy_wanted_order
4307d5aaa7ce21d4,inventory_straferun
b4a6a030ce1282c,inventory_straferun_mp
2d7bdb1de62ef81d,inventory_supplydrop_marker
7a0d7b9e67a966b3,inventory_supplydrop_marker_mp
21d1a9fe7d470277,inventory_swat_team_mp
73f41ae07ef2ba54,inventory_uav
327f44d7ad2205ac,inventory_uav_mp
1685be38c21f1042,inventory_ultimate_turret
3dd237cc7a937c2a,inventory_ultimate_turret_mp
6bf7a941e385e178,inventory_weapon_armor
570034544951cb42,ir_strobe
249b3606dc00652a,ir_strobe_mp
36d39ebc29109d2d,item_supplydrop
397bd80cf477986a,jetfighter_missile
41ed905b16de92f4,jetski_camera_turret
3239dc17090aa400,jetski_camera_turret_alt
7be411e83fb08e05,killstreak_ai_tank_mp
15a0f4bd0b460c0d,killstreak_qrdrone_mp
da3712362f9ccbe,killstreak_remote
7993749c94189bd9,klaus_command_zm
57bd2e96f2f8a190,knife_held
796913e2736706d7,knife_loadout_mp
7a910d220f3767fa,knife_loadout_upgraded
30a4d4d10fc54276,knife_zm
675e85b293a65c14,land_mine_cp
1a377db5bfa579f3,launcher_freefire_t9_upgraded
fed1d37eb0c62b,launcher_standard_operator_t8_wz
6053adc68cb15bb0,launcher_standard_t8_mp
1c3be4d6d4934447,launcher_standard_t8_upgraded_zm
60acbfc68cfda31c,launcher_standard_t8_wz
60a1cac68cf3ae48,launcher_standard_t8_zm
27ddfbcf7111c2fb,launcher_standard_t9_duga
3a8caba79a056fc4,launcher_standard_t9_upgraded
148e5880a4f4d46f,lightning_links
3d62b9c92bbca893,lightning_links_1
3d62bac92bbcaa46,lightning_links_2
3d62bbc92bbcabf9,lightning_links_3
3d62bcc92bbcadac,lightning_links_4
3d62bdc92bbcaf5f,lightning_links_5
2e39312fd8e5cd84,listening_device_spy
4ecb47cba08859a8,littlebird_guard_minigun
44589b0d859300e5,lmg_accurate_t9_upgraded
cc26aad025769c2,lmg_double_t8_mp
1eea27e1a6a187bd,lmg_double_t8_upgraded_zm
d0d68ad029751d6,lmg_double_t8_wz
d035fad028eee06,lmg_double_t8_zm
70cb1c2da27e0190,lmg_fastfire_t9
7cf9387534cade01,lmg_fastfire_t9_upgraded
335924ba1c666165,lmg_heavy_t8_gold_wz
5989fb7bfa483194,lmg_heavy_t8_mp
362b09b766cb9c33,lmg_heavy_t8_upgraded_zm
59e2ed7bfa9442a0,lmg_heavy_t8_wz
59bce07bfa735d4c,lmg_heavy_t8_zm
228ab35af2dae712,lmg_juggernaut_t9
4e81ab43a74f9f59,lmg_light_robot_mp
6bb91d7ae16bb793,lmg_light_t9_upgraded
22dc11075b03ac32,lmg_slowfire_t9_upgraded
22968b857f5ce43,lmg_spray_t8_gold_wz
52d171307f8dfa3a,lmg_spray_t8_mp
3617a39a3005b085,lmg_spray_t8_operator_wz
6d79f3c1012fd3c5,lmg_spray_t8_upgraded_zm
52795f307f4365ce,lmg_spray_t8_wz
52a576307f68c7ce,lmg_spray_t8_zm
2a6ee75b355c4023,lmg_standard_t8_gold_wz
619c5795dd63b7da,lmg_standard_t8_mp
2e3216f365eecf65,lmg_standard_t8_operator_wz
42a25995be1c3225,lmg_standard_t8_upgraded_zm
61444595dd19236e,lmg_standard_t8_wz
61705c95dd3e856e,lmg_standard_t8_zm
7fdfd93ac9369655,lmg_stealth_t8_gold_wz
7235b63333be1664,lmg_stealth_t8_mp
b2b8f5392318a17,lmg_stealth_t8_operator_wz
6cad832e49830763,lmg_stealth_t8_upgraded_zm
7221a83333ad5590,lmg_stealth_t8_wz
71fcbb33338e599c,lmg_stealth_t8_zm
2eb9b535f09d1b3c,mannequin_ai_defaultmelee_mp
5e33600d27078649,mechz_melee
5a7109d252fcdd69,melee_actionfigure_t8_mp
5a5c0fd252ea8b91,melee_actionfigure_t8_wz
747de96e67fdfa0b,melee_amuletfist_t8_mp
74c8e36e683ddb53,melee_amuletfist_t8_wz
2fd630b6c3f38193,melee_baseballbat_t9
4aa507ecfabf584,melee_baseballbat_t9_upgraded
68a1c3aa7e98d10c,melee_battleaxe_t9
4f60c436c17984b5,melee_battleaxe_t9_upgraded
477c40f927d54900,melee_bowie_bloody_mp
476852f927c4be8c,melee_bowie_bloody_wz
28c511c610ce74ce,melee_bowie_wz
69793892571149b9,melee_cane_t9
44cec6cd46d6990a,melee_cane_t9_upgraded
35e58f7e797fc987,melee_club_t8_mp
358c897e7933967f,melee_club_t8_wz
18228a2c81e439ca,melee_coinbag_t8_mp
1837782c81f6773e,melee_coinbag_t8_wz
3af942ef08dcbd4a,melee_coldwar_t9_dw
7c9376e0e68e89db,melee_coldwar_t9_dw_upgraded
3b1545ef08f53d1b,melee_coldwar_t9_lh
632154e165fce00c,melee_coldwar_t9_lh_upgraded
1d3a430113474e56,melee_cutlass_t8_mp
1d185101132a7fba,melee_cutlass_t8_wz
4a7d691a4877d20e,melee_demohammer_t8_mp
4a91671a488877b2,melee_demohammer_t8_wz
94d57d930b7b0f5,melee_etool_t9
63b33204197f67ee,melee_etool_t9_upgraded
3f47e8be065a0dc0,melee_infected_knife_t9
34589063d8a49594,melee_mace_t9
7a0ceabf0b80dfbd,melee_mace_t9_upgraded
22ae60246b483a43,melee_machete_t9
61b3e2efa78ea114,melee_machete_t9_upgraded
3bb2c573b2dfc889,melee_sai_t9_dw
3ed8ac521638597a,melee_sai_t9_dw_upgraded
3b97be73b2c8f4ec,melee_sai_t9_lh
28f6b6a2174b89d5,melee_sai_t9_lh_upgraded
75224185e7789694,melee_scream_knife_sdm_t9
28fdaa999c8aa3af,melee_scream_knife_t9
286a56198b0e7d08,melee_scream_knife_t9_upgraded
6518b25ee10d7f7e,melee_scythe_t9
3e4e4f6831a18917,melee_scythe_t9_upgraded
2e711075e6ae822e,melee_secretsanta_t8_mp
2e860e75e6c0dad2,melee_secretsanta_t8_wz
363d58d2c8a0597,melee_slaybell_t8_mp
378cf8d2c9c576f,melee_slaybell_t8_wz
40a7572272724186,melee_sledgehammer_t9
537b94a09bd1867f,melee_sledgehammer_t9_upgraded
2a5c05b004dbda0a,melee_stopsign_t8_mp
2a6ff3b004ec647e,melee_stopsign_t8_wz
460bc598f95372f5,melee_wakizashi_t9
34a3d5e05d7acdee,melee_wakizashi_t9_upgraded
102e039bb1d1cf7f,melee_zombiearm_t8_mp
100c0d9bb1b4fa17,melee_zombiearm_t8_wz
e0c9777763abff5,mimic_melee
453e566fa9b6fa40,mimic_projectile
71a5a304a66b5bc9,mini_turret
271ae987a9fe9c97,mini_turret_mp
2739cc87aa191bdf,mini_turret_zm
7be1faad20a192c8,minigun
6fb61bc95fdf307c,minigun_siege
7db4ec1abea42650,minigun_zm
23dd6039fe2f36c6,molotov_fire
5791eb6448a65228,molotov_fire_cp
578adf6448a01f16,molotov_fire_mp
59da21528d07a9fa,molotov_fire_small
214b73a275d05ab2,molotov_fire_small_mp
212971a275b370e6,molotov_fire_small_wz
211f88a275ab4376,molotov_fire_small_zm
1ff89d7b2da17d4c,molotov_fire_tall
4e53ae39dcb1e254,molotov_fire_tall_mp
4eaba039dcfc4060,molotov_fire_tall_wz
4e869339dcdd0e0c,molotov_fire_tall_zm
4e98ef623278205f,molotov_fire_wall
20e33d8fc73833a5,molotov_fire_wall_mp
2105438fc755243d,molotov_fire_wall_wz
210f308fc75d5879,molotov_fire_wall_zm
5768ed644883507a,molotov_fire_wz
5743fc6448644dba,molotov_fire_zm
6f5e3a0e77b512da,molotov_steam
5eb8c41d671c2452,molotov_steam_mp
5e96c21d66ff3a86,molotov_steam_wz
5e8bd91d66f55a16,molotov_steam_zm
2edcab3030086e71,motorcycle_camera_turret
3905be028ede7a2f,motorcycle_t9_camera_turret
3c1dd40eaecbab2b,motorcycle_t9_camera_turret_alt
411beca1ae1c7eed,muscle_car_driver_turret
5d5dc76ee1900bf2,music_box_zm
5d3f1e888ae9e7da,mute_smoke_mp
72c14c150086340c,napalm_strike_fire
78a35da92bd92644,napalm_strike_fire_water
6890f205e1cddc52,napalm_strike_marker
12f078ddc9b913c3,nightingale_zm
2ca35808b452d993,notdowned
6befa4e45eef7681,notdowned_mp
6c119ae45f0c4be9,notdowned_wz
5d4f5d2eac21dd9a,noweapon
37426bfcc5bf02ac,noweapon_cp
183ddeea72e71f27,noweapon_napalm_strike_zm
3f33adcbed7f6c86,noweapon_planemortar_zm
60cb3fd3716d711e,noweapon_zm_field_upgrade
52e8029a24a2d7e5,noweapon_zm_field_upgrade_bunny
5a7fd1af4a1d5c9,null_offhand_hero_gadget
3406a5180b6e1a97,null_offhand_hero_gadget_mp
341b9f180b806c6f,null_offhand_hero_gadget_wz
3474996a75324d5a,null_offhand_primary
7cdaecfbc34d37d2,null_offhand_primary_mp
7cb8eafbc3304e06,null_offhand_primary_wz
316561311d23b026,null_offhand_secondary
7bcd55ae02256cb6,null_offhand_secondary_mp
31be8125c7d0f273,null_offhand_ultimate
1a5e3d0fe3fc7a1,null_offhand_ultimate_mp
1c7d9d0fe5c9d09,null_offhand_ultimate_wz
755aa583c9e5247a,overwatch_helicopter_mp
2005079270bcd650,parachute_wz
53e219c67a18701e,pbr_gunner_rifle_wz
1371d83fac514d34,perseus_bolt_projectile_zm
4ac5cafd859880e6,pickup_health_regen_mp
75a109f4bda3d85,pistol_burst_t8_gold_wz
53ff3d441c38d8f4,pistol_burst_t8_mp
e8d7d8515c8acb6,pistol_burst_t8_oic_mp
41e1255940142f53,pistol_burst_t8_upgraded_zm
54572f441c833700,pistol_burst_t8_wz
543222441c6404ac,pistol_burst_t8_zm
58befc4946435f61,pistol_burst_t9_dw
2ce3d130a2776a32,pistol_burst_t9_dw_upgraded
58dae549465bb304,pistol_burst_t9_lh
1ccc2907e2fc780d,pistol_burst_t9_lh_upgraded
7ea686a9e6a34c98,pistol_burst_t9_upgraded
180d298dc9bdafe7,pistol_fullauto_t8_gold_wz
44fe0e06ec7d3b8e,pistol_fullauto_t8_mp
7563d8d066991bc4,pistol_fullauto_t8_oic_mp
4ed2af639fa338a1,pistol_fullauto_t8_upgraded_zm
45120c06ec8de132,pistol_fullauto_t8_wz
45231b06ec9c6de2,pistol_fullauto_t8_zm
1f48092b20589001,pistol_fullauto_t9
1c881112379fc4d7,pistol_fullauto_t9_dw
4cb501299914890,pistol_fullauto_t9_dw_upgraded
1c6cf6123788cf3e,pistol_fullauto_t9_lh
16c2baeb34528d7,pistol_fullauto_t9_lh_upgraded
762ab59305ba3b92,pistol_fullauto_t9_upgraded
5989367244ae779c,pistol_revolver_t8_gold_wz
149e0a53fa2f4947,pistol_revolver_t8_mp
319b3ebb72c381c9,pistol_revolver_t8_oic_mp
49dacae7558ef67e,pistol_revolver_t8_operator_wz
68a5344bbc451046,pistol_revolver_t8_upgraded_zm
14460453f9e4c93f,pistol_revolver_t8_wz
14500d53f9ed2d0f,pistol_revolver_t8_zm
3ed4419427e0d85a,pistol_revolver_t9_cuba
1344474ed307e50e,pistol_revolver_t9_dw
4f5655b28a953dc7,pistol_revolver_t9_dw_upgraded
1329524ed2f13007,pistol_revolver_t9_lh
5e8197744e7dba20,pistol_revolver_t9_lh_upgraded
8930926b44733df,pistol_revolver_t9_upgraded
3f4901eae349fa30,pistol_semiauto_t9_dw
969789ddb6ea1e1,pistol_semiauto_t9_dw_upgraded
3f2e00eae33330c5,pistol_semiauto_t9_lh
5ca669c5a57685de,pistol_semiauto_t9_lh_upgraded
e58e352069bc0a5,pistol_semiauto_t9_upgraded
2b2738038b4c33be,pistol_semiauto_t9_zm_elemental_pop
31cbf6c78af231e7,pistol_shotgun_t9
5f27eb77da8c0789,pistol_shotgun_t9_dw
68ffd1ca728b067a,pistol_shotgun_t9_dw_upgraded
5f0ce477da7533ec,pistol_shotgun_t9_lh
531ddc1a739e36d5,pistol_shotgun_t9_lh_upgraded
4d26fe8a4c3a8340,pistol_shotgun_t9_upgraded
2faf13fc52eb4a82,pistol_standard_mp
6b656fd1184e23ee,pistol_standard_t8_gold_wz
2273979cd012b8b9,pistol_standard_t8_mp
622c992c8fb19257,pistol_standard_t8_oic_mp
7553b8b22b40110c,pistol_standard_t8_upgraded_zm
22cb9d9cd05d38c1,pistol_standard_t8_wz
22ba929cd04eb2dd,pistol_standard_t8_zm
2fef08fc53211bc6,pistol_standard_zm
23a0ea45c29c6310,pistol_topbreak_t8_lh_upgraded_zm
1ec9eab0931c9a8e,pistol_topbreak_t8_mp
43d06c2d7ba1eac4,pistol_topbreak_t8_oic_mp
79d1f7e348c145a1,pistol_topbreak_t8_upgraded_zm
1eeef7b0933bcce2,pistol_topbreak_t8_zm
4eb46077410a74cf,pistolscope_oic_pistol_revolver_t8_mp
67365620ed7634a5,pistolscope_pistol_revolver_t8_mp
42b774126a3d5500,pistolscope_pistol_revolver_t8_upgraded_zm
67624920ed9b5979,pistolscope_pistol_revolver_t8_zm
76b68cf0ae7b8eac,pistolscope_smg_fastburst_t8_mp
2c52110a64beea7b,pistolscope_smg_fastburst_t8_upgraded_zm
767ca1f0ae4a3a14,pistolscope_smg_fastburst_t8_zm
41b2322c33cfd29c,pistolscope_special_crossbow_t8_mp
77bcb2ed9be909cb,pistolscope_special_crossbow_t8_upgraded_zm
41e5272c33fb1984,pistolscope_special_crossbow_t8_zm
2c1164a111243814,planemortar_mp
7eca6eae4128f3a0,player_air_vehicle1_main_turret_3rd_person
7d548e7d0b888d62,player_air_vehicle1_main_turret_3rd_person_swat
7ce568de41aecc59,player_helicopter_gunner_turret
3d22d54be787967c,player_hind_gunner1_turret
f392ad64af25bce,player_hind_gunner1_zombietron_turret
ada92584a52b8ef,player_hind_main_turret_3rd_person_zombietron
27a1f33e9f0034d0,player_hoverjet_bullet_turret
180035d2349984a1,player_hoverjet_main_turret_3rd_person
4d90f1e965942e14,player_light_helicopter_gunner_turret_wz
4ccbdb4876f0a027,proximity_grenade
5d6fafed250ce189,proximity_grenade_aoe_mp
5afd3b0cdd1ba8fd,proximity_grenade_mp
5b2a3e0cdd429c01,proximity_grenade_zm
50c7dfa67c3f185b,quadtank_main_turret_player
7847b8511647815a,ray_gun
47faefbd3fe7fed0,ray_gun_mk2_upgraded_zm
25b9a4ea7a3ff4cd,ray_gun_mk2_wz
25c3b1ea7a485f69,ray_gun_mk2_zm
3ba428c53ad5ac2c,ray_gun_mk2v_upgraded_zm
16a145aaa5433ebd,ray_gun_mk2v_zm
206fcd2dd46a1bd,ray_gun_mk2x_dw_zm
4a6fe57b858eae96,ray_gun_mk2x_lh_zm
12f2109ca75dea03,ray_gun_mk2x_wz
12e1019ca74f5d53,ray_gun_mk2x_zm
76aaea267598babf,ray_gun_mk2y_charged_zm
17c41edb5f75dabc,ray_gun_mk2y_upgraded_charged_zm
6c6c671421bc80b5,ray_gun_mk2y_upgraded_zm
67c74e9297ede97e,ray_gun_mk2y_wz
67f445929814c81e,ray_gun_mk2y_zm
28a15b3ef401ed10,ray_gun_mk2z_upgraded_zm
3a3d588c353b850d,ray_gun_mk2z_wz
3a47658c3543efa9,ray_gun_mk2z_zm
442513ce520ef3d2,ray_gun_mp
5f45cf57e1bee38b,ray_gun_upgraded
1dbae57e14f6d92d,ray_gun_upgraded_zm
440311ce51f20a06,ray_gun_wz
43f828ce51e82996,ray_gun_zm
3c512d5a769a738b,recon_car_mp
3c9c275a76da54d3,recon_car_wz
3c8b385a76cbfe83,recon_car_zm
165bcc9977521521,recon_plane
34038f755b300d3a,remote_missile_bomblet
263ff56f4175e9f2,remote_missile_bomblet_mp
33be4792feeabece,remote_missile_mini
5ae515e967c2a10e,remote_missile_mini_mp
431fcb7cb12f6767,remote_missile_missile
1d5dc97a66ef593d,remote_missile_missile_mp
3e1dd0235160ec84,remote_missile_mp
3de3d523512f7cbc,remote_missile_zm
596a3e1585cc3eb7,rider_spear_projectile_zm
1d9cb9dbd298acba,ring_of_fire
631a223758cd92a,ring_of_fire_1
631a123758cd777,ring_of_fire_2
631a023758cd5c4,ring_of_fire_3
6319f23758cd411,ring_of_fire_4
6319e23758cd25e,ring_of_fire_5
72010c453d5a208e,riotshield
58c4b3f648f66222,riotshield_zm
58b4cab1ca95ae6e,rotor_blade
7394b28b8f9b6d60,satlink_weapon
4cf35ca9b4189794,satlink_weapon_dw
4cd863a9b401dbc1,satlink_weapon_lh
131f7cf44a2764e3,scavenger_item
61e0f5df72dad39f,scavenger_item_cp
61e701df72df53b1,scavenger_item_mp
619cf7df72a10a39,scavenger_item_wz
4b625c9128d60c6a,sedan_driver_turret
7fad43497823bd72,sedan_driver_turret_alt
1f85651f0ee41db5,seeker_mine_arc_mp
4336ca6215cadbbc,seeker_mine_success_mp
3e060e0b6dee1c4c,shock_rifle_mp
440149c36c45e687,shocked_hands_mp
280137daa841c130,shotgun_fullauto_t8_gold_wz
5d24cebed0a8ec7b,shotgun_fullauto_t8_mp
50a5c88ba2f3e902,shotgun_fullauto_t8_upgraded_zm
5d02c8bed08bfbe3,shotgun_fullauto_t8_wz
5cf1b9bed07d6f33,shotgun_fullauto_t8_zm
7a7bd99ab5e9bd82,shotgun_fullauto_t9
e28d994eb1a693,shotgun_fullauto_t9_upgraded
11d566ca27a342b2,shotgun_leveraction_t9
1ea8aea0a73bfea3,shotgun_leveraction_t9_upgraded
abc7d0d61699331,shotgun_precision_t8_mp
7143f3cbcea4be74,shotgun_precision_t8_upgraded_zm
a72730d612b49b9,shotgun_precision_t8_wz
a97680d614a5345,shotgun_precision_t8_zm
24ce62991058c66c,shotgun_pump_t8_gold_wz
19b38048511326b7,shotgun_pump_t8_mp
1edcfc0e77c1a316,shotgun_pump_t8_upgraded_zm
19c77a485123c58f,shotgun_pump_t8_wz
19d16348512bf2ff,shotgun_pump_t8_zm
59419d47968c50cf,shotgun_pump_t9_upgraded
6e24684372bdc902,shotgun_pump_t9_wardens_shotgun
32012548007b8113,shotgun_pump_t9_wardens_shotgun_upgraded
56ab98b062adb7f5,shotgun_semiauto_t8_gold_wz
32d91315f21f0b44,shotgun_semiauto_t8_mp
4bf0970f2309de83,shotgun_semiauto_t8_upgraded_zm
32c50515f20e4a70,shotgun_semiauto_t8_wz
329f1815f1ed9b7c,shotgun_semiauto_t8_zm
7e6908c283302be8,shotgun_semiauto_t9_upgraded
19987d196b3b1c05,shotgun_trenchgun_t8_mp
26d21af0213841b,shotgun_trenchgun_t8_upgraded_grenade_zm
562cd4c347364ba0,shotgun_trenchgun_t8_upgraded_zm
19c470196b6040d9,shotgun_trenchgun_t8_zm
36fe71bb75a52d1,sig_blade_mp
4181c901afd48411,sig_blade_projectile_mp
324dd1bb71a5659,sig_blade_wz
6653bca8043d05a9,sig_bow_flame2
6653bba8043d03f6,sig_bow_flame3
6653bea8043d090f,sig_bow_flame4
6653bda8043d075c,sig_bow_flame5
1e9cc6fd3d4ca8f9,sig_bow_flame_alt
510eeb4f2942d0f1,sig_bow_flame_alt2
510eea4f2942cf3e,sig_bow_flame_alt3
510eed4f2942d457,sig_bow_flame_alt4
510eec4f2942d2a4,sig_bow_flame_alt5
2b294423c2ed73b7,sig_bow_quickshot2_mp
54232e18783a7ae6,sig_bow_quickshot3_mp
9ff834324dfaf5,sig_bow_quickshot4_mp
2d010228ea801484,sig_bow_quickshot5_mp
64bfd08f30c3796f,sig_bow_quickshot_alt2_mp
37a1da88ce6c33de,sig_bow_quickshot_alt3_mp
3d9ca49fa307600d,sig_bow_quickshot_alt4_mp
3bb7ce9a7b6a0c1c,sig_bow_quickshot_alt5_mp
3bbd28c011b70427,sig_bow_quickshot_alt_mp
24039f1bf9b63fdf,sig_bow_quickshot_mp
23e1a91bf9996a77,sig_bow_quickshot_wz
464ac35dbc53a2ef,sig_buckler_dw_mp
19a1b96c6810440c,sig_buckler_lh_mp
4d021fb99c9b6e22,sig_buckler_turret_mp
25b9fb682a777869,sig_lmg
5871913c569620bf,sig_lmg_alt_mp
287ba8653795b277,sig_lmg_mp
3c766fdbf47c6bb2,sig_minigun_alt_mp
5cbdd004a49b685a,sig_minigun_mp
4e85b02e4b621a9c,sig_minigun_turret_24_mp
3e2867c7f31ef410,sig_minigun_turret_28_mp
36534e2e337dc719,sig_minigun_turret_32_mp
ffb26504ff33fdd,sig_minigun_turret_36_mp
6ccb781646fe0d2e,sig_minigun_turret_40_mp
46107034b45eb332,sig_minigun_turret_44_mp
34575452eba07c65,smart_cover_detonator
6d9b84eda0c00e8b,smart_cover_detonator_mp
6de67eeda0ffefd3,smart_cover_detonator_wz
77f82adf7d4872f7,smg_accurate_t8_gold_wz
2b7db8b6a24cd2be,smg_accurate_t8_mp
541cabc297ad6569,smg_accurate_t8_operator_wz
4efe381c018fc571,smg_accurate_t8_upgraded_zm
2b25b6b6a2025982,smg_accurate_t8_wz
2b36a5b6a210afd2,smg_accurate_t8_zm
5f1d39574585b511,smg_accurate_t9
6cf4eebd901db42,smg_accurate_t9_upgraded
68c320ce6e422270,smg_burst_t9_upgraded
7e2afbf6c82ea09d,smg_capacity_t8_gold_wz
1e4ef4f27bae874c,smg_capacity_t8_mp
666e76b6a399635f,smg_capacity_t8_operator_wz
8fc518d9fe62cdb,smg_capacity_t8_upgraded_zm
1e04f6f27b705238,smg_capacity_t8_wz
1e1609f27b7ee5b4,smg_capacity_t8_zm
350adef738b655c0,smg_capacity_t9_upgraded
278e52b904ea7e6b,smg_cqb_t9
694908198e6e96bc,smg_cqb_t9_upgraded
f8d3b009374a784,smg_drum_pistol_t8_mp
6be4b4a0684421c3,smg_drum_pistol_t8_upgraded_zm
f534000934337bc,smg_drum_pistol_t8_zm
5db5217589c5f3d7,smg_fastburst_t8_gold_wz
1c7b84fff8ecf65e,smg_fastburst_t8_mp
72c1f293d65333d1,smg_fastburst_t8_upgraded_zm
1c2382fff8a27d22,smg_fastburst_t8_wz
1c3471fff8b0d372,smg_fastburst_t8_zm
673c1f4737de6baf,smg_fastfire_t8_gold_wz
5c316cd3c3c2a016,smg_fastfire_t8_mp
d0a1fd7d80759a1,smg_fastfire_t8_operator_wz
6a9bb717a8f43219,smg_fastfire_t8_upgraded_zm
5c0f7ad3c3a5d17a,smg_fastfire_t8_wz
5bea89d3c386ceba,smg_fastfire_t8_zm
6436cdb615a2bb79,smg_fastfire_t9
76e5e59b6a7d78ca,smg_fastfire_t9_upgraded
7a9d35a0f888b881,smg_flechette_t9
42075af2b5383d12,smg_flechette_t9_upgraded
37240cce6bc55a14,smg_folding_t8_gold_wz
275b2465544eecbf,smg_folding_t8_mp
3ca31c6628ec234e,smg_folding_t8_upgraded_zm
27392e6554321757,smg_folding_t8_wz
270d1765540cb557,smg_folding_t8_zm
73cd3188c6f7b737,smg_handling_t8_dw_mp
73e12b88c708560f,smg_handling_t8_dw_wz
73eb1488c710837f,smg_handling_t8_dw_zm
1f026006e0c05d22,smg_handling_t8_gold_wz
7944f78a8d729694,smg_handling_t8_lh_mp
799de98a8dbea7a0,smg_handling_t8_lh_wz
7977dc8a8d9dc24c,smg_handling_t8_lh_zm
1aed76adc542d15d,smg_handling_t8_mp
198d7067115d11d4,smg_handling_t8_upgraded_dw_zm
71858dbf2a46ab7,smg_handling_t8_upgraded_lh_zm
3b64c598ec003b08,smg_handling_t8_upgraded_zm
1b466cadc58ee935,smg_handling_t8_wz
1b1979adc5681161,smg_handling_t8_zm
5181d365ab72d03d,smg_handling_t9_upgraded
754ccf41c6fa6ead,smg_heavy_t9_upgraded
618e9ce8734844ed,smg_minigun_t8_mp
4927f3df3ddec8f8,smg_minigun_t8_upgraded_zm
617992e87335d7e5,smg_minigun_t8_wz
614d7fe873107cb1,smg_minigun_t8_zm
1feb410195b728a9,smg_mp40_t8_mp
23a413f11760a95c,smg_mp40_t8_upgraded_zm
1fd7470195a689d1,smg_mp40_t8_wz
1fc65c0195983a4d,smg_mp40_t8_zm
77396efff4e79686,smg_season6_t9
39c766272c34d57f,smg_season6_t9_upgraded
773a513fbaa45fb4,smg_semiauto_t9
2ade66df7e330c1d,smg_semiauto_t9_upgraded
69868331b3d3cec2,smg_spray_t9
1896586b70dc4cd3,smg_spray_t9_upgraded
306ec85666e78e56,smg_standard_t8_gold_wz
7b6445b709c08321,smg_standard_t8_mp
3816defc5ae61484,smg_standard_t8_upgraded_zm
7b863bb709dd5889,smg_standard_t8_wz
7bab50b709fc9875,smg_standard_t8_zm
5a37062f95f531d1,smg_standard_t9_upgraded
49ae14adfe946918,smg_thompson_t8_mp
57fdc6b25bee0eff,smg_thompson_t8_upgraded_zm
49fd01adfed81d20,smg_thompson_t8_zm
63089512bb6960f1,smg_vmp_t8_mp
36c9e39d4f599034,smg_vmp_t8_upgraded_zm
62bd8b12bb296479,smg_vmp_t8_wz
62e38012bb4a2105,smg_vmp_t8_zm
6c8357b4c7a3fd2e,smoke_center
67c945c5862bd2ae,smoke_center_mp
43f69996d6cbbd89,sniper_accurate_t9
4eb43607e029887a,sniper_accurate_t9_upgraded
6d4147003a863d04,sniper_cannon_t9
6c8d39be6c0b60d,sniper_cannon_t9_upgraded
6a688f0cbb8cf3ab,sniper_damagesemi_t8_mp
368c9bd9c65f6b52,sniper_damagesemi_t8_upgraded_zm
6ab3890cbbccd4f3,sniper_damagesemi_t8_wz
6aa29a0cbbbe7ea3,sniper_damagesemi_t8_zm
a7f6bea1d4d43e6,sniper_fastrechamber_t8_gold_wz
6514807ef1137d11,sniper_fastrechamber_t8_mp
6ceeed574c6c48a8,sniper_fastrechamber_t8_operator_wz
41a468bfa4453214,sniper_fastrechamber_t8_upgraded_zm
64c9767ef0d38099,sniper_fastrechamber_t8_wz
64ef6b7ef0f43d25,sniper_fastrechamber_t8_zm
434ef9c4b81e97b4,sniper_locus_t8_mp
49dfa04ccb5f2c13,sniper_locus_t8_upgraded_zm
43a6ebc4b868f5c0,sniper_locus_t8_wz
4381dec4b849c36c,sniper_locus_t8_zm
72e4539e5d683717,sniper_mini14_t8_gold_wz
4d5f7c80d34cee9e,sniper_mini14_t8_mp
63296138c838da89,sniper_mini14_t8_operator_wz
1dddf02a911f2511,sniper_mini14_t8_upgraded_zm
4d067a80d300c262,sniper_mini14_t8_wz
4d176980d30f18b2,sniper_mini14_t8_zm
4183b33cd08bd79c,sniper_powerbolt_swat_t8_mp
7503c7254d19035d,sniper_powerbolt_t8_gold_wz
11e00dd482d1a20c,sniper_powerbolt_t8_mp
4b484d28575f7d9b,sniper_powerbolt_t8_upgraded_zm
11950fd48291b9f8,sniper_powerbolt_t8_wz
11a622d482a04d74,sniper_powerbolt_t8_zm
106af36e3160a1e6,sniper_powersemi_t8_gold_wz
6b30b5bae9920711,sniper_powersemi_t8_mp
706ac2e3b2457014,sniper_powersemi_t8_upgraded_zm
6ae5abbae9520a99,sniper_powersemi_t8_wz
6b0ba0bae972c725,sniper_powersemi_t8_zm
2076e0198b733341,sniper_powersemi_t9_upgraded
402c8a13bba6323e,sniper_quickscope_t8_gold_wz
2fa88feb2d5d1069,sniper_quickscope_t8_mp
157979a20ec80020,sniper_quickscope_t8_operator_wz
682633202f4ba21c,sniper_quickscope_t8_upgraded_zm
2f9395eb2d4abe91,sniper_quickscope_t8_wz
2f82aaeb2d3c6f0d,sniper_quickscope_t8_zm
3b007265fe6119a9,sniper_quickscope_t9_upgraded
946378a078362b9,sniper_standard_t9_upgraded
4b7e4696d38d13e3,snowball
130d55921df306f4,snowball_upgraded_zm
72e17d41062eef39,snowball_wz
5c0ea723dd93ca1b,snowball_yellow_upgraded_zm
7d4c8817aef65ef4,snowball_yellow_zm
73067241064df8c5,snowball_zm
1402ff7c78285d9,snowmobile_camera_turret
2f9f4bed26ac00d1,snowmobile_camera_turret_alt
642c7b34d6909047,spawn_beacon_held_mp
20707e68c6537bcb,special_ballisticknife_freezing_t8_dw_zm
30a0a6ad8d3ca130,special_ballisticknife_freezing_t8_lh_zm
38dcf82d3a03244e,special_ballisticknife_t8_dw_dw_mp
38f0f62d3a13c9f2,special_ballisticknife_t8_dw_dw_wz
3902052d3a2256a2,special_ballisticknife_t8_dw_dw_zm
552f151c43ae036,special_ballisticknife_t8_dw_mp
1410978ec9e9cf97,special_ballisticknife_t8_dw_upgraded_dw_zm
561054189d3439f9,special_ballisticknife_t8_dw_upgraded_zm
530ff51c41e119a,special_ballisticknife_t8_dw_wz
50b0e51c3fd5bda,special_ballisticknife_t8_dw_zm
66330ebee6f35fbc,special_ballisticknife_t8_lh_lh_mp
665510bee7104988,special_ballisticknife_t8_lh_lh_wz
666603bee71ea6a4,special_ballisticknife_t8_lh_lh_zm
4649b2e86c7a6c25,special_ballisticknife_t8_lh_mp
1054a7c55a30f4af,special_ballisticknife_t8_lh_upgraded_lh_zm
17b58d0e47e27380,special_ballisticknife_t8_lh_upgraded_zm
466bb8e86c975cbd,special_ballisticknife_t8_lh_wz
4675a5e86c9f90f9,special_ballisticknife_t8_lh_zm
3e13285248686f27,special_ballisticknife_t9_dw
4650af6ac5c9ce80,special_ballisticknife_t9_dw_upgraded
3df82d524851afee,special_ballisticknife_t9_lh
30d658a39c0dc9e7,special_ballisticknife_t9_lh_upgraded
64341f30e575e96e,special_crossbow_t8_mp
267ace8c23d1ebc0,special_crossbow_t8_sas_mp
39c2a68bcb3137c1,special_crossbow_t8_upgraded_zm
64481d30e5868f12,special_crossbow_t8_wz
64592c30e5951bc2,special_crossbow_t8_zm
18a2b66939a974a1,special_crossbow_t9
c6535e906c2c072,special_crossbow_t9_upgraded
61e76b9c50cc0c9a,special_grenadelauncher_t9_upgraded
55c23f24d806e3a6,special_gunless_t9
5eb76916b647273d,special_nailgun_t9
1f564f586c2ec416,special_nailgun_t9_upgraded
40a11ca4961bb778,special_recurvebow_t9_2
40a11da4961bb92b,special_recurvebow_t9_3
40a122a4961bc1aa,special_recurvebow_t9_4
40a123a4961bc35d,special_recurvebow_t9_5
40a120a4961bbe44,special_recurvebow_t9_6
3a9e3b80897fd78e,spectre_grenade_wz
60086edefcc71127,spider_turret
b141f0c49dc08f4,spknifeork_flourish_zm
4913fa8955fbee45,spknifeork_wz
48e7e78955d69311,spknifeork_zm
d1679420058ced8,spoon_alcatraz_flourish_zm
69c7793a94f37a15,spoon_alcatraz_zm
f24c3bbe8d955ca,spork_alcatraz_flourish_zm
6645c519f68e587,spork_alcatraz_wz
63865519f43b9e7,spork_alcatraz_zm
2565a71514aa2b10,spy_med_pack
29e063b051470416,spy_wanted_order
77bd5473d6f16f10,stake_knife_flourish_zm
14f7a576a9dcd6ad,stake_knife_zm
2b47921791da6f0,steiner_projectile_blast
703eb1b835b3361f,sticky_grenade
7fa5047065cd92ba,sticky_grenade_extra_zm
57547ae2a2112265,sticky_grenade_mp
7e158ffd91aa3daf,sticky_grenade_widows_wine_zm
57816de2a237fa39,sticky_grenade_zm
61bd2dddf7c9dbc2,stoker_coal_bomb_cp
62121eddf8120244,stoker_coal_bomb_zm
758c92f7249cd780,stoker_melee
48fc340b10ec6667,straferun
53c354baea065ac2,straferun_gun
68a80332d77d3faa,straferun_gun_mp
6ed13b17f82fae3d,straferun_mp
5cd3b1599761aa21,straferun_rockets
64e822d5d624873f,straferun_rockets_mp
1f0d7bf7d09ca313,supplydrop
5e5be2a7b2ac422e,supplydrop_marker_mp
4b0111684ca60f01,supplydrop_mp
4b481c684ce22455,supplydrop_zm
3b38033eca0a3bdd,supplypod_catch
4ca73390d5281773,supplypod_catch_mp
17b1f4b69bd217b4,suv_camera_turret
3f62a872201cd1ce,swat_grenade_payload
39cbea5f680f520e,swat_grenade_payload_mp
39dfe85f681ff7b2,swat_grenade_payload_wz
6026d93f5cb91afe,swat_team_mp
58d46d6d3c93330b,syrette
494b5fb224374331,syrette_wz
493a74b22428f3ad,syrette_zm
114729f4d5a8d08c,tank_robot_launcher_turret_ct
117639f4d5d05c7e,tank_robot_launcher_turret_mp
78a462f65a5a2a09,tank_t8_main_turret_player_wz
5d5cbbae6d7c151e,tank_t9_gunner_m1a1
6320394d59539878,tank_t9_gunner_rifle
18a6e91edd79212f,tank_t9_gunner_zombietron
5148703df77be0b2,tank_t9_main_turret_zombietron
5ca4500b8f32b76e,thundergun_upgraded_zm
139bd1f364866cb7,thundergun_zm
2ea2865a0b81324e,thunderstorm_zm
57fcbff622b2ad9f,tomahawk_t8_upgraded_zm
11c57a725cdf97c4,tomahawk_t8_wz
351254cd4fc93d6e,tomahawk_t8_wz_pandemic
11f165725d04af00,tomahawk_t8_zm
5d6f444e983b62ca,toxic_growth
7a071f09cf16cbfa,toxic_growth_1
7a071e09cf16ca47,toxic_growth_2
7a071d09cf16c894,toxic_growth_3
7a071c09cf16c6e1,toxic_growth_4
7a071b09cf16c52e,toxic_growth_5
168b5ca8e9a283e6,tr_damageburst_t8_mp
434eb91312744809,tr_damageburst_t8_upgraded_zm
16d66aa8e9e2872a,tr_damageburst_t8_wz
16b159a8e9c34e0a,tr_damageburst_t8_zm
5cbdfa8fe857658c,tr_damagesemi_t9_upgraded
36830b3ab9fbdde,tr_fastburst_t9
1a451d00e6f15c37,tr_fastburst_t9_upgraded
5fd810d5a3b0164f,tr_flechette_t8_mp
ef5d9504871a73e,tr_flechette_t8_upgraded_zm
60221ad5a3ee5fc7,tr_flechette_t8_wz
5ff623d5a3c93427,tr_flechette_t8_zm
dd7fca1505093d9,tr_leveraction_t8_mp
3ecfa070f2ddcd6c,tr_leveraction_t8_upgraded_zm
e3002a1509b13e1,tr_leveraction_t8_wz
e1ef7a1508c8dfd,tr_leveraction_t8_zm
363aaf4f01d29134,tr_longburst_t8_gold_wz
5b4100b24d5fb91f,tr_longburst_t8_mp
46037f847b222f56,tr_longburst_t8_operator_wz
68b428bea297466e,tr_longburst_t8_upgraded_zm
5b1f0ab24d42e3b7,tr_longburst_t8_wz
5af2f3b24d1d81b7,tr_longburst_t8_zm
71609df31b5c4447,tr_longburst_t9_upgraded
2c2a21a89aa251f0,tr_midburst_t8_gold_wz
33374af2c76c73b,tr_midburst_t8_mp
1cbaa6657bed0872,tr_midburst_t8_operator_wz
2f99977053f792c2,tr_midburst_t8_upgraded_zm
3116eaf2c59d6a3,tr_midburst_t8_wz
3005faf2c4b49f3,tr_midburst_t8_zm
1ee22b08260bfd2,tr_powerburst_t9_upgraded
79a3b93ee57b1b1,tr_powersemi_t8_gold_wz
66baf073869420c0,tr_powersemi_t8_mp
1b4f20b8d6f143,tr_powersemi_t8_operator_wz
3ba66bfa0c727737,tr_powersemi_t8_upgraded_zm
66a602738681e34c,tr_powersemi_t8_wz
669bed7386796b18,tr_powersemi_t8_zm
119607358ad0adf5,tr_precisionsemi_t9_upgraded
2925931fd6ef7c1e,trophy_system_bb_mp
2be37874e59c623f,trophy_system_mp
355caaa1e2f55848,trophy_system_spy
2bc18274e57f8cd7,trophy_system_wz
314ca47eee0c74c7,truck_transport_camera_turret
6e790e34965ef6a3,truck_transport_camera_turret_alt
30c686be413b43af,truck_transport_t9_gunner_rifle
684744d5cbee69c2,tundragun_upgraded_zm
6e23e161136ff6f3,tundragun_zm
23d312e25459b4c9,turret_bo3_mil_vtol_nrc
393445a20d23a495,turret_boct_train
3369b0d9e82d6a7d,turret_vehicle_boct_mil_truck_cargo_wz
2c41859283a43b8f,turret_vehicle_pbr
4736c59c198cb12d,turret_vehicle_pbr_wz
60de2faf92a1ca65,turret_vehicle_zodiac
786078611502f035,turret_vehicle_zodiac_alt
7b51aae9dc4309d3,turret_vehicle_zodiac_wz
44b6ac9de3d37ee1,turret_zm_tungsten_turret
4c8193193df425af,uav
24a8f33a9b12ecd5,uav_mp
13367b3835d73936,uaz_camera_turret
1042857ed8aecd86,uaz_camera_turret_alt
2de3655840ae229d,ultimate_turret_deploy
4659dbcc6045ca33,ultimate_turret_deploy_mp
1098122a83b9026b,ultimate_turret_mp
7ca796a62c3f3967,van_camera_turret
52ea38778c7d2fb3,vip_harness
3de1a85de62a6282,vip_helicopter_rockets
7cc8d09456669782,warzone_remote_wz
1c50dd05ea20c755,waterballoon_wz
431ad64875ba31cf,werewolf_melee
12c7fedbc3006808,white_nova_crawler_projectile_zm
61621473989fd903,willy_pete_mp
61091e739853c12b,willy_pete_wz
612f0f73987476eb,willy_pete_zm
1fe57ee4604c88e2,wingsuit_camera_turret
d606b2787aa88bc,wraith_fire_fire_small_wz
d56762787a246e8,wraith_fire_fire_small_zm
55396abb866a25fe,wraith_fire_fire_tall_wz
556661bb8691049e,wraith_fire_fire_tall_zm
69dc7ad246101b17,wraith_fire_fire_wall_wz
69b063d245eab917,wraith_fire_fire_wall_zm
2bcbfc87b1670ce0,wraith_fire_fire_wz
2ba6ef87b147da8c,wraith_fire_fire_zm
68aa9e4957c38ccc,wraith_fire_steam_wz
68a0894957bb1498,wraith_fire_steam_zm
69461751fa492ea4,ww_axe_gun_melee_t9
5382c3fae4273fed,ww_axe_gun_melee_t9_upgraded
18696150427f2efb,ww_axe_gun_smg_t9
7eab88123b09e2c,ww_axe_gun_smg_t9_upgraded
1384ddfe5d885112,ww_blundergat_acid_t8_upgraded_zm
42091433870f2e63,ww_blundergat_acid_t8_zm
1d861ae1ddd5c62,ww_blundergat_fire_t8_unfinished_zm
2aaac48402d446dd,ww_blundergat_fire_t8_upgraded_zm
61939ddbdf40d266,ww_blundergat_fire_t8_zm
4ba57e1ab543ae5a,ww_blundergat_t8_upgraded_zm
6628e5b81ea9e84b,ww_blundergat_t8_wz
664ed6b81eca9e0b,ww_blundergat_t8_zm
5a0c9c99cd4df553,ww_crossbow_charged_t8_upgraded_zm
6e52eb319013e6ac,ww_crossbow_charged_t8_zm
5908bed1355cbb74,ww_crossbow_impaler_t8_wz
5934c9d135820910,ww_crossbow_impaler_t8_zm
51fec66e67edeb3e,ww_crossbow_t8_upgraded_zm
4027873ddc198bc7,ww_crossbow_t8_wz
3ffb903ddbf46027,ww_crossbow_t8_zm
56c80303c0a5a587,ww_freezegun_t8_upgraded_wz
569c0c03c08079e7,ww_freezegun_t8_upgraded_zm
52d2c7a2b082c228,ww_freezegun_t8_zm
2fc08852f394e718,ww_hand_c_charged_zm
64c28e159e811e6b,ww_hand_c_uncharged_zm
14950d710b3d3778,ww_hand_c_upgraded_zm
2c6f972743e02431,ww_hand_c_zm
5998a631b4da4974,ww_hand_g_charged_zm
74124298e23f9a17,ww_hand_g_uncharged_zm
4d4aff017c2e2e9c,ww_hand_g_upgraded_zm
53b2b708d6f3408d,ww_hand_g_zm
3d78330214d4d0cf,ww_hand_h_charged_zm
73ada1cc177c3f98,ww_hand_h_uncharged_zm
7570d1b608819be5,ww_hand_h_upgraded_zm
78f376ef8e52b12e,ww_hand_h_zm
1aee4b7139b0db1c,ww_hand_o_charged_zm
6330ce44163194cf,ww_hand_o_uncharged_zm
73e4103ad6947124,ww_hand_o_upgraded_zm
490f76c5d6979055,ww_hand_o_zm
655d944e437c3d5b,ww_ieu_acid_t9
189ef2dafffe1f4c,ww_ieu_acid_t9_upgraded
5dd5741f21fd680d,ww_ieu_electric_t9
4ee16eb0581e4646,ww_ieu_electric_t9_upgraded
43f15ab903e2e35,ww_ieu_gas_smoke_t9
6e0b27b854e591a3,ww_ieu_gas_t9
941005e056449b4,ww_ieu_gas_t9_upgraded
72796957033e2e4a,ww_ieu_plasma_t9
11363c24185fecdb,ww_ieu_plasma_t9_upgraded
3fa91d1674123e09,ww_ieu_shockwave_t9
294926d598e011fa,ww_ieu_shockwave_t9_upgraded
226d0ad69d9efa1,ww_mega_barrel_fullauto_blazer_beam_t9
13c5628d2e8de172,ww_mega_barrel_fullauto_blazer_beam_t9_upgraded
386308ed987052a4,ww_mega_barrel_fullauto_copycat_t9
2d0c14dce5a6ebed,ww_mega_barrel_fullauto_copycat_t9_upgraded
131a672d67787b26,ww_mega_barrel_fullauto_diffusion_beam_t9
c5ecf0ae6501e5f,ww_mega_barrel_fullauto_diffusion_beam_t9_upgraded
7bf7797b85b0089c,ww_mega_barrel_fullauto_micro_missile_t9
209d5c516bfdf9e5,ww_mega_barrel_fullauto_micro_missile_t9_upgraded
6042372cd71b6dd0,ww_random_ray_gun1_wz
601c4a2cd6fabedc,ww_random_ray_gun1_zm
39c9e53910c6e402,ww_random_ray_gun2_charged_zm
62d2ea43a8cf6113,ww_random_ray_gun2_zm
18df25a269d0417f,ww_random_ray_gun3_charged_zm
61612e3e819376de,ww_random_ray_gun3_zm
5bd48d860ebd5a41,ww_ray_rifle_t9
ac86d29509a8939,ww_ray_rifle_t9_alt
493fc891e20b4f8a,ww_ray_rifle_t9_alt_upgraded
426d7c850c7f1d2,ww_ray_rifle_t9_upgraded
40e54f372602ea70,ww_tesla_gun_t8_upgraded_zm
1f246e732698edc9,ww_tesla_gun_t8_zm
4ea6e102b52244,ww_tesla_sniper_t8_zm
669721b4b1a2a5af,ww_tesla_sniper_upgraded_t8_zm
d319a123a19e3e7,ww_tricannon_air_t8_upgraded_zm
af5d741bdd8f028,ww_tricannon_air_t8_zm
106cec8c2246bc87,ww_tricannon_earth_t8_upgraded_zm
923eeb7dc767d88,ww_tricannon_earth_t8_zm
ad8382f0c5ff125,ww_tricannon_fire_t8_upgraded_zm
3ff57b92f41faa6e,ww_tricannon_fire_t8_zm
726a96c6b362512,ww_tricannon_t8_upgraded_zm
1a97f0fb18b48a63,ww_tricannon_t8_zm
6a4aad7bf9fdd82a,ww_tricannon_water_t8_upgraded_zm
3b340da74834fb7b,ww_tricannon_water_t8_zm
3a1959bb039f2be3,zhield_dw
1189cbd2be3400c5,zhield_dw_zm
6285efec2b6f8e80,zhield_frost_dw_zm
d8bf08126fcee6b,zhield_frost_lh_zm
376fda1d7b7e8b35,zhield_frost_turret_zm
3a3476bb03b624e2,zhield_lh
2acbc4884e45a31e,zhield_lh_zm
6bc98c4c2176f9b8,zhield_riot_dw_zm
4eb0747e02615c23,zhield_riot_lh_zm
5503c40ec4f51b4d,zhield_riot_turret_zm
1eddf58118631795,zhield_spectral_dw_upgraded_zm
3cdc399cb5f2733e,zhield_spectral_dw_zm
2182058569c1f404,zhield_spectral_lh_upgraded_zm
1035a16bee0b2af5,zhield_spectral_lh_zm
5d61ff0e9733e8b6,zhield_spectral_turret_upgraded_zm
65625711c99d455f,zhield_spectral_turret_zm
2c84060669f507c0,zhield_turret
7ecad7a2412deca8,zhield_turret_zm
1636ecbeb0572900,zhield_zpear_dw_zm
413ced53abe488eb,zhield_zpear_lh_zm
2c9fccced4a30db5,zhield_zpear_turret_zm
7fcc9f73649d03f7,zhield_zword_dw_upgraded_zm
e5a7b3272612bd8,zhield_zword_dw_zm
2d84f8802baf21b2,zhield_zword_lh_upgraded_zm
45fee366c74ae3c3,zhield_zword_lh_zm
6e1b405fe2e83b3c,zhield_zword_turret_upgraded_zm
2d2d56cdd426fd6d,zhield_zword_turret_zm
3089757a990e0f6c,zipline_t9
7beea4d76271620d,zitem_acid_gat_part_1_zm
7d5344dc89a29252,zitem_acid_gat_part_2_zm
545160e7d44dc3a7,zitem_acid_gat_part_3_zm
5ce45eb5c7502585,zitem_chaos_lvl3_part_1_zm
5e481ebaee7fd92a,zitem_chaos_lvl3_part_2_zm
35471ac6392c871f,zitem_chaos_lvl3_part_3_zm
6220375dfba5cf7d,zitem_gold_charged_power_cell
6ac23aa2166a90d1,zitem_office_key_zm
5d8967a303c9f98d,zitem_office_punch_card_1_zm
5eee07a82afb29d2,zitem_office_punch_card_2_zm
35ec23b375a65b27,zitem_office_punch_card_3_zm
601703b9d57b8fe4,zitem_office_punch_card_4_zm
364647c170b6dd31,zitem_office_punch_card_5_zm
d6e47ccbb869706,zitem_office_punch_card_6_zm
ee023d1e2c2b79b,zitem_office_punch_card_7_zm
715f7c6bd554fe38,zitem_office_teleporter_modifier_part_1_zm
73df3c82a6fa945f,zitem_office_teleporter_modifier_part_2_zm
49c2407c47316d6a,zitem_office_teleporter_modifier_part_3_zm
17d0948b70638419,zitem_office_trap_battery_part_1_zm
4217b491d051a04e,zitem_office_trap_battery_part_2_zm
2a55ba0b42ac91b2,zitem_orange_dynamite_bomb_part_1_zm
50ce9a03a49a95ed,zitem_orange_dynamite_bomb_part_2_zm
26b075fd44cf7800,zitem_orange_dynamite_bomb_part_3_zm
3a7a267f7e73c03c,zitem_orange_heat_pack_part_1_zm
11ee4698c447b7f3,zitem_orange_heat_pack_part_2_zm
3bbf0a91290c783e,zitem_orange_heat_pack_part_3_zm
3e20e64d41f2e623,zitem_orange_zipline_crank_part_1_zm
380406366d3aae2c,zitem_orange_zipline_crank_part_2_zm
20e70fea5c05962f,zitem_platinum_klaus_helm_part_1_zm
72550fd24eede748,zitem_platinum_klaus_helm_part_2_zm
73c6d3d77629df15,zitem_platinum_klaus_helm_part_3_zm
55d5ffe6012bb154,zitem_platinum_uranium_device_zm
926e91ff5b89775,zitem_red_strike_part_1_zm
6017e92b40590eda,zitem_red_strike_part_2_zm
6189a5306794f90f,zitem_red_strike_part_3_zm
48e6c6655df12b80,zitem_riotshield_part_1_zm
2025267ea3980087,zitem_riotshield_part_2_zm
4c8c0a735bce4532,zitem_riotshield_part_3_zm
6e88c7328af1a12a,zitem_rocketshield_part_1
6a40892d11e16a06,zitem_rocketshield_part_1_zm
6e88c6328af19f77,zitem_rocketshield_part_2
13188921c711b031,zitem_rocketshield_part_2_zm
6e88c5328af19dc4,zitem_rocketshield_part_3
3ce9451a2bd662e4,zitem_rocketshield_part_3_zm
362369c9b2f5cfca,zitem_silver_aetherscope_part_1_zm
600229c217c6c6a5,zitem_silver_aetherscope_part_2_zm
90325b6cd1a0b18,zitem_silver_aetherscope_part_3_zm
73df7ea9ea1d864b,zitem_silver_bullet_part_1_zm
1c6b5e90a4498e94,zitem_silver_bullet_part_2_zm
736a629beef64a21,zitem_silver_bullet_part_3_zm
43eda28032566542,zitem_silver_bullet_part_4_zm
356d84033a052424,zitem_silver_molten_part_1_zm
6435a41b474a98db,zitem_silver_molten_part_2_zm
3948c811380fcd46,zitem_silver_molten_part_3_zm
30c2d7b8823b3b05,zitem_spectral_shield_part_1_zm
322697bda96aeeaa,zitem_spectral_shield_part_2_zm
92593c8f4179c9f,zitem_spectral_shield_part_3_zm
357e452940a24480,zitem_traps_hellpools_part_1_zm
cbca54286491987,zitem_traps_hellpools_part_2_zm
392389373e7f5e32,zitem_traps_hellpools_part_3_zm
41a492d8cc5893f9,zitem_tricannon_upgrade_kit
676d89f4d74ee486,zitem_tricannon_upgrade_part_1_zm
104589e98c7f2ab1,zitem_tricannon_upgrade_part_2_zm
3a1645e1f143dd64,zitem_tricannon_upgrade_part_3_zm
3aba1fe198803a12,zitem_tungsten_neutralizer_device_zm
4d2989acf6d2c3f4,zitem_tungsten_teleporter_part_a
4d298cacf6d2c90d,zitem_tungsten_teleporter_part_b
4d298bacf6d2c75a,zitem_tungsten_teleporter_part_c
4d2986acf6d2bedb,zitem_tungsten_teleporter_part_d
4a57b873872b7300,zitem_white_bear_bomb_part_1_zm
2196188cccd24807,zitem_white_bear_bomb_part_2_zm
4dfcfc8185088cb2,zitem_white_bear_bomb_part_3_zm
238573dfb389aa7,zitem_white_mmtd_part_1_zm
52d777223eb0fa20,zitem_white_mmtd_part_2_zm
29d59b2d895c390d,zitem_white_mmtd_part_3_zm
4e64b6549ab23270,zitem_white_ww_modkit_part_1_zm
50e5566b6c594537,zitem_white_ww_modkit_part_2_zm
26c77a650c8ea1a2,zitem_white_ww_modkit_part_3_zm
52f3a2b4a892382e,zitem_zhield_zpear_part_1_zm
7f3282a960a723f9,zitem_zhield_zpear_part_2_zm
7a5abea43688032c,zitem_zhield_zpear_part_3_zm
631a4fc6401a7656,zitem_zhield_zword_part_1_zm
38048fbc30bcd541,zitem_zhield_zword_part_2_zm
a818bb5ce1077b4,zitem_zhield_zword_part_3_zm
6a328a4615171480,zombie_ai_defaultmelee
47a982e44d69cd3c,zombie_ai_defaultmelee_wz
479f8de44d618b68,zombie_ai_defaultmelee_zm
3d6bbfc12a48dabd,zombie_ai_sr_melee
3f086aa3485b53e6,zombie_bgb_grab
8f0c0d76cb8455f,zombie_bgb_use
6a4f6ad766abd5f7,zombie_builder
6f04c3247c0717b1,zombie_builder_zm
472d3ac4f428d696,zombie_fists_bowie
22d1e4b32d842ae4,zombie_fists_bowie_story_1_zm
3a4d420490e91e6a,zombie_fists_bowie_zm
46125fd7f3ad4b82,zombie_fists_new_zm
41f62fd2134fac89,zombie_fists_zm
2e725023a28bcc4e,zombie_lure_zm
648018509526325b,zombie_perk_bottle_additionalprimaryweapon
4212a62104d3eb26,zombie_perk_bottle_bandolier
23ffc8a19eea87ff,zombie_perk_bottle_cherry
2db7d00e072ca36f,zombie_perk_bottle_cooldown
43dc94dd9efff24,zombie_perk_bottle_deadshot
2e914691034841a9,zombie_perk_bottle_death_dash
b3ced20fbf223e,zombie_perk_bottle_death_perception
4cb1d055c485ebdc,zombie_perk_bottle_doubletap
79b5d77f7e29f973,zombie_perk_bottle_dying_wish
248751e02931bddb,zombie_perk_bottle_elemental_pop
50043558a296e3db,zombie_perk_bottle_ethereal_razor
5e7ab1d3dbec9ab1,zombie_perk_bottle_jugg
1158e0f7c28c425c,zombie_perk_bottle_marathon
e4ecca40393b39d,zombie_perk_bottle_mulekick
3f5a74e058f33cb7,zombie_perk_bottle_mystery
3b0e103f6456ad73,zombie_perk_bottle_revive
6460ce18ba7baca4,zombie_perk_bottle_sleight
581a1a9e3aef740b,zombie_perk_bottle_slider
5ea6f9310d72a6a4,zombie_perk_bottle_stronghold
18d7b9252dc864a5,zombie_perk_bottle_tombstone
3d706a79aeda03d,zombie_perk_bottle_tortoise
384e410ab74764df,zombie_perk_bottle_widows_wine
253b7186c9d1e053,zombie_perk_bottle_wolf_protector
12066863cf795424,zombie_perk_bottle_zombshell
d0f29de78e218ad,zombie_perk_elixir_classic
305e5faa9ecb625a,zombie_perk_elixir_common
2394c41f048f7d2,zombie_perk_elixir_epic
155cc0a9ba3c3260,zombie_perk_elixir_legendary
23cc1f9c16b375c3,zombie_perk_elixir_rare
4565adf3abc61ea3,zombie_perk_elixir_ultra
5e07292c519531e6,zombie_perk_elixir_whimsical
6f132309ab0d8f31,zombie_perk_totem_bandolier
4861c1d79609c1f1,zombie_perk_totem_deadshot
34aa7f22adae7e00,zombie_perk_totem_death_dash
172084186ed5d2ef,zombie_perk_totem_death_perception
22c126e896aa89a6,zombie_perk_totem_dying_wish
6a87ad33ab2082c5,zombie_perk_totem_electric_burst
2e02e113cb1b4086,zombie_perk_totem_ethereal_razor
7a18238149283759,zombie_perk_totem_mule_kick
5ed9c612e9b0a2e6,zombie_perk_totem_quick_revive
69a54df1e9b8e3e,zombie_perk_totem_slider
666c2a669c39f9e8,zombie_perk_totem_staminup
3ad944deb1b3a6dd,zombie_perk_totem_stronghold
4b8918c2c59e5d90,zombie_perk_totem_timeslip
64ba9fe546c17aa4,zombie_perk_totem_tortoise
249a7701a5697c95,zombie_perk_totem_winters_wail
42da69e5d893f986,zombie_perk_totem_wolf_protector
7b84935d60ac106b,zombie_perk_totem_zombshell
4281516c4849b247,zombie_projectile
1a0357f4a1beefd7,zombietron_ai_defaultmelee
785a80c66151bc91,zombietron_blight_father_melee
45983e7352887d20,zombietron_bullet_turret
11abc3643c792152,zombietron_deathmachine
4fdee29f59ceeb92,zombietron_deathmachine_1
4fdee19f59cee9df,zombietron_deathmachine_2
7aacb67ae0ee1df2,zombietron_dog_ai_defaultmelee
28fc405e2c0b971d,zombietron_fireball_weapon
677a2a35cfd1239c,zombietron_fireball_weapon_gravity
52c6a0f2d315b844,zombietron_gegenees_spear_projectile
33a318d2832760f2,zombietron_giant_skeleton_blaster
507c5922ba1a158f,zombietron_impaler
7f5a36c91b249e73,zombietron_impaler_1
7f5a37c91b24a026,zombietron_impaler_2
6efbcd27595b245d,zombietron_launcher
63eb2f3f688a70d5,zombietron_launcher_1
63eb2c3f688a6bbc,zombietron_launcher_2
65836e8e0c7a2128,zombietron_launcher_secondary
183195662d9ff66b,zombietron_lmg
20ebac121256a737,zombietron_lmg_1
20ebad121256a8ea,zombietron_lmg_2
1d0c1f94f3b9af52,zombietron_margwa_defaultmelee
2ed25282683fdf,zombietron_missile_turret_weapon
585518b40550cca5,zombietron_pineapplegun
648a6d2d19a6d54d,zombietron_pineapplegun_1
648a6a2d19a6d034,zombietron_pineapplegun_2
2124b6f8fa3f7f43,zombietron_projectile_blast
4a46bf9bc35095fe,zombietron_ray_gun
7cf489c3e7d7d346,zombietron_ray_gun_1
7cf488c3e7d7d193,zombietron_ray_gun_2
4bbf7d08ae6aa3ce,zombietron_shotgun_fullauto_t9
4f79cae1c53fa856,zombietron_shotgun_fullauto_t9_1
4f79c9e1c53fa6a3,zombietron_shotgun_fullauto_t9_2
6d0dab249bf0836b,zombietron_siegebot_gun_turret
21fdbd64040234b1,zombietron_siegebot_launcher_turret
75d976f45cf2e876,zombietron_sprinkler_grenade
6ae62a2047afd283,zombietron_werewolf_melee
