388fd8a1e2a69f08,mp_russianbase_rm.all
5b1a08c3405d17,mp_satellite.all
20997a8d70f27d6e,mp_slums_rm.all
4614258ad94010b7,mp_sm_amsterdam.all
6ddbef6da4b96128,mp_sm_berlin_tunnel.all
19d45b84618db84e,mp_sm_central.all
5cfee19cf32953ab,mp_sm_deptstore.all
6e0ff69cceb7d799,mp_sm_finance.all
353488af63ca8935,cp_sidemission_takedown.all
21d7ee945ec02a8a,cp_sidemission_tundra.all
914c7544ca424ed,cp_takedown.all
25b7e49712462db2,wz_doa.all
147a63c32ecd85d3,wz_duga.all
c47225e5af9e1f5,wz_forest.all
7fe44b1b0c2df0b6,wz_golova.all
663476dc49989cd3,wz_sanatorium.all
5ae8bf38c07d9e1e,wz_ski_slopes.all
427fc3bb558479b6,wz_zoo.all
584e8a5a6934d645,zm_common.all
c89d7d5a14e8572,mp_amerika.all
47fca9a4f271b57f,mp_apocalypse.all
134a9314207c3e99,mp_black_sea.all
671ce0c59bea80ab,mp_cartel.all
2a54b0936823047b,mp_cliffhanger.all
4a2849836d1a0ee1,mp_sm_game_show.all
ba656dde2903625,mp_sm_gas_station.all
49632dcedd2c9d3b,mp_sm_market.all
6583687aa7764547,mp_sm_vault.all
6d40593b19d41a84,mp_tank.all
305483d6f288ab8,mp_tundra.all
752821dc15dc7700,mp_village_rm.all
50b3db5a80337ce8,mp_zoo_rm.all
20a569249575473d,mp_common.all
768623af9fcc59bd,mp_drivein_rm.all
1287198ff31bf572,mp_dune.all
cef5fe8ff8648a2,mp_echelon.all
37e137347d7372fc,mp_express_rm.all
cd00667f2a918cd,mp_firebase.all
231b664a551df359,mp_hijacked_rm.all
747a8a2e19fc4345,mp_jungle_rm.all
d08a75b2de70c66,mp_kgb.all
30d6a4b7e09b7cba,mp_mall.all
ae0ccd7fd1d3449,mp_miami.all
690b02093ca9e3d6,mp_miami_strike.all
49c4596e086f1c64,mp_moscow.all
7e9ca2ff36c29023,mp_nuketown6.all
441c2e4dcbf43f,mp_paintball_rm.all
772afcfcab2546f6,mp_raid_rm.all
544174c3c867b786,core_bootstrap.all
1b13a96f8e241c4f,core_common.all
70ed50daebb1cac,cp_ger_hub8.all
2ef0c39b2be67c7,cp_ger_stakeout.all
1973eb74779d1c45,cp_nam_armada.all
1abe96ae095b3c2f,cp_nam_prisoner.all
1240e8cbd884c52d,cp_nic_revolucion.all
6df5e57ff1fe9961,cp_rus_amerika.all
7e463077411ee322,cp_rus_duga.all
3de9c386899f415,cp_rus_kgb.all
2c025e5d0330f91a,zm_gold.all
342decd7547905b0,zm_platinum.all
7ff49f0e55f50629,zm_silver.all
34ef00a3876aa5a8,zm_tungsten.all
28955ba4da7d4b06,core_frontend.all
16fe93c027c802cc,core_ui.all
59d3b564384aadf7,cp_common.all
6a706babfd3632d2,cp_ger_hub.all
56609f5cfda481d2,cp_rus_siege.all
1a6d8ed5213be81,cp_rus_yamantau.all
4e1cf4af719760b0,cp_sidemission_takedown.loc
1985b3540dbfc9a8,cp_takedown.loc
436c3e94298363c3,cp_sidemission_tundra.loc
614541a500911f42,mp_apocalypse.loc
38422fe918112a3b,mp_echelon.loc
3bbc38c58353a5ae,mp_cartel.loc
1d40f267b3c4bd88,mp_firebase.loc
303d552455d8fb38,mp_common.loc
37dca7d5b9d9670b,mp_amerika.loc
3dd9e9900ba6d70b,mp_dune.loc
70dc7f1454ffc794,mp_black_sea.loc
5a5d733448fc6b55,mp_express_rm.loc
7ef4c8934f8d6fbe,mp_cliffhanger.loc
61e0faf60300db8,mp_drivein_rm.loc
198cb42e5beb5e02,mp_paintball_rm.loc
559e3d8a9997d21a,mp_sm_amsterdam.loc
471e4edc80f2ef76,wz_sanatorium.loc
5344b4b7ac17ecf3,mp_mall.loc
1e0245cec495557e,mp_sm_market.loc
43b5f75ac2059921,mp_zoo_rm.loc
10eb8453058347,mp_sm_central.loc
282bf4a221959241,mp_russianbase_rm.loc
597312097c46290f,mp_miami_strike.loc
413524a8c84a554,mp_hijacked_rm.loc
75643bc36627d876,wz_duga.loc
18a0353b32699add,mp_tank.loc
4ba1e29d033b6094,mp_sm_finance.loc
6d70a8d626bfb67,mp_slums_rm.loc
5cfa3aff6bf2f0c6,mp_nuketown6.loc
7c97b75b6ccb60df,mp_kgb.loc
704c5b1b4bca35ef,wz_golova.loc
587a9ddc04dbb939,mp_village_rm.loc
2568c2ddf116b160,mp_sm_gas_station.loc
5d780b6de3a85461,mp_sm_berlin_tunnel.loc
67930cfceac18c2f,mp_raid_rm.loc
6cb278d8353d1d44,mp_miami.loc
3e994f38afcbe3d7,wz_ski_slopes.loc
510ab4972ad10f4b,wz_doa.loc
75e7407a68873daa,mp_sm_vault.loc
319e399cda9278ae,mp_sm_deptstore.loc
fe5320883981e7a,mp_satellite.loc
7525356e21064fbd,mp_moscow.loc
e3cf62e2882be80,mp_jungle_rm.loc
25308e5e68c86c70,wz_forest.loc
737a643daecf6eb1,mp_tundra.loc
1ed57583548f267c,mp_sm_game_show.loc
32e7d3bb9520beef,wz_zoo.loc
248b1ca3c65998e1,zm_tungsten.loc
202e0838794ba790,cp_rus_kgb.loc
3336577486239780,cp_nam_armada.loc
353acfbfefb42e65,core_ui.loc
37c2016f9f264252,core_common.loc
4e706e5ccead6953,zm_gold.loc
565404ed3988d61c,cp_rus_yamantau.loc
22b2d4cb99a21ce8,cp_nic_revolucion.loc
15c33bac15c1146b,cp_ger_hub.loc
5e604b0e8b31c624,zm_silver.loc
2999007759a9c4bb,cp_rus_duga.loc
1352e43973cf602a,cp_ger_stakeout.loc
18236ba5195fec7f,core_frontend.loc
43cf84c4074a58ff,core_bootstrap.loc
7210f65a77bb5180,zm_common.loc
1b36f5d162f636b,cp_rus_siege.loc
3406eeae177a3932,cp_nam_prisoner.loc
695dcd63f8a26f5a,cp_common.loc
1ae668d7465b70e9,zm_platinum.loc
42a3117fd973b0fc,cp_rus_amerika.loc
28b1110d798a7145,cp_ger_hub8.loc