44c132e63703fd2d,ability_dog_tunables
6faad2ec2f6a8da3,ability_dog_tunables_mp
7e8bbe2b7ec7b5dc,ability_smart_cover_tunables
562836e2abba8004,ability_smart_cover_tunables_mp
561328e2aba80c30,ability_smart_cover_tunables_wz
777efe8af3deb272,abom_melee_tunables
0141c2fd790d1ceb,ac130_autocannon_tunables
1431abe01bf5fe26,ac130_chaingun_tunables
6bd5cfce08264f88,ac130_main_cannon_tunables
229addc68a1b8cc8,ac130_tunables
4357dcb3cf430bc8,ac130_tunables_mp
395ec99920a6dcf0,acog_ar_accurate_t8_tunables_mp
39ace69920e92f88,acog_ar_accurate_t8_tunables_zm
31588f4b46dc9833,acog_ar_accurate_t8_upgraded_tunables_zm
485e25d7d1bc21bd,acog_ar_damage_t8_tunables_mp
488a28d7d1e161c1,acog_ar_damage_t8_tunables_zm
1e02424fe3787ad8,acog_ar_damage_t8_upgraded_tunables_zm
13f2b487336f8739,acog_ar_galil_t8_tunables_mp
1439af8733ab815d,acog_ar_galil_t8_tunables_zm
49b10d7a1085b0dc,acog_ar_galil_t8_upgraded_tunables_zm
03af3bd4c1e395e4,acog_ar_modular_t8_tunables_mp
037640d4c1b3d91c,acog_ar_modular_t8_tunables_zm
4e02cb482089010f,acog_ar_modular_t8_upgraded_tunables_zm
3df10e3ea940ec4f,acog_ar_stealth_t8_tunables_mp
3e0f213ea95a0a27,acog_ar_stealth_t8_tunables_zm
173a8486beb6601e,acog_ar_stealth_t8_upgraded_tunables_zm
6d3f37b24bf19786,acog_lmg_heavy_t8_tunables_mp
6d6434b24c10aeaa,acog_lmg_heavy_t8_tunables_zm
17c265a7e4034a3d,acog_lmg_heavy_t8_upgraded_tunables_zm
3d3b770ce079be8e,acog_lmg_standard_t8_tunables_mp
3d60840ce098f0e2,acog_lmg_standard_t8_tunables_zm
1720501fe5723475,acog_lmg_standard_t8_upgraded_tunables_zm
4a8e54ded06d0af6,acog_smg_accurate_t8_tunables_mp
4a4771ded031399a,acog_smg_accurate_t8_tunables_zm
527a4eb10323cbcd,acog_smg_accurate_t8_upgraded_tunables_zm
60741e189516afe7,acog_sniper_damagesemi_t8_tunables_mp
6025211894d2e0af,acog_sniper_damagesemi_t8_tunables_zm
795deeec8d53f426,acog_sniper_damagesemi_t8_upgraded_tunables_zm
6e8a7f3645d4c9af,acog_sniper_fastrechamber_t8_tunables_mp
6ea9923645ef9a87,acog_sniper_fastrechamber_t8_tunables_zm
0a2f1b9aef056bbe,acog_sniper_fastrechamber_t8_upgraded_tunables_zm
58c8b885ea3e5de0,acog_sniper_locus_t8_tunables_mp
58aab585ea255b38,acog_sniper_locus_t8_tunables_zm
7e9385bf62d42343,acog_sniper_locus_t8_upgraded_tunables_zm
65507b43c25a4a3c,acog_sniper_powerbolt_t8_tunables_mp
65837043c2859124,acog_sniper_powerbolt_t8_tunables_zm
6d9b474cedc511b7,acog_sniper_powerbolt_t8_upgraded_tunables_zm
7e779fcf8f894231,acog_sniper_quickscope_t8_tunables_mp
7e528acf8f6a0245,acog_sniper_quickscope_t8_tunables_zm
745d011e482e4864,acog_sniper_quickscope_t8_upgraded_tunables_zm
5d321a48329142a6,acog_tr_damageburst_t8_tunables_mp
5d57174832b059ca,acog_tr_damageburst_t8_tunables_zm
5824b558792b7b9d,acog_tr_damageburst_t8_upgraded_tunables_zm
570b2dde2480af65,acog_tr_longburst_t8_tunables_mp
573820de24a78739,acog_tr_longburst_t8_tunables_zm
68945b1f9dd0f7b0,acog_tr_longburst_t8_upgraded_tunables_zm
0b0487069f3df29b,acog_tr_midburst_t8_tunables_mp
0ad172069f127553,acog_tr_midburst_t8_tunables_zm
03cba6c43e120342,acog_tr_midburst_t8_upgraded_tunables_zm
54c9072fc5e9abac,acog_tr_powersemi_t8_tunables_mp
548f1c2fc5b85714,acog_tr_powersemi_t8_tunables_zm
101522cea1e78d87,acog_tr_powersemi_t8_upgraded_tunables_zm
4b4e77ff77a8c339,aether_shroud_tunables
4cbc24f4bf357173,aetherscope_tunables_zm
078fe40ec87f5c7b,ai_tank_drone_gun_tunables_mp
35d6f43b48ee58c8,ai_tank_marker_tunables_mp
6635a6200c6c76ed,ammo_weapon_12ga_tunables_wz
4b3f29bee2e03596,ammo_weapon_338_tunables_wz
78c07a59ea145935,ammo_weapon_45_tunables_wz
5ed936eae3508e33,ammo_weapon_50cal_tunables_wz
1d9ba0824341442c,ammo_weapon_556_tunables_wz
73b99ec5708d8271,ammo_weapon_762_tunables_wz
4c53ed08099a4d0d,ammo_weapon_9mm_tunables_wz
06fa38b0aea924af,ammo_weapon_ar_tunables
72d955e942b591e8,ammo_weapon_large_caliber_tunables
41455843a31cc6ca,ammo_weapon_rocket_tunables_wz
7a3044967565b95e,ammo_weapon_shotgun_tunables
0e2a87f1bd53f780,ammo_weapon_small_caliber_tunables
6c0b4a4546ccf033,ammo_weapon_sniper_tunables
2771306e06adffb1,ammo_weapon_special_tunables
197b366d429bcc04,amws_gun_turret_mp_player_tunables
4b5a9beb28d2c75c,amws_gun_turret_tunables_mp
7b824cab19687c52,amws_launcher_turret_mp_player_tunables
576c6da2a012f006,amws_launcher_turret_tunables_mp
31d832da714e9424,apc_cougar_camera_tunables
5adc73b21ba293df,ar_accurate_t8_swat_tunables_mp
2403ffb63f6af239,ar_accurate_t8_tunables_mp
245c05b63fb57241,ar_accurate_t8_tunables_wz
244afab63fa6ec5d,ar_accurate_t8_tunables_zm
29504595eb00a1dc,ar_accurate_t8_upgraded_tunables_zm
3f4e408ddfb29492,ar_accurate_t9_tunables
6b5d16126b81b4ff,ar_accurate_t9_upgraded_tunables
00fc7e7f0c6b9fa5,ar_an94_t8_tunables_mp
011e847f0c88903d,ar_an94_t8_tunables_wz
0128717f0c90c479,ar_an94_t8_tunables_zm
2839a071f02b83f0,ar_an94_t8_upgraded_tunables_zm
585fa7680bc3d27d,ar_british_t9_tunables
79c284bd515f2276,ar_british_t9_upgraded_tunables
14d3e3d9c4a02835,ar_damage_t8_gold_tunables_wz
6856feff4cbc8ef0,ar_damage_t8_tunables_mp
68af10ff4d07235c,ar_damage_t8_tunables_wz
68a51bff4cfee188,ar_damage_t8_tunables_zm
4e036e327984ce33,ar_damage_t8_upgraded_tunables_zm
43aaa3d285988f01,ar_damage_t9_tunables
3466c281e74f59f2,ar_damage_t9_upgraded_tunables
7770875c1f0356a4,ar_doublebarrel_t8_tunables_mp
775c795c1ef295d0,ar_doublebarrel_t8_tunables_wz
77368c5c1ed1e6dc,ar_doublebarrel_t8_tunables_zm
0b3c405a30b322cf,ar_doublebarrel_t8_upgraded_tunables_zm
12a97b54c9e44249,ar_fastfire_t8_tunables_mp
12958154c9d3a371,ar_fastfire_t8_tunables_wz
12849654c9c553ed,ar_fastfire_t8_tunables_zm
323668c2c3e9424c,ar_fastfire_t8_upgraded_tunables_zm
629ad41796e32b82,ar_fastfire_t9_tunables
7100e4729739b20f,ar_fastfire_t9_upgraded_tunables
4e0f6f7226f9f0af,ar_fasthandling_t9_tunables
59f4e339e6574298,ar_fasthandling_t9_upgraded_tunables
0ae84e0ce0fa11ae,ar_galil_t8_tunables_mp
0afd4c0ce10c6a52,ar_galil_t8_tunables_wz
0b0e5b0ce11af702,ar_galil_t8_tunables_zm
453514d787e02c55,ar_galil_t8_upgraded_tunables_zm
158d6fe15449fab4,ar_mg1909_t8_tunables_mp
15c054e15475266c,ar_mg1909_t8_tunables_zm
724f3eda489d323f,ar_mg1909_t8_upgraded_tunables_zm
44ec619df3502fc1,ar_mobility_t9_tunables
56196440cf6768b2,ar_mobility_t9_upgraded_tunables
68128df52791f437,ar_modular_t8_tunables_mp
682687f527a2930f,ar_modular_t8_tunables_wz
683070f527aac07f,ar_modular_t8_tunables_zm
112742ecd5924cd6,ar_modular_t8_upgraded_tunables_zm
22127dac1f494495,ar_peacekeeper_t8_tunables_mp
21c883ac1f0b164d,ar_peacekeeper_t8_tunables_wz
21d290ac1f1380e9,ar_peacekeeper_t8_tunables_zm
3b6f2843a0db71c0,ar_peacekeeper_t8_upgraded_tunables_zm
1229ff3ec37e9c23,ar_season6_t9_tunables
43a5b75a47adff04,ar_season6_t9_upgraded_tunables
5e5a2c48958ef3fd,ar_slowfire_t9_tunables
45b124e0e4a39ef6,ar_slowfire_t9_upgraded_tunables
383ad8e571bc6cb4,ar_slowhandling_t9_tunables
1fd96a944b217851,ar_slowhandling_t9_upgraded_tunables
793a51c0f4fd48da,ar_soviet_t9_tunables
400c7e4e4e8a5fa7,ar_soviet_t9_upgraded_tunables
394d88cd87ad8550,ar_standard_t8_tunables_mp
39a59acd87f819bc,ar_standard_t8_tunables_wz
399ba5cd87efd7e8,ar_standard_t8_tunables_zm
3e5af294efaccdd3,ar_standard_t8_upgraded_tunables_zm
0acd9b455a8c4021,ar_standard_t9_tunables
0443fc5b6f23e1d2,ar_standard_t9_upgraded_tunables
2f1909403e746cd5,ar_stealth_t8_gold_tunables_wz
0963273c86f251eb,ar_stealth_t8_operator_tunables_wz
2c270ec8e08a79d0,ar_stealth_t8_tunables_mp
2c7f20c8e0d50e3c,ar_stealth_t8_tunables_wz
2c752bc8e0cccc68,ar_stealth_t8_tunables_zm
1645f065f005f353,ar_stealth_t8_upgraded_tunables_zm
189cc83843684e58,armor_plate_tunables
2c4b7f91c0878698,atv_camera_turret_tunables
79027150fb1c000e,avogadro_ai_defaultmelee_tunables
3f0b37f1338c13dd,avogadro_bolt_tunables
2dd5cd737b264441,ball_tunables
3a01d0eb2819f31f,ball_tunables_mp
4607d63321961635,bare_hands_bounty_tier_two_tunables_mp
742ec16523db9b45,bare_hands_bounty_tunables_mp
3d66f9f4307d141a,bare_hands_infected_tunables_wz
15f87c2f6de9243d,bare_hands_tunables
1f39f8ad1a65d713,bare_hands_tunables_mp
1f4f02ad1a78441b,bare_hands_tunables_wz
6d72e98c0f4c6e17,baseweapon_tunables_mp
0526fe494688680d,basketball_tunables_wz
2d3a90ec2eba167b,bat_bite_turret_tunables
6e7e5f707ef2bcaa,blight_father_melee_tunables
17876f15f8304442,blight_father_melee_tunables_mp
3f9aa7d16c278435,bouncingbetty_tunables_mp
6ec7c42651a534d7,bowie_flourish_tunables
1ae9847efb075c51,bowie_flourish_tunables_zm
2f99e8f84c75036c,bowie_knife_tunables
07c47e59daa970b4,bowie_knife_tunables_mp
07f76359dad49c6c,bowie_knife_tunables_zm
09bd1fea5b8c219c,briefcase_bomb_defuse_tunables
525b6759b2a3e0c4,briefcase_bomb_defuse_tunables_mp
049dc92667fe6021,briefcase_bomb_tunables
1b07efe0e566193f,briefcase_bomb_tunables_mp
70770d5573d0655c,brutus_melee_tunables
37077ff03c167c04,brutus_special_melee_tunables
4c8de2b6a2b00bcb,btr40_camera_turret_tunables
7547e9fe6d3d0409,buggy_gunner_rifle_tunables
69f75a57d41e941b,buildable_piece_tunables
4bf6b409e217499d,buildable_piece_tunables_zm
42599008372fc73b,chopper_gunner_tunables
17ad0a5eb77f1c56,chopper_gunner_turret_tunables
5b792bc9f0b8b993,claymore_extra_tunables_zm
39bba9c30e701fa6,claymore_tunables
41f90a4aa354e736,claymore_tunables_mp
41b1274aa31762da,claymore_tunables_zm
60419b12ba6515a9,clean_drop_tunables_mp
003f3c68fdf26e9b,coal_tunables
1b4d105d41c72ef6,cobra_20mm_comlink_tunables
353b72044f240fe6,cobra_20mm_comlink_tunables_mp
407d7651c007e480,cobra_20mm_tunables
72b3b2d61a5a28d0,cobra_20mm_tunables_mp
36e193c7ebb66e1f,concussion_grenade_tunables_mp
361e272ee2c09782,counteruav_tunables
5b0b40750adc176a,counteruav_tunables_mp
50a7dc90af298e36,ct_hack_tool_tunables
4240daff8d571db6,cymbal_monkey_tunables
168d90037939a7ea,cymbal_monkey_tunables_wz
16677f037918bbca,cymbal_monkey_tunables_zm
027825d3222480a3,dart_tunables_mp
021f2fd321d868cb,dart_tunables_wz
4255927f1e3e8c60,dart_turret_tunables_mp
4241a47f1e2e01ec,dart_turret_tunables_wz
02fa680fd673f7e2,default_specialist_equipment_tunables
426b5cdecf342b0a,default_specialist_equipment_tunables_mp
5d1541abca171907,defaultweapon_tunables
30abb18435a57a53,destructible_car_tunables
0e4e30c3546d9341,destructible_car_tunables_mp
24ffa3f19a3b3887,dog_ai_defaultmelee_tunables
4cfb77bc73ea561d,dog_ai_defaultmelee_tunables_mp
4d536dbc7434baf5,dog_ai_defaultmelee_tunables_wz
4d277abc740f9621,dog_ai_defaultmelee_tunables_zm
5b58df533f197a82,dogtag_drop_tunables
430a9a31f693a919,downed_tunables
18731fe90bd03107,downed_tunables_mp
181a19e90b83fdff,downed_tunables_wz
6e65d5065f0e1d6c,drone_squadron_tunables_mp
430d807e5009501e,dropkick_weapon_dw_tunables
585931a6d2dac4b1,dropkick_weapon_lh_tunables
5ff8b3538e32f1f8,dropkick_weapon_tunables
66ad824a14c9c7d5,dualoptic_ar_accurate_t8_tunables_mp
666c954a14925129,dualoptic_ar_accurate_t8_tunables_zm
39797e3d905db100,dualoptic_ar_accurate_t8_upgraded_tunables_zm
575dde2862da72d9,dualoptic_ar_an94_t8_tunables_mp
57a4d92863166cfd,dualoptic_ar_an94_t8_tunables_zm
72b256e42df29b3c,dualoptic_ar_an94_t8_upgraded_tunables_zm
65d8d3c25c30edb4,dualoptic_ar_damage_t8_tunables_mp
660bb8c25c5c196c,dualoptic_ar_damage_t8_tunables_zm
3367728ffa433b3f,dualoptic_ar_damage_t8_upgraded_tunables_zm
59f04cfbf3682b3d,dualoptic_ar_fastfire_t8_tunables_mp
5a1c4ffbf38d6b41,dualoptic_ar_fastfire_t8_tunables_zm
16528cd56b5e2f58,dualoptic_ar_fastfire_t8_upgraded_tunables_zm
6c7f26a3613640e3,dualoptic_lmg_heavy_t8_tunables_mp
6c4c21a3610adecb,dualoptic_lmg_heavy_t8_tunables_zm
7d6fd0d17b1bfefa,dualoptic_lmg_heavy_t8_upgraded_tunables_zm
6c684029a35fe7ed,dualoptic_lmg_spray_t8_tunables_mp
6c272329a3281fb1,dualoptic_lmg_spray_t8_tunables_zm
4bafcedd28cf6228,dualoptic_lmg_spray_t8_upgraded_tunables_zm
4b50cb06f4b4a2a5,dualoptic_lmg_standard_t8_tunables_mp
4b7cbe06f4d9c779,dualoptic_lmg_standard_t8_tunables_zm
2896f0662478bcf0,dualoptic_lmg_standard_t8_upgraded_tunables_zm
6968f82cfd227931,dualoptic_smg_accurate_t8_tunables_mp
6943e32cfd033945,dualoptic_smg_accurate_t8_tunables_zm
70acd455bb675d64,dualoptic_smg_accurate_t8_upgraded_tunables_zm
7d27978396bc8991,dualoptic_smg_fastfire_t8_tunables_mp
7d028283969d49a5,dualoptic_smg_fastfire_t8_tunables_zm
042594458370a904,dualoptic_smg_fastfire_t8_upgraded_tunables_zm
0c21de2c27119066,dualoptic_sniper_damagesemi_t8_tunables_mp
0c47db2c27325a8a,dualoptic_sniper_damagesemi_t8_tunables_zm
201a10fe44af655d,dualoptic_sniper_damagesemi_t8_upgraded_tunables_zm
58890ba2043638e9,dualoptic_sniper_mini14_t8_tunables_mp
586326a20415978d,dualoptic_sniper_mini14_t8_tunables_zm
3139e37a5c06694b,dualoptic_sniper_powerbolt_t8_tunables_mp
3173ee7a5c37f443,dualoptic_sniper_powerbolt_t8_tunables_zm
36ff9e1b88053712,dualoptic_sniper_powerbolt_t8_upgraded_tunables_zm
4fff23e1fddba290,dualoptic_sniper_powersemi_t8_tunables_mp
504d40e1fe1df528,dualoptic_sniper_powersemi_t8_tunables_zm
271a7bbf2a12e113,dualoptic_sniper_powersemi_t8_upgraded_tunables_zm
476f15fe561446b8,dualoptic_tesla_sniper_t8_tunables_zm
7b42aad57072e43a,dualoptic_tr_flechette_t8_tunables_mp
7b16afd5704db1ce,dualoptic_tr_flechette_t8_tunables_zm
67b54501a6d42fb9,dualoptic_tr_flechette_t8_upgraded_tunables_zm
1fbb83a922238d92,dualoptic_tr_longburst_t8_tunables_mp
1f8f98a921fe7656,dualoptic_tr_longburst_t8_tunables_zm
05b13d0f10e6f7c1,dualoptic_tr_longburst_t8_upgraded_tunables_zm
3fd7619abdfbbef7,dualoptic_tr_powersemi_t8_tunables_mp
3ff6449abe163e3f,dualoptic_tr_powersemi_t8_tunables_zm
44e5b827c7730c96,dualoptic_tr_powersemi_t8_upgraded_tunables_zm
2ed97694c4f21cd3,elephant_eye_projectile_tunables_zm
623f3912d4160d82,energy_mine_tunables
6b3c13cd679144b8,eq_acid_bomb_extra_tunables_zm
7ead767d8345f54f,eq_acid_bomb_tunables
7fa5480a7ad33e35,eq_acid_bomb_tunables_mp
7f5a4e0a7a935ced,eq_acid_bomb_tunables_wz
7f645b0a7a9bc789,eq_acid_bomb_tunables_zm
437e0fb2f6d607f1,eq_blind_grenade_tunables_mp
7e0773f335267811,eq_cluster_semtex_grenade_tunables_mp
7dbc69f334e67b99,eq_cluster_semtex_grenade_tunables_wz
1981acf2c6ae47e1,eq_cluster_semtex_mini_grenade_tunables_mp
19a3a2f2c6cb1d49,eq_cluster_semtex_mini_grenade_tunables_wz
59daae8ece060ec1,eq_collapse_grenade_tunables_wz
70f2d548954d2bc1,eq_concertina_wire_tunables
469930ef1e47959f,eq_concertina_wire_tunables_mp
46773aef1e2ac037,eq_concertina_wire_tunables_wz
15594b3626a96a94,eq_crystal_grenade_tunables
189ddb9ff540bc9e,eq_decoy_grenade_tunables_wz
7f3513994d9f223c,eq_emp_grenade_tunables_mp
7f5715994dbc0c08,eq_emp_grenade_tunables_wz
5faef40bf2ff5947,eq_frag_grenade_extra_tunables_zm
7e0572605395f81a,eq_frag_grenade_tunables
676f467abbfad692,eq_frag_grenade_tunables_mp
67435b7abbd5bf56,eq_frag_grenade_tunables_zm
4def94204478a144,eq_grapple_tunables
15496bdb36d3727c,eq_grapple_tunables_mp
156b6ddb36f05c48,eq_grapple_tunables_wz
002cfcb7943f2304,eq_gravityslam_tunables_mp
288423388649adf6,eq_hawk_tunables_mp
28623138862cdf5a,eq_hawk_tunables_wz
71ab2e6e5650fb4a,eq_localheal_tunables_mp
68d43fe7d1bf558b,eq_mechz_firebomb_tunables
5b8f52689fd0667c,eq_molotov_bb_tunables_mp
41d7efa857519720,eq_molotov_extra_tunables_zm
25991c8c4c59ee37,eq_molotov_tunables
53f9c857fac8a32d,eq_molotov_tunables_mp
53e5be57fab7e925,eq_molotov_tunables_wz
53b9ab57fa928df1,eq_molotov_tunables_zm
2ba23118d8896d90,eq_nesting_doll_grenade_tunables_zm
44a58c83ceff6f78,eq_seeker_mine_tunables_mp
146c5a361561ba49,eq_sensor_tunables_mp
1458603615511b71,eq_sensor_tunables_wz
188dad79155c522e,eq_shroud_tunables_mp
720ac7cb2c3b69da,eq_slow_grenade_bb_tunables_mp
42b425f609fd690f,eq_slow_grenade_hunter_ph_tunables_mp
13b083a321647eca,eq_slow_grenade_ph_tunables_mp
6558da92035ee5e5,eq_slow_grenade_tunables
6e50b1189c1d870b,eq_slow_grenade_tunables_mp
6e9bab189c5d6853,eq_slow_grenade_tunables_wz
637c911226d06a9a,eq_smoke_tunables_mp
3cb6dc9d5ba45a2f,eq_sticky_grenade_tunables
5e301decc1701676,eq_stimshot_tunables
7bbabfbd5afff549,eq_tripwire_tunables_mp
7ba6c5bd5aef5671,eq_tripwire_tunables_wz
24578b75b282115e,eq_wraith_fire_extra_tunables_zm
0239c75376ed5d91,eq_wraith_fire_tunables
64d57266d18f50cf,eq_wraith_fire_tunables_mp
651f7c66d1cd9a47,eq_wraith_fire_tunables_wz
64f38566d1a86ea7,eq_wraith_fire_tunables_zm
4d181d5cb50386aa,equip_sprout_tunables_zm
2e859eeead39fcd4,essence_trap_zm_tunables
0ff6d9fa84ea8cd0,execution_boomstick_tunables
66e1c618073c85dc,execution_chain_tunables
7775f201447a6169,execution_double_asp_tunables
30990e925d203134,execution_etool_tunables
67eb78032dd16161,execution_garrote_tunables
5f05174d68365317,execution_hammer_and_sickle_tunables
6314084586083072,execution_knife_base_tunables
6e7be53716859d7d,execution_knife_brass_knuckles_tunables
4dfe4574919515db,execution_kukri_tunables
7db4266d98ddaa29,execution_mace_tunables
2a0aa8084f78a90a,execution_pirate_axe_gun_tunables
0353b14dbf76a84a,execution_shock_baton_tunables
71e3b843628bafad,explodable_barrel_tunables
2b103f94f7a9c923,explodable_barrel_tunables_mp
02e5f768b83d6009,flare_gun_tunables_wz
6abd113e501b9165,flare_gun_veh_tunables_wz
345c916c8179bb7a,force_crawl_hands_tunables_mp
34047f6c812f270e,force_crawl_hands_tunables_wz
3153b43087f2992e,frag_grenade_bb_tunables_mp
26ff4d232661e12e,frag_grenade_extra_tunables_zm
78a869f423f19d01,frag_grenade_tunables
0787bf3834accbdf,frag_grenade_tunables_mp
0765c938348ff677,frag_grenade_tunables_wz
0739b238346a9477,frag_grenade_tunables_zm
55cf57cb0d6d960d,frenzied_guard_tunables
046fff619f87d3a9,frost_blast_tunables
54f2311994d07ccc,gadget_clone_tunables_mp
431a7a3a78dc7895,gadget_combat_efficiency_tunables_mp
6db7fc76929637dc,gadget_health_regen_bb_tunables_mp
0abfcf3cc5587235,gadget_health_regen_large_tunables_wz
33275770ee8fffaf,gadget_health_regen_medium_tunables_wz
6cd8e10583df2669,gadget_health_regen_small_tunables_wz
54c2a2b4fc316f4c,gadget_health_regen_squad_tunables_wz
0dce910c3c87f097,gadget_health_regen_tunables
44235ba8b3c7f54d,gadget_health_regen_tunables_mp
440e51a8b3b58845,gadget_health_regen_tunables_wz
51a21d73fc0d7feb,gadget_icepick_tunables_mp
4d2c9136329162f3,gadget_jammer_mp_tunables
619a26fcada5bedb,gadget_jammer_tunables
69c9d9cf9fff5327,gadget_medicalinjectiongun_t9_tunables
0fb347563e65f81d,gadget_medicalinjectiongun_tunables
07ab2268e66666b3,gadget_medicalinjectiongun_tunables_mp
0f2f0af6045824d1,gadget_radiation_field_tunables_mp
0f2cb8f7e35a1906,gadget_seeker_mine_tunables_mp
17cd1611baf410b8,gadget_smart_cover_tunables
38bd56d4e75b7058,gadget_smart_cover_tunables_mp
38df58d4e7785a24,gadget_smart_cover_tunables_wz
3e8ec54862de9336,gadget_spawnbeacon_tunables_mp
7e056af7f70d7b01,gadget_supplypod_tunables
4f1325d9308e15df,gadget_supplypod_tunables_mp
50cefe6a27ec9cc0,gadget_vision_pulse_l2_tunables_mp
5b26952610466c47,gadget_vision_pulse_tunables_mp
528512efaf5b65e5,galvaknuckles_t8_flourish_tunables_zm
4b9ff1109c5da04e,galvaknuckles_t8_tunables_zm
6150672eb89491d4,gegenees_melee_tunables
5ae1c6994a9df7c1,ges_plyr_gesture000_tunables
6e6e70a84ac33620,ges_plyr_gesture001_tunables
7f4bee39f6968c36,gladiator_melee_tunables
7a14a7327b213860,golden_knife_flourish_tunables_zm
1cfa2a7c87f93219,golden_knife_tunables_zm
794f87b3a1b82cdf,gun_mini_turret_tunables_zm
267c3a1fa9bb2376,gun_missile_turret_tunables
4970336dd12ba35d,gun_ultimate_turret_tunables
22c480d021a939f3,gun_ultimate_turret_tunables_mp
22d88ad021b9f3fb,gun_ultimate_turret_tunables_wz
0aa4400156c794b2,hatchet_bb_tunables_mp
30bffe70d8637b2d,hatchet_tunables
44f76fc56b37b7a3,hatchet_tunables_mp
449e79c56aeb9fcb,hatchet_tunables_wz
76ccadbc3bd5dac0,heal_aoe_tunables
46af71aa60453d97,helicopter_comlink_tunables
517681c4e0a0644d,helicopter_comlink_tunables_mp
711d1d89f7071ccf,helicopter_guard_tunables
23a0de0cd67f2599,helicopter_gunner_turret_primary_tunables
537858da28f4b5ec,helicopter_gunner_turret_rockets_tunables
416618c64ba3a4d1,helicopter_gunner_turret_secondary_tunables
0acca80144555671,helicopter_gunner_turret_tertiary_tunables
1591b3648b184110,hero_annihilator_oic_tunables
26fe9113247f1f80,hero_annihilator_oic_tunables_mp
5b61d61b789f01da,hero_annihilator_tunables
4a8b6287c780c952,hero_annihilator_tunables_mp
4a696087c763df86,hero_annihilator_tunables_wz
5e1a837638f4559b,hero_bowlauncher2_tunables_mp
43d1072b2446356c,hero_bowlauncher3_tunables_mp
030bc46a81245af1,hero_bowlauncher4_tunables_mp
3acb709fde9a9c31,hero_bowlauncher_tunables_mp
7fbe71304af33615,hero_chakram_lh_lv1_tunables_mp
7f7e84304abd7269,hero_chakram_lh_lv1_tunables_zm
2ef7b4d40da1bc54,hero_chakram_lh_lv2_tunables_zm
4948071f2255b3d3,hero_chakram_lh_lv3_tunables_zm
708242a265456712,hero_chakram_lv1_tunables_mp
705657a265204fd6,hero_chakram_lv1_tunables_zm
3b079e99f91a3fcf,hero_chakram_lv2_tunables_zm
05ceb088e89072a0,hero_chakram_lv3_tunables_zm
5fa8a52537423334,hero_flamethrower_t8_lv1_tunables_mp
5fdb8a25376d5eec,hero_flamethrower_t8_lv1_tunables_zm
7bba1d6fd5024f21,hero_flamethrower_t8_lv2_tunables_zm
13a4ad7116e10d62,hero_flamethrower_t8_lv3_tunables_zm
6b64eb1aabf514a9,hero_flamethrower_tunables
36596fe7cab654b7,hero_flamethrower_tunables_mp
366d69e7cac6f38f,hero_flamethrower_tunables_wz
15a87aa963ed9774,hero_gravityspikes_t8_lh_lv1_tunables_mp
15db5fa96418c32c,hero_gravityspikes_t8_lh_lv1_tunables_zm
5eb864272a400661,hero_gravityspikes_t8_lh_lv2_tunables_zm
7606c89e840c37a2,hero_gravityspikes_t8_lh_lv3_tunables_zm
63aa13b744c7d825,hero_gravityspikes_t8_lv1_tunables_mp
63d606b744ecfcf9,hero_gravityspikes_t8_lv1_tunables_zm
35c5fef0bd980764,hero_gravityspikes_t8_lv2_tunables_zm
2828c1bc7a50d4a3,hero_gravityspikes_t8_lv3_tunables_zm
6ec4e9c6c6c1570d,hero_hammer_lv1_tunables_mp
6e84ccc6c68b41d1,hero_hammer_lv1_tunables_zm
181fef1650b71a9c,hero_hammer_lv2_tunables_zm
2fa3b3a7f2fe36d9,hero_hammer_lv3_bolt_tunables_zm
1ffdcd20b685889b,hero_hammer_lv3_tunables_zm
677360b9b6eb0b90,hero_katana_t8_lv1_tunables_mp
67c17db9b72d5e28,hero_katana_t8_lv1_tunables_zm
0d3a82716b9e01ed,hero_katana_t8_lv2_tunables_zm
3abe893fdadb577e,hero_katana_t8_lv3_tunables_zm
0b55b21d84dcde4e,hero_lightninggun_arc_tunables_mp
0b69b01d84ed83f2,hero_lightninggun_arc_tunables_wz
282cb367f0df1339,hero_lightninggun_tunables_mp
2884b967f1299341,hero_lightninggun_tunables_wz
3ecf261dbef6d53f,hero_minigun_t8_lv1_tunables_mp
3e81191dbeb49dd7,hero_minigun_t8_lv1_tunables_zm
25fcb25802a1553f,hero_minigun_t8_lv2_grenade_tunables_zm
4f0e33019af6063e,hero_minigun_t8_lv2_tunables_zm
0cb77fbb6a94b860,hero_minigun_t8_lv3_grenade_tunables_zm
14e65b8e44792ead,hero_minigun_t8_lv3_tunables_zm
30bc7f2de366844a,hero_minigun_tunables_mp
1c5e07991c0912ce,hero_pineapple_grenade_tunables
22752a90be5cbd0e,hero_pineapple_grenade_tunables_mp
22892890be6d62b2,hero_pineapple_grenade_tunables_wz
2e49ef40cb364abf,hero_pineapplegun_tunables
31dbaf10ac2fe045,hero_pineapplegun_tunables_mp
31fdb510ac4cd0dd,hero_pineapplegun_tunables_wz
1cc44b88cf3e51d1,hero_scepter_lv1_tunables_mp
1c9e3688cf1d5ee5,hero_scepter_lv1_tunables_zm
63bc86d549623ca0,hero_scepter_lv2_tunables_zm
18f574e659ec09cf,hero_scepter_lv3_tunables_zm
1870f13598ef036d,hero_sword_pistol_lh_lv1_tunables_mp
182fd43598b73b31,hero_sword_pistol_lh_lv1_tunables_zm
4239d17e34b361fc,hero_sword_pistol_lh_lv2_tunables_zm
14e8d17432b2197b,hero_sword_pistol_lh_lv3_tunables_zm
6ceaf54cba0563aa,hero_sword_pistol_lv1_tunables_mp
6d2bda4cba3cccbe,hero_sword_pistol_lv1_tunables_zm
5c9ec068ddfb6457,hero_sword_pistol_lv2_tunables_zm
46bd5e7b97c2ba68,hero_sword_pistol_lv3_tunables_zm
390f714964d85b9f,homunculus_tunables_wz
39197a4964e0bf6f,homunculus_tunables_zm
22ed2f12e76da559,hoverjet_tunables
3a70e51125286b05,incendiary_fire_tunables
1c89257831b46ee3,incendiary_fire_tunables_zm
1b37794c9d7cb8b0,inventory_chopper_gunner_tunables
5d95b63cf7122c35,inventory_counteruav_tunables
5121edf4cdcfbb7b,inventory_counteruav_tunables_mp
6bea9f5df75d0ade,inventory_dart_tunables_mp
74e4dca486f03cbd,inventory_drone_squadron_tunables_mp
695497b3ccc46dbb,inventory_gadget_spawnbeacon_tunables_mp
73c4946769f55368,inventory_helicopter_comlink_tunables
6b947ce0210386a8,inventory_helicopter_comlink_tunables_mp
74059c4841d1d17c,inventory_helicopter_guard_tunables
250288ebb092ffe6,inventory_hoverjet_tunables
35c7b0c845922441,inventory_jetfighter_tunables
473963e79d3f807d,inventory_napalm_strike_tunables
1fef915ea49e278c,inventory_planemortar_tunables
0edd57e21d932b94,inventory_planemortar_tunables_mp
2d52e438384b284f,inventory_recon_car_tunables
63d33fd992e64f35,inventory_recon_car_tunables_mp
1900fc2006281b4b,inventory_recon_plane_tunables
1d35eb0d1ff70d82,inventory_remote_missile_tunables
1371aca07150e96a,inventory_remote_missile_tunables_mp
3fca451481a3e251,inventory_straferun_tunables
5c91bfbc64feb98f,inventory_straferun_tunables_mp
22879f7e60e633d1,inventory_uav_tunables
18702e15dda82a0f,inventory_uav_tunables_mp
24b56e40a4177483,inventory_ultimate_turret_tunables
517ef8fac3d31011,inventory_ultimate_turret_tunables_mp
75883dd6ea8d5583,ir_strobe_tunables
4e152826d0ce5b11,ir_strobe_tunables_mp
2a86ee000f96b7f2,item_supplydrop_tunables
4a41209fdbdca1cb,jetfighter_missile_tunables
135418d33fec9e1a,jetfighter_tunables
4ee2b319e30ac0b1,jetski_camera_turret_tunables
05d63c8ceb4cb648,killstreak_ai_tank_tunables_mp
3266a87656341cb0,killstreak_qrdrone_tunables_mp
4777e777610b8817,killstreak_remote_tunables
3073da905c6cbac5,killstreak_remote_tunables_wz
45fdde681928e286,klaus_command_zm_tunables
54f1b35c4b27ac75,knife_held_tunables
3142a0833ec65616,knife_loadout_tunables
71075344b8fd7ec6,knife_loadout_tunables_mp
70d46b6cf906d0bb,knife_loadout_upgraded_tunables
2df486789ceb7dbb,knife_tunables
68e6b9b89ff8727d,knife_tunables_zm
58b0cc0c7acd8043,land_mine_tunables
27b54ed6081c8723,launcher_freefire_t9_tunables
3a87ed5f7d387004,launcher_freefire_t9_upgraded_tunables
3c7391a5be8b8eee,launcher_standard_operator_t8_tunables_wz
7661ddfde5b306cb,launcher_standard_t8_tunables_mp
76acd7fde5f2e813,launcher_standard_t8_tunables_wz
769be8fde5e491c3,launcher_standard_t8_tunables_zm
0d6af08f5e2de792,launcher_standard_t8_upgraded_tunables_zm
150b9e7c247e67a4,launcher_standard_t9_tunables
317e48334df557a1,launcher_standard_t9_upgraded_tunables
16660c7c8580a658,lightning_links_tunables
4948fea742ce6b2a,listening_device_tunables
53889cf1bcfc3c4d,littlebird_guard_minigun_tunables
699564dd70277919,lmg_accurate_t9_tunables
7121dd348854b02a,lmg_accurate_t9_upgraded_tunables
07072f45a8260089,lmg_double_t8_tunables_mp
06f23545a813aeb1,lmg_double_t8_tunables_wz
06e14a45a8055f2d,lmg_double_t8_tunables_zm
3939d4ab4ecdb98c,lmg_double_t8_upgraded_tunables_zm
69bbb3f13c4dcc75,lmg_fastfire_t9_tunables
6fc28ba8c1be580e,lmg_fastfire_t9_upgraded_tunables
0f4d807551158ab7,lmg_heavy_t8_tunables_mp
0f617a755126298f,lmg_heavy_t8_tunables_wz
0f6b6375512e56ff,lmg_heavy_t8_tunables_zm
2f6da2fee5f57856,lmg_heavy_t8_upgraded_tunables_zm
3c1b3affda808d94,lmg_light_robot_tunables_mp
3e6a1937cdeb17c3,lmg_light_t9_tunables
14606476d9785464,lmg_light_t9_upgraded_tunables
2356a79a21e58aae,lmg_slowfire_t9_tunables
3d256f7c6e273493,lmg_slowfire_t9_upgraded_tunables
62085700d74a1141,lmg_spray_t8_tunables_mp
622a4d00d766e6a9,lmg_spray_t8_tunables_wz
624f6200d7862695,lmg_spray_t8_tunables_zm
1f85c6d53ad77894,lmg_spray_t8_upgraded_tunables_zm
5d89ca5a10180c21,lmg_standard_t8_tunables_mp
5dabc05a1034e189,lmg_standard_t8_tunables_wz
5dd0d55a10542175,lmg_standard_t8_tunables_zm
4565c1eb91ee3034,lmg_standard_t8_upgraded_tunables_zm
4deab942691b8ce7,lmg_stealth_t8_tunables_mp
4d91b34268cf59df,lmg_stealth_t8_tunables_wz
4d9bbc4268d7bdaf,lmg_stealth_t8_tunables_zm
3d274874e80e5b26,lmg_stealth_t8_upgraded_tunables_zm
29214d85566d0aff,mannequin_ai_defaultmelee_tunables_mp
21ab717abc6faf56,mechz_melee_tunables
0f8bcbe3ee389844,melee_actionfigure_t8_tunables_mp
0f77bde3ee27d770,melee_actionfigure_t8_tunables_wz
7d442f04fcf2c8c2,melee_amuletfist_t8_tunables_mp
7d8f2d04fd32b0d6,melee_amuletfist_t8_tunables_wz
4967860ea9a85264,melee_baseballbat_t9_tunables
7cd12a86800ab561,melee_baseballbat_t9_upgraded_tunables
01b000329c23f529,melee_battleaxe_t9_tunables
69a33b989ddfc69a,melee_battleaxe_t9_upgraded_tunables
2edfb7494b062e41,melee_bowie_tunables_mp
2f01ad494b2303a9,melee_bowie_tunables_wz
63eba19621084ca6,melee_cane_t9_tunables
1c2862788596ae2b,melee_cane_t9_upgraded_tunables
239c9b2096db7d96,melee_club_t8_tunables_mp
237aa92096beaefa,melee_club_t8_tunables_wz
651e5ec8c2c20af1,melee_coinbag_t8_tunables_mp
6c28d4466135b96b,melee_coldwar_t9_dw_tunables
02af5d95b8c78a6c,melee_coldwar_t9_dw_upgraded_tunables
6edbae70fd7ec7ac,melee_coldwar_t9_lh_tunables
45d4077cf4fb1229,melee_coldwar_t9_lh_upgraded_tunables
0644234ef4afe045,melee_cutlass_t8_tunables_mp
0666294ef4ccd0dd,melee_cutlass_t8_tunables_wz
6ac21b9b22a740dd,melee_demohammer_t8_tunables_mp
55ecff5f3938bada,melee_etool_t9_tunables
7f3f4a49127fd5a7,melee_etool_t9_upgraded_tunables
5fec1a08089be505,melee_infected_knife_t9_tunables
04c4237a19574811,melee_mace_t9_tunables
6f21e13323c723e2,melee_mace_t9_upgraded_tunables
3163217b57cb44f4,melee_machete_t9_tunables
436f11a046c32291,melee_machete_t9_upgraded_tunables
758a3fb345c74796,melee_sai_t9_dw_tunables
36956067ad29bd3b,melee_sai_t9_dw_upgraded_tunables
61f89f16df76a749,melee_sai_t9_lh_tunables
53ae6f43961da77a,melee_sai_t9_lh_upgraded_tunables
145bdc5d86095b11,melee_scream_knife_sdm_t9_tunables
266fa7e907e3cd98,melee_scream_knife_t9_tunables
3eb97324dd468b6d,melee_scream_knife_t9_upgraded_tunables
2dfcbcfa17d642d7,melee_scythe_t9_tunables
6aecdda44eda13e0,melee_scythe_t9_upgraded_tunables
4a79ea72626acc3d,melee_secretsanta_t8_tunables_mp
4ad1e07262b53115,melee_secretsanta_t8_tunables_wz
199b52434bf2f486,melee_slaybell_t8_tunables_mp
19e560434c3144ca,melee_slaybell_t8_tunables_wz
4dcc45d6af89193f,melee_sledgehammer_t9_tunables
48b32ce5b3a69f48,melee_sledgehammer_t9_upgraded_tunables
66143767826ada31,melee_stopsign_t8_tunables_mp
65ca2d67822c90b9,melee_stopsign_t8_tunables_wz
26dda33b7d3420da,melee_wakizashi_t9_tunables
0f9167290e2c67a7,melee_wakizashi_t9_upgraded_tunables
54365b7ad4924f2e,melee_zombiearm_t8_tunables_mp
544b597ad4a4a7d2,melee_zombiearm_t8_tunables_wz
373dd76d585cd7da,mimic_melee_tunables
6e355a52b8c47285,mimic_projectile_tunables
1230a73f8f0187d6,mini_turret_tunables
52193cd77ab42986,mini_turret_tunables_mp
523e39d77ad340aa,mini_turret_tunables_zm
44e1e0c19f02582d,minigun_tunables
091f7099216ff48b,minigun_tunables_zm
35908517adff7ff7,missile_turret_tunables
72d7e6b806d7de69,molotov_fire_tall_tunables
16746ff91b2dd477,molotov_fire_tall_tunables_mp
168969f91b40264f,molotov_fire_tall_tunables_wz
1149f2fca9b4c37f,molotov_fire_tunables
48c4964f462c186b,molotov_fire_tunables_cp
48e6924f4648f805,molotov_fire_tunables_mp
4908984f4665e89d,molotov_fire_tunables_wz
4912854f466e1cd9,molotov_fire_tunables_zm
615661a3cc8d8b9e,motorcycle_camera_turret_tunables
22979c809d3bb918,motorcycle_t9_camera_turret_tunables
139bc39329ec2711,music_box_tunables_zm
67c92794c32d9c21,mute_smoke_tunables_mp
3568d5fdebe44e29,napalm_strike_fire_tunables
4bdfa1add1d86260,napalm_strike_tunables
49d4a51e12f4c7ea,nightingale_tunables
6a5fa91ea22c6974,nightingale_zm_tunables
3c0d17bad169557b,none
2186de5a0f4bda64,notdowned_tunables
1bbac930513191dc,notdowned_tunables_mp
1bdccb30514e7ba8,notdowned_tunables_wz
77de6a127098e61b,noweapon_tunables
1c84919b2efe6b37,noweapon_zm_field_upgrade_tunables
6bdda35d1a4895d6,null_offhand_hero_gadget_tunables
315abe19a50e8386,null_offhand_hero_gadget_tunables_mp
31a4cc19a54cd3ca,null_offhand_hero_gadget_tunables_wz
72fe67b2b48082db,null_offhand_primary_tunables
1f2d0f75e7f68639,null_offhand_primary_tunables_mp
1f851575e8410641,null_offhand_primary_tunables_wz
76a2ae0dad9a521f,null_offhand_secondary_tunables
5deda2eb4b38d665,null_offhand_secondary_tunables_mp
58c628da5b3d6184,null_offhand_ultimate_tunables
1f84c54c923120bc,null_offhand_ultimate_tunables_mp
1fa6c74c924e0a88,null_offhand_ultimate_tunables_wz
0f343521a8d0d081,overwatch_helicopter_tunables_mp
0e4791e315f4b679,parachute_tunables
4082ff216c697c9f,parachute_tunables_wz
64d16f6f8c491703,pbr_gunner_rifle_tunables
20a5d64908ee47b5,pickup_health_regen_tunables_mp
15aea46d6018fbd7,pistol_burst_t8_tunables_mp
15c29e6d60299aaf,pistol_burst_t8_tunables_wz
15cd876d60337b1f,pistol_burst_t8_tunables_zm
2ec6daf4c05002b6,pistol_burst_t8_upgraded_tunables_zm
2d5e67c3695948ae,pistol_burst_t9_dw_tunables
73a648ae40524e93,pistol_burst_t9_dw_upgraded_tunables
68931a602e2ec5e1,pistol_burst_t9_lh_tunables
1129162017ac5b92,pistol_burst_t9_lh_upgraded_tunables
2aeb66ad8d7d32e8,pistol_burst_t9_tunables
4f776514a96e73dd,pistol_burst_t9_upgraded_tunables
36f65e87f96f155d,pistol_fullauto_t8_tunables_mp
374f5487f9bb2d35,pistol_fullauto_t8_tunables_wz
37226187f9945561,pistol_fullauto_t8_tunables_zm
27319ea6bf4db5b8,pistol_fullauto_t8_upgraded_tunables_zm
04c0f70259bcfda0,pistol_fullauto_t9_dw_tunables
3cc52500cef61175,pistol_fullauto_t9_dw_upgraded_tunables
4d81396c150fb797,pistol_fullauto_t9_lh_tunables
6a28a2be9d1b69a0,pistol_fullauto_t9_lh_upgraded_tunables
445c21a87a4e8e0e,pistol_fullauto_t9_tunables
49f710327dfeacb3,pistol_fullauto_t9_upgraded_tunables
10f4d6328a8966b9,pistol_revolver_t8_operator_tunables_wz
555a83c7c3e30956,pistol_revolver_t8_tunables_mp
553891c7c3c63aba,pistol_revolver_t8_tunables_wz
5512a0c7c3a584fa,pistol_revolver_t8_tunables_zm
181f0be70a65b86d,pistol_revolver_t8_upgraded_tunables_zm
5b7cc04fff2c4787,pistol_revolver_t9_dw_tunables
043e1a7d8387dd70,pistol_revolver_t9_dw_upgraded_tunables
5ae14627ab8216b0,pistol_revolver_t9_lh_tunables
005299ddb33319a5,pistol_revolver_t9_lh_upgraded_tunables
51f944ae98ee789f,pistol_revolver_t9_tunables
0006de545ea00068,pistol_revolver_t9_upgraded_tunables
61d00c5cd0d2f555,pistol_semiauto_t9_dw_tunables
6569505a0e76382e,pistol_semiauto_t9_dw_upgraded_tunables
1b9de1170a794dca,pistol_semiauto_t9_lh_tunables
11172bd10c453af7,pistol_semiauto_t9_lh_upgraded_tunables
57d1829fb6e401d9,pistol_semiauto_t9_tunables
0d2fc777ce652bea,pistol_semiauto_t9_upgraded_tunables
1fb1652ba219f496,pistol_shotgun_t9_dw_tunables
34bfffce0b8a943b,pistol_shotgun_t9_dw_upgraded_tunables
0c1fc48f3bc95449,pistol_shotgun_t9_lh_tunables
51d90ea9f47e7e7a,pistol_shotgun_t9_lh_upgraded_tunables
10d655d9ca1719d0,pistol_shotgun_t9_tunables
0c42ffcb982d9d85,pistol_shotgun_t9_upgraded_tunables
4d94b2824d1f8634,pistol_standard_t8_tunables_mp
4deca4824d69e440,pistol_standard_t8_tunables_wz
4dc797824d4ab1ec,pistol_standard_t8_tunables_zm
49763285df838cbf,pistol_standard_t8_upgraded_tunables_zm
7f540f7e9ae68149,pistol_standard_tunables_mp
7f2f2a7e9ac792ed,pistol_standard_tunables_zm
48f8469dfc7cca4b,pistol_topbreak_t8_lh_upgraded_tunables_zm
61f5a707a28d225d,pistol_topbreak_t8_tunables_mp
6221aa07a2b26261,pistol_topbreak_t8_tunables_zm
5e9b813aff06acb8,pistol_topbreak_t8_upgraded_tunables_zm
57cd2f4549caad28,pistolscope_pistol_revolver_t8_tunables_mp
57ae3c4549b012b0,pistolscope_pistol_revolver_t8_tunables_zm
6e4e537470cc799b,pistolscope_pistol_revolver_t8_upgraded_tunables_zm
0da8e74d6af3550f,pistolscope_smg_fastburst_t8_tunables_mp
0dc7fa4d6b0e25e7,pistolscope_smg_fastburst_t8_tunables_zm
25b707caa12af5de,pistolscope_smg_fastburst_t8_upgraded_tunables_zm
57fba2b47eabfb1f,pistolscope_special_crossbow_t8_tunables_mp
57ad95b47e69c3b7,pistolscope_special_crossbow_t8_tunables_zm
6cab2874554f550e,pistolscope_special_crossbow_t8_upgraded_tunables_zm
430dced8481f2929,planemortar_tunables
0d01c2cb5aa90637,planemortar_tunables_mp
086387be7b9819e3,player_air_vehicle1_main_turret_3rd_person_swat_tunables
2efe9e19d6295e25,player_air_vehicle1_main_turret_3rd_person_tunables
30517af97ae97c06,player_helicopter_gunner_turret_tunables
1b91a8db438b8b39,player_hind_gunner1_turret_tunables
64b3640c2c6550b5,player_hoverjet_bullet_turret_tunables
7c442e1c03db06ee,player_hoverjet_main_turret_3rd_person_tunables
43096dbf0c32f9eb,player_light_helicopter_gunner_turret_tunables_wz
630a8fb53018cea4,proximity_grenade_aoe_tunables_mp
54e6f149e4aae310,proximity_grenade_tunables
5d8895fda42d5580,proximity_grenade_tunables_mp
5d6a92fda41452d8,proximity_grenade_tunables_zm
621b652f36d11dec,quadtank_main_turret_player_tunables
4986b706f87bf004,ray_gun_mk2_tunables_wz
49b2a206f8a10740,ray_gun_mk2_tunables_zm
17d5005a2884060b,ray_gun_mk2_upgraded_tunables_zm
29115559b0a84e8c,ray_gun_mk2v_tunables_zm
0bb174f89c97e99f,ray_gun_mk2v_upgraded_tunables_zm
454c316ea80aa78c,ray_gun_mk2x_dw_tunables_zm
1428870c9e65535d,ray_gun_mk2x_lh_tunables_zm
3a76e859f3f09a26,ray_gun_mk2x_tunables_wz
3a6cff59f3e86cb6,ray_gun_mk2x_tunables_zm
6bcd7d3be8fd44ca,ray_gun_mk2y_charged_tunables_zm
089b4649e3176fb9,ray_gun_mk2y_tunables_wz
08c03b49e3367945,ray_gun_mk2y_tunables_zm
782aeec925d4e58f,ray_gun_mk2y_upgraded_charged_tunables_zm
1ee97f8490b51d64,ray_gun_mk2y_upgraded_tunables_zm
4637bd70524d7344,ray_gun_mk2z_tunables_wz
4663a87052728a80,ray_gun_mk2z_tunables_zm
67bbab713da2084b,ray_gun_mk2z_upgraded_tunables_zm
5e305e6c510b5edb,ray_gun_tunables
47fb737fc2ff7a39,ray_gun_tunables_mp
4853797fc349fa41,ray_gun_tunables_wz
48426e7fc33b745d,ray_gun_tunables_zm
1ed6bd618303d73c,ray_gun_upgraded_tunables
3359eff539b6b9dc,ray_gun_upgraded_tunables_zm
62fbc42af7c057aa,recon_car_tunables
3bd9f3738650cd42,recon_car_tunables_mp
3c24f1738690b556,recon_car_tunables_wz
67e8b009aa2faf34,recon_car_zm_tunables
206bae143f68c06e,recon_plane_tunables
2003ff02ffe3e7fb,remote_missile_bomblet_tunables
0d3b8129a2485699,remote_missile_bomblet_tunables_mp
32d0eb0b5bb45a47,remote_missile_mini_tunables
601b3cb8de1e9ddd,remote_missile_mini_tunables_mp
7589854aa10b1250,remote_missile_missile_tunables
1a1968e8149e54c0,remote_missile_missile_tunables_mp
101c80c5dfbbfcd9,remote_missile_tunables
0c3d2abbec8a07c7,remote_missile_tunables_mp
0cc45e0258ecbe7b,ring_of_fire_tunables
4b18c622b373b207,riotshield_tunables
26712c69f7d5bea1,riotshield_tunables_zm
65720c0107e61127,rotor_blade_tunables
1e5adc236541a317,satchel_charge_tunables
6f403c7c10df6e11,satlink_weapon_dw_tunables
0d512dbf32087fce,satlink_weapon_lh_tunables
4bbd92eeb250ace5,satlink_weapon_tunables
642fad55509f50d4,scavenger_item_tunables
06f769fec620ad92,scavenger_item_tunables_cp
071965fec63d8d2c,scavenger_item_tunables_mp
06ce67fec5fda518,scavenger_item_tunables_wz
3cb79fcd2573e818,seeker_mine_arc_tunables_mp
0a588ad5dccd547f,seeker_mine_success_tunables_mp
3864d058c4cc1eef,shock_rifle_tunables_mp
3a17cc7a6d6da496,shocked_hands_tunables_mp
79b8c8118d0f3892,shotgun_fullauto_t8_tunables_mp
7996c6118cf24ec6,shotgun_fullauto_t8_tunables_wz
798cdd118cea2156,shotgun_fullauto_t8_tunables_zm
7d3e572e54b6a8c1,shotgun_fullauto_t8_upgraded_tunables_zm
539389563b3106c3,shotgun_fullauto_t9_tunables
626df0f7ef531164,shotgun_fullauto_t9_upgraded_tunables
6b7d8515819e6013,shotgun_leveraction_t9_tunables
5a526ecb215cee94,shotgun_leveraction_t9_upgraded_tunables
3527ab00868543ac,shotgun_precision_t8_tunables_mp
34dcad0086455b98,shotgun_precision_t8_tunables_wz
34edc0008653ef14,shotgun_precision_t8_tunables_zm
7571eddbe183d587,shotgun_precision_t8_upgraded_tunables_zm
5d4ea7da80ac9ee6,shotgun_pump_t8_tunables_mp
5d99b5da80eca22a,shotgun_pump_t8_tunables_wz
5d74a4da80cd690a,shotgun_pump_t8_tunables_zm
590ee332a42078dd,shotgun_pump_t8_upgraded_tunables_zm
71639a39b74c96cf,shotgun_pump_t9_tunables
61920a475360c978,shotgun_pump_t9_upgraded_tunables
1df1168b180ee487,shotgun_semiauto_t8_tunables_mp
1d98108b17c2b17f,shotgun_semiauto_t8_tunables_wz
1da3198b17ccc84f,shotgun_semiauto_t8_tunables_zm
13c05018845ff186,shotgun_semiauto_t8_upgraded_tunables_zm
2b51850f4f6fdf78,shotgun_semiauto_t9_tunables
50a736469145b38d,shotgun_semiauto_t9_upgraded_tunables
2077527bb7094048,shotgun_trenchgun_t8_tunables_mp
20595f7bb6f058d0,shotgun_trenchgun_t8_tunables_zm
62ea5a575bcbef3e,shotgun_trenchgun_t8_upgraded_grenade_tunables_zm
217cf034ebd9b37b,shotgun_trenchgun_t8_upgraded_tunables_zm
18887b946bc627cc,sig_blade_projectile_tunables_mp
55c000af50887e8c,sig_blade_tunables_mp
557502af50489678,sig_blade_tunables_wz
037c8b1af6eafcf6,sig_bow_flame2_tunables
788f7cf1f922b7cf,sig_bow_flame3_tunables
1e2d60a6145e11b8,sig_bow_flame4_tunables
26e301d14c48e0d9,sig_bow_flame5_tunables
5f5e21f6f31da9e6,sig_bow_flame_alt_tunables
2153d438d0c46d0e,sig_bow_flame_tunables
3cf4bb620bde55e6,sig_bow_quickshot2_tunables_mp
33258269152fd5b5,sig_bow_quickshot3_tunables_mp
2408bfb40a93c758,sig_bow_quickshot4_tunables_mp
75a8ea284a49ffc7,sig_bow_quickshot5_tunables_mp
29f123049b9d337e,sig_bow_quickshot_alt2_tunables_mp
15ec780880d24e4d,sig_bow_quickshot_alt3_tunables_mp
6d4306f7e84558b0,sig_bow_quickshot_alt4_tunables_mp
63dce1dff44de076,sig_bow_quickshot_alt_tunables_mp
77a6107d3e16ed4e,sig_bow_quickshot_tunables_mp
77ba0e7d3e2792f2,sig_bow_quickshot_tunables_wz
25a982ac763147fe,sig_buckler_dw_tunables_mp
07ad065aa5d0a7af,sig_buckler_lh_tunables_mp
5c395d1d05db3b29,sig_buckler_turret_tunables_mp
323d6e593fb437b6,sig_lmg_tunables
4063545072f602a6,sig_lmg_tunables_mp
1a65d60c89d525a1,sig_minigun_tunables_mp
7bb2e7221fb7531f,sig_minigun_turret_24_tunables_mp
70801b8f6fd59ceb,sig_minigun_turret_28_tunables_mp
45bd40c2f5d21b54,sig_minigun_turret_32_tunables_mp
7ac156cb884fb4a0,sig_minigun_turret_36_tunables_mp
4cf8231b95e41d3d,sig_minigun_turret_40_tunables_mp
55d9cb6179601cd9,sig_minigun_turret_44_tunables_mp
203fd1428573070c,skeleton_spear_melee_tunables
49defd1b93930fe4,skeleton_sword_melee_tunables
673e8f3f53503472,smg_accurate_t8_gold_tunables_wz
344d8d40aac46028,smg_accurate_t8_operator_tunables_wz
439b0c1b085dcc6d,smg_accurate_t8_tunables_mp
4386021b084b5f65,smg_accurate_t8_tunables_wz
4359ef1b08260431,smg_accurate_t8_tunables_zm
6c22f429163a57a8,smg_accurate_t8_upgraded_tunables_zm
34ac22178a41e8fe,smg_accurate_t9_tunables
6bf8e45363fe8583,smg_accurate_t9_upgraded_tunables
29530a8350d1bb80,smg_burst_t9_tunables
267f335421384395,smg_burst_t9_upgraded_tunables
1898aec4d4f00734,smg_capacity_t8_gold_tunables_wz
198bd14a29ecca1a,smg_capacity_t8_operator_tunables_wz
170f5d520ee60fef,smg_capacity_t8_tunables_mp
175a67520f260c67,smg_capacity_t8_tunables_wz
172d70520eff2dc7,smg_capacity_t8_tunables_zm
45a2e955491110fe,smg_capacity_t8_upgraded_tunables_zm
78ba3646b692ec50,smg_capacity_t9_tunables
64f323cec2a53d05,smg_capacity_t9_upgraded_tunables
5ed686dfdb4dbc5c,smg_cqb_t9_tunables
5139121f749f8b79,smg_cqb_t9_upgraded_tunables
57c1cda147b2e8c7,smg_drum_pistol_t8_tunables_mp
5773d0a14770cc8f,smg_drum_pistol_t8_tunables_zm
318bcb6e60e63bc6,smg_drum_pistol_t8_upgraded_tunables_zm
667fcc1f6447bdcd,smg_fastburst_t8_tunables_mp
666ac21f643550c5,smg_fastburst_t8_tunables_wz
663eaf1f640ff591,smg_fastburst_t8_tunables_zm
301b7970bb11f648,smg_fastburst_t8_upgraded_tunables_zm
4fca143e2bce8b05,smg_fastfire_t8_tunables_mp
4fec1a3e2beb7b9d,smg_fastfire_t8_tunables_wz
4ff6073e2bf3afd9,smg_fastfire_t8_tunables_zm
0018bbb27f3d7310,smg_fastfire_t8_upgraded_tunables_zm
48ef608ad8480966,smg_fastfire_t9_tunables
3fd3d178df50a3eb,smg_fastfire_t9_upgraded_tunables
1038c70829cc8f8e,smg_flechette_t9_tunables
758bbf1a80c9c933,smg_flechette_t9_upgraded_tunables
559fa3b63a213deb,smg_folding_t8_gold_tunables_wz
7a81f54e1cb03b6e,smg_folding_t8_tunables_mp
7a95f34e1cc0e112,smg_folding_t8_tunables_wz
7aa7024e1ccf6dc2,smg_folding_t8_tunables_zm
153bf04bb132f115,smg_folding_t8_upgraded_tunables_zm
2f7cce75d07e5866,smg_handling_t8_dw_tunables_mp
2fc7dc75d0be5baa,smg_handling_t8_dw_tunables_wz
2fa2cb75d09f228a,smg_handling_t8_dw_tunables_zm
022cf1d9bc4909b7,smg_handling_t8_lh_tunables_mp
0240ebd9bc59a88f,smg_handling_t8_lh_tunables_wz
024ad4d9bc61d5ff,smg_handling_t8_lh_tunables_zm
4c3909f13a088120,smg_handling_t8_tunables_mp
4c241bf139f643ac,smg_handling_t8_tunables_wz
4c1a06f139edcb78,smg_handling_t8_tunables_zm
7995be1b779bb1a7,smg_handling_t8_upgraded_dw_tunables_zm
548ed02cfaa2fbe2,smg_handling_t8_upgraded_lh_tunables_zm
12fa862ec34cb783,smg_handling_t8_upgraded_tunables_zm
5c390c20b9493891,smg_handling_t9_tunables
11d238582cd6fd62,smg_handling_t9_upgraded_tunables
13904aebe6014a81,smg_heavy_t9_tunables
7152b4ef7e424472,smg_heavy_t9_upgraded_tunables
5c3a69777b793350,smg_minigun_t8_tunables_mp
5c927b777bc3c7bc,smg_minigun_t8_tunables_wz
5c8886777bbb85e8,smg_minigun_t8_tunables_zm
1ac58e966cfeb7d3,smg_minigun_t8_upgraded_tunables_zm
451d779ad80edc84,smg_mp40_t8_tunables_mp
4508699ad7fc68b0,smg_mp40_t8_tunables_wz
44e37c9ad7dd6cbc,smg_mp40_t8_tunables_zm
33b3a5c6d5f3866f,smg_mp40_t8_upgraded_tunables_zm
3418175d3fec683f,smg_season6_t9_tunables
3566010b5eef7c48,smg_season6_t9_upgraded_tunables
35959f9a8c097471,smg_semiauto_t9_tunables
64ea7a18b633be02,smg_semiauto_t9_upgraded_tunables
2772de5adc909803,smg_spray_t9_tunables
7e210b26cc7095a4,smg_spray_t9_upgraded_tunables
0cc80dc3ebec0b3c,smg_standard_t8_tunables_mp
0cea0fc3ec08f508,smg_standard_t8_tunables_wz
0cfb02c3ec175224,smg_standard_t8_tunables_zm
646bb1042d0c64b7,smg_standard_t8_upgraded_tunables_zm
06bef84854bf7d85,smg_standard_t9_tunables
19099b870a44b3be,smg_standard_t9_upgraded_tunables
2b95570c12fd4cd3,smg_thompson_t8_tunables_mp
2bce720c132d3ffb,smg_thompson_t8_tunables_zm
321ac904ac1d7d0a,smg_thompson_t8_upgraded_tunables_zm
4b3df6ae6c04b26c,smg_vmp_t8_tunables_mp
4af2f8ae6bc4ca58,smg_vmp_t8_tunables_wz
4b040bae6bd35dd4,smg_vmp_t8_tunables_zm
1cfb0c307910d547,smg_vmp_t8_upgraded_tunables_zm
057dae5abcaface7,smoke_center_tunables
4a9b850a1112c5bd,smoke_center_tunables_mp
0565c9690fb87696,sniper_accurate_t9_tunables
31894635b33a3a3b,sniper_accurate_t9_upgraded_tunables
528fc4f431f303e1,sniper_cannon_t9_tunables
1cec38a03ed0f592,sniper_cannon_t9_upgraded_tunables
498d8113dbc1f622,sniper_damagesemi_t8_tunables_mp
49d87f13dc01de36,sniper_damagesemi_t8_tunables_wz
49cd7613dbf7c766,sniper_damagesemi_t8_tunables_zm
0f3df1dd2d2aeeb1,sniper_damagesemi_t8_upgraded_tunables_zm
3a5d936890b8a2cc,sniper_fastrechamber_t8_tunables_mp
3a139568907a6db8,sniper_fastrechamber_t8_tunables_wz
3a24a86890890134,sniper_fastrechamber_t8_tunables_zm
79ffc46206fe8de7,sniper_fastrechamber_t8_upgraded_tunables_zm
706d99472140f697,sniper_locus_t8_tunables_mp
708293472153486f,sniper_locus_t8_tunables_wz
708c7c47215b75df,sniper_locus_t8_tunables_zm
58e8c9812d761276,sniper_locus_t8_upgraded_tunables_zm
108ccc7fd08ce60d,sniper_mini14_t8_tunables_mp
1078c27fd07c2c05,sniper_mini14_t8_tunables_wz
104caf7fd056d0d1,sniper_mini14_t8_tunables_zm
27b0ff9816abf488,sniper_mini14_t8_upgraded_tunables_zm
551ffa8bcf6e5a1f,sniper_powerbolt_swat_t8_tunables_mp
4adade3c40b88df4,sniper_powerbolt_t8_gold_tunables_wz
27f65c74fe7ea1af,sniper_powerbolt_t8_tunables_mp
28416674febe9e27,sniper_powerbolt_t8_tunables_wz
28156f74fe997287,sniper_powerbolt_t8_tunables_zm
38b38bc1c93073be,sniper_powerbolt_t8_upgraded_tunables_zm
6923ed8c9eb8e0cc,sniper_powersemi_t8_tunables_mp
68d9ef8c9e7aabb8,sniper_powersemi_t8_tunables_wz
68eb028c9e893f34,sniper_powersemi_t8_tunables_zm
75cc3080989727e7,sniper_powersemi_t8_upgraded_tunables_zm
27c09e55d041e9b5,sniper_powersemi_t9_tunables
32b74d57bc86fe4e,sniper_powersemi_t9_upgraded_tunables
7487e0e088163a0f,sniper_quickscope_t8_operator_tunables_wz
2a9b23ef425e6144,sniper_quickscope_t8_tunables_mp
2a8715ef424da070,sniper_quickscope_t8_tunables_wz
2a6128ef422cf17c,sniper_quickscope_t8_tunables_zm
63dc1108988f1f2f,sniper_quickscope_t8_upgraded_tunables_zm
65ce6e940031f1fd,sniper_quickscope_t9_tunables
0d972fd73ad078f6,sniper_quickscope_t9_upgraded_tunables
75917b1ace238dcd,sniper_standard_t9_tunables
25e6c19ce78627a6,sniper_standard_t9_upgraded_tunables
0f3bd7c47f554dd4,snowball_tunables
56a60ec6d593a418,snowball_tunables_wz
56b721c6d5a23794,snowball_tunables_zm
45008d4a9afe3707,snowball_upgraded_tunables_zm
38dbc97084cdbf07,snowball_yellow_tunables_zm
682f2e930595213e,snowball_yellow_upgraded_tunables_zm
7e9b949374e14086,snowmobile_camera_turret_tunables
45fb92ce4f554e56,spawn_beacon_held_tunables_mp
477dcc892fe6a41d,special_ballisticknife_t8_dw_dw_tunables_mp
47d5c289303108f5,special_ballisticknife_t8_dw_dw_tunables_wz
47a9cf89300be421,special_ballisticknife_t8_dw_dw_tunables_zm
374329c0cacd68e5,special_ballisticknife_t8_dw_tunables_mp
37652fc0caea597d,special_ballisticknife_t8_dw_tunables_wz
37701cc0caf440b9,special_ballisticknife_t8_dw_tunables_zm
03266bc7b7ba5302,special_ballisticknife_t8_dw_upgraded_dw_tunables_zm
19bb21a546c3bc30,special_ballisticknife_t8_dw_upgraded_tunables_zm
6d100165b9a7207f,special_ballisticknife_t8_lh_lh_tunables_mp
6cee0b65b98a4b17,special_ballisticknife_t8_lh_lh_tunables_wz
6cc1f465b964e917,special_ballisticknife_t8_lh_lh_tunables_zm
2ccb4841276fcba8,special_ballisticknife_t8_lh_tunables_mp
2c804a41272fe394,special_ballisticknife_t8_lh_tunables_wz
2cac554127553130,special_ballisticknife_t8_lh_tunables_zm
10be9cbeab2574da,special_ballisticknife_t8_lh_upgraded_lh_tunables_zm
05ef9498e85cbd1b,special_ballisticknife_t8_lh_upgraded_tunables_zm
5c7b910c17794010,special_ballisticknife_t9_dw_tunables
61103ff389f01bc5,special_ballisticknife_t9_dw_upgraded_tunables
0040f633ed4b2da7,special_ballisticknife_t9_lh_tunables
61698819033361d0,special_ballisticknife_t9_lh_upgraded_tunables
61958f586af5777b,special_crossbow_t8_sas_tunables_mp
285897836cd3007d,special_crossbow_t8_tunables_mp
28b18d836d1f1855,special_crossbow_t8_tunables_wz
28859a836cf9f381,special_crossbow_t8_tunables_zm
101c24bf5bf26298,special_crossbow_t8_upgraded_tunables_zm
5b254a8514a9d6ee,special_crossbow_t9_tunables
4100a78e2e5e7dd3,special_crossbow_t9_upgraded_tunables
1898fefd805afab6,special_grenadelauncher_t9_tunables
479a5cfd7864631b,special_grenadelauncher_t9_upgraded_tunables
7b1c58addaf4249f,special_gunless_t9_tunables
676e55ec5c337262,special_nailgun_t9_tunables
08262fa1d659f0af,special_nailgun_t9_upgraded_tunables
6c54fa0d3ca6f469,spectre_grenade_tunables_wz
62911365de2b4610,spider_turret_tunables
2d4dc0e0f9355d07,spknifeork_flourish_tunables_zm
7012b9992005605c,spknifeork_tunables_wz
7008c4991ffd1e88,spknifeork_tunables_zm
67f13f63a160d5f3,spoon_alcatraz_flourish_tunables_zm
4dadf365f0b93204,spoon_alcatraz_tunables_zm
061f9af479078722,spork_alcatraz_tunables_wz
063089f47915dd72,spork_alcatraz_tunables_zm
02bd34e41c75e0f5,spy_med_pack_tunables
54533de3a4a6b0af,spy_wanted_order_tunables
707731ac7054ae4b,stake_knife_flourish_tunables_zm
0aac2ee5c7618a5c,stake_knife_tunables_zm
5441a11495d61915,steiner_projectile_blast_tunables
137360b01f8c3bd9,sticky_grenade_extra_tunables_zm
3d23a904383db4a8,sticky_grenade_tunables
21acdb20f20bbfe8,sticky_grenade_tunables_mp
218de820f1f12570,sticky_grenade_tunables_zm
6d65e0633f4bdfda,sticky_grenade_widows_wine_tunables_zm
40ffadaab96037f1,stoker_coal_bomb_tunables_cp
40aa94aab917cd77,stoker_coal_bomb_tunables_zm
371557a4c83fc6c5,stoker_melee_tunables
4c08f4f6acd8fc03,straferun_gun_tunables
4bf1fe01e6099291,straferun_gun_tunables_mp
4360b3a93bbecf6e,straferun_rockets_tunables
331c2cbbf301b2ee,straferun_rockets_tunables_mp
04b095f8bf1bff50,straferun_tunables
5832b404d012a3c0,straferun_tunables_mp
173c1e4473058067,supplydrop_marker_tunables
16b587cfdcc00c3d,supplydrop_marker_tunables_mp
2dd6aea94766cee4,supplydrop_tunables
160f13ea2949e35c,supplydrop_tunables_mp
7d30d9bdbe35fbc2,supplypod_catch_tunables
7b01e01c1c0bcaaa,supplypod_catch_tunables_mp
50f0b9afe13e1c71,suv_camera_turret_tunables
0a36c16d182abdbc,syrette_tunables
60adc06271066050,syrette_tunables_wz
6087d36270e5b15c,syrette_tunables_zm
3f48b52b0d297b2d,tank_robot_launcher_turret_tunables_mp
34e2768caebfc684,tank_t8_main_turret_player_tunables
2515e4a3a376dffd,tank_t9_gunner_rifle_tunables
75155fb785301e18,tank_t9_gunner_zombietron_tunables
2a182c0f22861a13,tank_t9_main_turret_zombietron_tunables
5132b72cebf0c5a4,tear_gas_tunables
3c633976d05521e2,thundergun_tunables_zm
5c9d63e5017fd775,thundergun_upgraded_tunables_zm
3ad71677c4ad0e15,thunderstorm_tunables_zm
50c85dd329f33b7b,tomahawk_t8_tunables_wz
50ee6ed32a14279b,tomahawk_t8_tunables_zm
5629cefbb8b9376a,tomahawk_t8_upgraded_tunables_zm
7bf15840874501eb,toxic_growth_tunables
39dc66e4e28e80b5,tr_damageburst_t8_tunables_mp
39916ce4e24e9f6d,tr_damageburst_t8_tunables_wz
399b79e4e2570a09,tr_damageburst_t8_tunables_zm
3b2806b61c3e8f20,tr_damageburst_t8_upgraded_tunables_zm
6878541f7fd94d2c,tr_damagesemi_t9_tunables
1236c3d5ecfbfaa9,tr_damagesemi_t9_upgraded_tunables
09f28a92cd2462f7,tr_fastburst_t9_tunables
6a7c672bd8411740,tr_fastburst_t9_upgraded_tunables
5a5e695f7f11c49e,tr_flechette_t8_tunables_mp
5a05675f7ec59862,tr_flechette_t8_tunables_wz
5a16565f7ed3eeb2,tr_flechette_t8_tunables_zm
358121d9f9803625,tr_flechette_t8_upgraded_tunables_zm
6d46cfc76585b314,tr_leveraction_t8_tunables_mp
6d9fc1c765d1c420,tr_leveraction_t8_tunables_wz
6d79b4c765b0decc,tr_leveraction_t8_tunables_zm
75ffd12fbff433df,tr_leveraction_t8_upgraded_tunables_zm
484e0529e39a7e8e,tr_longburst_t8_tunables_mp
48620329e3ab2432,tr_longburst_t8_tunables_wz
48731229e3b9b0e2,tr_longburst_t8_tunables_zm
03f94dfc19607475,tr_longburst_t8_upgraded_tunables_zm
7d8708908ff34e07,tr_longburst_t9_tunables
156f86636b8c58f0,tr_longburst_t9_upgraded_tunables
75b94f4e6e5fac75,tr_midburst_t8_operator_tunables_wz
671e914d711f2c52,tr_midburst_t8_tunables_mp
66fc8f4d71024286,tr_midburst_t8_tunables_wz
66f1a64d70f86216,tr_midburst_t8_tunables_zm
669e1352d2a2c881,tr_midburst_t8_upgraded_tunables_zm
2329c19e641ab14e,tr_powerburst_t9_tunables
795b5077744d66f3,tr_powerburst_t9_upgraded_tunables
09fa0644149d93d0,tr_powersemi_t8_gold_tunables_wz
3f5c5ce3404d667b,tr_powersemi_t8_tunables_mp
3f3a56e3403075e3,tr_powersemi_t8_tunables_wz
3f2947e34021e933,tr_powersemi_t8_tunables_zm
1f80d7e269f0e962,tr_powersemi_t8_upgraded_tunables_zm
6980cd7e4e6dd869,tr_precisionsemi_t9_tunables
768e501a1e3181da,tr_precisionsemi_t9_upgraded_tunables
25c858e26896668d,trophy_system_bb_tunables_mp
7a94159e8bd0926e,trophy_system_tunables
0aec881d0358f3ee,trophy_system_tunables_mp
0b00861d03699992,trophy_system_tunables_wz
146e83a33abfad98,truck_transport_t9_gunner_rifle_tunables
1f9f53b2e8ef3916,tundragun_tunables_zm
08956ceb428ebd81,tundragun_upgraded_tunables_zm
161abbac0b3822d6,turret_bo3_mil_vtol_nrc_tunables
2299c62099a5f83a,turret_boct_train_tunables
5500d9dc8c509f2e,turret_zm_tungsten_turret_tunables
303ae11d99a47398,uav_tunables
6542516a60ae84f8,uav_tunables_mp
4bc151eb959a020f,uaz_camera_turret_tunables
26153b7ef5f56982,ultimate_turret_deploy_tunables
62b16cf1c5805d6a,ultimate_turret_deploy_tunables_mp
31fc05deff63948a,ultimate_turret_tunables
790dc78804277fe2,ultimate_turret_tunables_mp
7958c588046767f6,ultimate_turret_tunables_wz
5369ec8c4b03a850,van_camera_turret_tunables
59da7577e1ae6ac4,vip_harness_tunables
3266c978308b45c3,vip_helicopter_rockets_tunables
3fdd39434b17468c,waterballoon_tunables_wz
6f5256a344d7af3e,weapon_armor_tunables
3e64a07b53fe7c78,werewolf_melee_tunables
4ae0c9ddf58e0e83,white_nova_crawler_projectile_tunables_zm
672f37ae85d14852,willy_pete_tunables
45df00514120c45a,willy_pete_tunables_mp
4586ee5140d62fee,willy_pete_tunables_wz
45b3055140fb91ee,willy_pete_tunables_zm
3c06d3a964d0c463,wingsuit_camera_turret_tunables
6bf55ed784b053cf,wraith_fire_fire_tunables_wz
6bff47d784b8813f,wraith_fire_fire_tunables_zm
7268b54e4477b9c1,ww_axe_gun_melee_t9_tunables
66209c628f0560cc,ww_axe_gun_smg_t9_tunables
7d4d689d89700089,ww_axe_gun_smg_t9_upgraded_tunables
5fe74cd89cef4026,ww_blundergat_acid_t8_tunables_zm
12174670d5a62471,ww_blundergat_acid_t8_upgraded_tunables_zm
11447099994635cd,ww_blundergat_fire_t8_tunables_zm
484f98b67f9508e1,ww_blundergat_fire_t8_unfinished_tunables_zm
5f83d822716cadec,ww_blundergat_fire_t8_upgraded_tunables_zm
7c5b82002e546d4e,ww_blundergat_t8_tunables_wz
7c8799002e79cf4e,ww_blundergat_t8_tunables_zm
6f9fc503e7736039,ww_blundergat_t8_upgraded_tunables_zm
2df8feaded6d411f,ww_crossbow_charged_t8_tunables_zm
45ce05addbddb4b6,ww_crossbow_charged_t8_upgraded_tunables_zm
2d781d7e0ced198b,ww_crossbow_impaler_t8_tunables_wz
2d9d0e7e0d0c1c4b,ww_crossbow_impaler_t8_tunables_zm
1d0e547d9e41dc62,ww_crossbow_t8_tunables_wz
1d1f437d9e5032b2,ww_crossbow_t8_tunables_zm
2c112968a1114225,ww_crossbow_t8_upgraded_tunables_zm
3ee8cd93f12e9f63,ww_freezegun_t8_tunables_zm
40e503a8d109c722,ww_freezegun_t8_upgraded_tunables_wz
40f5f2a8d1181d72,ww_freezegun_t8_upgraded_tunables_zm
27f5a0094919f468,ww_hand_c_tunables_zm
0f85f4d08f0f7dfc,ww_hand_g_tunables_zm
22fb0abf0852fd35,ww_hand_h_tunables_zm
688995c2afb42e44,ww_hand_o_tunables_zm
716dac4403e8dcec,ww_ieu_acid_t9_tunables
0271a0b50b5e2b92,ww_ieu_electric_t9_tunables
3eab30766257e9ff,ww_ieu_electric_t9_upgraded_tunables
2a0c146c6634d794,ww_ieu_gas_t9_tunables
00cb998993071c6b,ww_ieu_plasma_t9_tunables
5ffaba36c86f0016,ww_ieu_shockwave_t9_tunables
628577293c74f7ee,ww_mega_barrel_fullauto_blazer_beam_t9_tunables
0a8b12402e27f0d3,ww_mega_barrel_fullauto_blazer_beam_t9_upgraded_tunables
4bf2063045f765c1,ww_mega_barrel_fullauto_copycat_t9_tunables
472438581bb46ab2,ww_mega_barrel_fullauto_copycat_t9_upgraded_tunables
55c50a92caf7631f,ww_mega_barrel_fullauto_diffusion_beam_t9_tunables
4c9cc7c7b7a067e8,ww_mega_barrel_fullauto_diffusion_beam_t9_upgraded_tunables
45da262156927219,ww_mega_barrel_fullauto_micro_missile_t9_tunables
338b5df7378b2b2a,ww_mega_barrel_fullauto_micro_missile_t9_upgraded_tunables
0a86b3f30e03bb1f,ww_random_ray_gun1_tunables_wz
0a90bcf30e0c1eef,ww_random_ray_gun1_tunables_zm
57ecd4c151b80176,ww_random_ray_gun2_tunables_zm
5ddabc41663f8705,ww_random_ray_gun3_tunables_zm
685ca35abc3d0326,ww_ray_rifle_t9_alt_tunables
35fd14ec7adf39ab,ww_ray_rifle_t9_alt_upgraded_tunables
256276b63281e34e,ww_ray_rifle_t9_tunables
48529e8f04021cf3,ww_ray_rifle_t9_upgraded_tunables
02fdd846f8e49ce0,ww_tesla_gun_t8_tunables_zm
64f9ec073a38816b,ww_tesla_gun_t8_upgraded_tunables_zm
04b8edbe83f32d77,ww_tesla_sniper_t8_tunables_zm
5f744941e2ab97da,ww_tesla_sniper_upgraded_t8_tunables_zm
757e5ba26ac80963,ww_tricannon_air_t8_tunables_zm
5880c0270756fb72,ww_tricannon_air_t8_upgraded_tunables_zm
5159fca240faa703,ww_tricannon_earth_t8_tunables_zm
6b69d8f6028ea1d2,ww_tricannon_earth_t8_upgraded_tunables_zm
2606b3f35e97e075,ww_tricannon_fire_t8_tunables_zm
71cc3aae607f5d34,ww_tricannon_fire_t8_upgraded_tunables_zm
53891846aa9d1426,ww_tricannon_t8_tunables_zm
183bdde26b44e071,ww_tricannon_t8_upgraded_tunables_zm
72a5cddd314438de,ww_tricannon_water_t8_tunables_zm
57d765015e185669,ww_tricannon_water_t8_upgraded_tunables_zm
213d2267e3bd15d4,zhield_dw_tunables
71bb534f5764cf94,zhield_dw_tunables_zm
45cc8156d98f5863,zhield_lh_tunables
16592b991948ba45,zhield_lh_tunables_zm
1ef22a2a96175a25,zhield_spectral_dw_tunables_zm
7666294cfaf331a4,zhield_spectral_lh_tunables_zm
197b2d5fc883552a,zhield_spectral_turret_tunables_zm
5ef62be0bd587305,zhield_turret_tunables
3d5c7e99b9b9c6e3,zhield_turret_tunables_zm
21a8f1b3fe6f359b,zhield_zpear_dw_tunables_zm
77a8d5733798e7ee,zhield_zpear_lh_tunables_zm
54ca957e354f9464,zhield_zpear_turret_tunables_zm
3c56a99c135dbcf3,zhield_zword_dw_tunables_zm
74936fb0a0d2a1c6,zhield_zword_lh_tunables_zm
0b0c23847559531c,zhield_zword_turret_tunables_zm
7ef76f444f0e9ec9,zipline_t9_tunables
065395ee449cfa7c,zitem_acid_gat_part_1_tunables_zm
5c4998a5a8a0d3b1,zitem_acid_gat_part_2_tunables_zm
7956cd8ccd8f9532,zitem_acid_gat_part_3_tunables_zm
1abc180ecd98b354,zitem_chaos_lvl3_part_1_tunables_zm
6b42e76b0ab46969,zitem_chaos_lvl3_part_2_tunables_zm
5299fc9151c55bea,zitem_chaos_lvl3_part_3_tunables_zm
7f5c5ce7e22bdd48,zitem_office_key_tunables_zm
4df9469778153f24,zitem_red_strike_part_1_tunables_zm
6745247c6044651b,zitem_riotshield_part_1_tunables_zm
4a83a86c9aeeadd2,zitem_riotshield_part_2_tunables_zm
35cc2422704a1e51,zitem_riotshield_part_3_tunables_zm
0e09b9cf6a78118b,zitem_rocketshield_part_1_tunables
045460cea64c932d,zitem_rocketshield_part_1_tunables_zm
71eaae39497c7b80,zitem_rocketshield_part_2_tunables
180dbc70da4f5868,zitem_rocketshield_part_2_tunables_zm
7bafdfb1cfb0c1a1,zitem_rocketshield_part_3_tunables
2def1e5e20880257,zitem_rocketshield_part_3_tunables_zm
62ec58a177d7928e,zitem_silver_bullet_part_1_tunables_zm
5c037b82dd346b67,zitem_silver_bullet_part_2_tunables_zm
2764a1a4fc490238,zitem_silver_bullet_part_3_tunables_zm
6cedb46c12f36801,zitem_silver_bullet_part_4_tunables_zm
450057d6dc193997,zitem_silver_molten_part_1_tunables_zm
0d8c258c2d4d14fe,zitem_silver_molten_part_2_tunables_zm
60081ebdbe0fbf6d,zitem_silver_molten_part_3_tunables_zm
58c65c3982b44bd4,zitem_spectral_shield_part_1_tunables_zm
294d2b95bfd001e9,zitem_spectral_shield_part_2_tunables_zm
10a440bc06e0f46a,zitem_spectral_shield_part_3_tunables_zm
57c4e3e47923a61a,zitem_tricannon_upgrade_kit_tunables_zm
4f2d76873223aaad,zitem_tricannon_upgrade_part_1_tunables_zm
62e6d22966266fe8,zitem_tricannon_upgrade_part_2_tunables_zm
78c83416ac5f19d7,zitem_tricannon_upgrade_part_3_tunables_zm
49b340dc3cc40235,zitem_zhield_zpear_part_1_tunables_zm
4088b69cf9271a30,zitem_zhield_zpear_part_2_tunables_zm
6595f8f7006e5e9f,zitem_zhield_zpear_part_3_tunables_zm
52731625322df71d,zitem_zhield_zword_part_1_tunables_zm
7cea7975cda81318,zitem_zhield_zword_part_2_tunables_zm
3571a122e61903c7,zitem_zhield_zword_part_3_tunables_zm
78390b62c9f04dc5,zombie_ai_defaultmelee_tunables
3937be65bef4d3f3,zombie_ai_defaultmelee_tunables_wz
3926cf65bee67da3,zombie_ai_defaultmelee_tunables_zm
6feb0a5895d0c4e2,zombie_ai_sr_melee_tunables
63e5daf11c427cdf,zombie_bgb_grab_tunables
0b527f513cd54ce8,zombie_bgb_use_tunables
15d173a151ad8700,zombie_builder_tunables
7417797e5cfb06e8,zombie_builder_tunables_zm
78378afb5cb0502f,zombie_fists_bowie_tunables
0f5721382e36d9a9,zombie_fists_bowie_tunables_zm
5a51ec61b81ff841,zombie_fists_new_tunables_zm
2e28be4a741a04a0,zombie_fists_tunables_zm
16017d3462a15ac7,zombie_lure_zm_tunables
578a15cac6f40bec,zombie_perk_bottle_additionalprimaryweapon_tunables
7a9d059eb660b31f,zombie_perk_bottle_bandolier_tunables
37775f5bdcf2bbc8,zombie_perk_bottle_cherry_tunables
6132549af68f0358,zombie_perk_bottle_cooldown_tunables
1e782d4d97343341,zombie_perk_bottle_deadshot_tunables
663063ecc86870f6,zombie_perk_bottle_death_dash_tunables
12be491742d9e097,zombie_perk_bottle_death_perception_tunables
00daadf01244d659,zombie_perk_bottle_doubletap_tunables
60297b56a692e684,zombie_perk_bottle_dying_wish_tunables
0bdc3ccdc6dc666c,zombie_perk_bottle_elemental_pop_tunables
30bb3236d7e2386c,zombie_perk_bottle_ethereal_razor_tunables
6e5c7d4c156859de,zombie_perk_bottle_jugg_tunables
7f90fa620cdc41d9,zombie_perk_bottle_marathon_tunables
041b565440552c82,zombie_perk_bottle_mulekick_tunables
370f5dba291fc0c0,zombie_perk_bottle_mystery_tunables
12c1cbb7f8dc4284,zombie_perk_bottle_revive_tunables
5de1d7f6d94b13c1,zombie_perk_bottle_sleight_tunables
666ea68fb97990bc,zombie_perk_bottle_slider_tunables
03d3ed98b9dba1c1,zombie_perk_bottle_stronghold_tunables
5f698173444d57ea,zombie_perk_bottle_tombstone_tunables
0831027e16d46d62,zombie_perk_bottle_tortoise_tunables
54ddd69440b9a368,zombie_perk_bottle_widows_wine_tunables
6c93c22b1d678824,zombie_perk_bottle_wolf_protector_tunables
508110a1ea138241,zombie_perk_bottle_zombshell_tunables
3ff889fa14df82f0,zombie_projectile_tunables
092c46660b5f2ea0,zombietron_ai_defaultmelee_tunables
516cc9aff259334f,zombietron_bat_bite_turret_tunables
1e621a9f2c9b777e,zombietron_blight_father_melee_tunables
17e08ae2a56192a5,zombietron_bullet_turret_tunables
199abb1a7ca7bcb3,zombietron_deathmachine_1_tunables
32ad05348c968268,zombietron_deathmachine_2_tunables
02c9e92a58cda373,zombietron_deathmachine_tunables
2e8621ab4a6f6e53,zombietron_dog_ai_defaultmelee_tunables
1ea89d2d50d80f02,zombietron_fireball_weapon_tunables
2ddcac3da9116753,zombietron_giant_skeleton_blaster_tunables
060bff3782c8ff38,zombietron_impaler_tunables
0f7edd627215a45c,zombietron_lmg_tunables
6060b5cd670c2d73,zombietron_margwa_defaultmelee_tunables
47292858e75d0fea,zombietron_pineapplegun_tunables
05ddda47127363f4,zombietron_projectile_blast_tunables
6466cbc8e36fee57,zombietron_ray_gun_tunables
6107adc00a405947,zombietron_shotgun_fullauto_t9_tunables
39229f7edb8e1b5c,zombietron_siegebot_gun_turret_tunables
2a126b8a74fec7de,zombietron_siegebot_launcher_turret_tunables
2ca0c8e0cd35ad4f,zombietron_sprinkler_grenade_tunables
5ae81c10a0d06b34,zombietron_werewolf_melee_tunables
