1c1543684b44488c,ability_dog_style_default
750299286a7c78c1,abom_melee_style_default
12f7c55a5ad47c36,ac130_autocannon_style_default
2ca462fde479abf5,ac130_chaingun_style_default
3f7a3df7a3476553,ac130_main_cannon_style_default
0dad66778b9eb793,ac130_style_default
44901661db483218,aether_shroud_style_default
25ee3d27da262224,aetherscope_style_default
20f01d0ea5373f7a,ammo_weapon_ar_style_default
693678de3f4f91d6,ammo_weapon_ar_zm_style_default
037135676d2ba973,ammo_weapon_large_caliber_style_default
50aba3b8f517f135,ammo_weapon_large_caliber_zm_style_default
1de59206cf72207d,ammo_weapon_shotgun_style_default
30bbfde1104aeacb,ammo_weapon_shotgun_zm_style_default
186ee34f1cbc55db,ammo_weapon_small_caliber_style_default
4ea0fd582b85277d,ammo_weapon_small_caliber_zm_style_default
12fa97449be2152e,ammo_weapon_sniper_style_default
166dd041ac540942,ammo_weapon_sniper_zm_style_default
2d082ac7c78dcb40,ammo_weapon_special_style_default
77304b33ad001540,ammo_weapon_special_zm_style_default
491aa26f6cecd017,ar_accurate_t9_style_cp
6e96de51e4bb6d21,ar_accurate_t9_style_default
4932896f6d01377d,ar_accurate_t9_style_zm
5c4eca76315b91dc,ar_accurate_t9_upgraded_style_zm
3a0c39b17ae16a1c,ar_british_t9_style_default
56d660c0a39450ea,ar_british_t9_style_zm
7b913bf963177c01,ar_british_t9_upgraded_style_zm
10b72a5432230634,ar_damage_t9_style_cp
484eb8fdb9deb710,ar_damage_t9_style_default
110c1354326b1f1e,ar_damage_t9_style_zm
79e7a0ca8007181d,ar_damage_t9_upgraded_style_zm
54e039133ae58b51,ar_fastfire_t9_style_default
18c04159ada0002d,ar_fastfire_t9_style_zm
7ac2992723c3d2ec,ar_fastfire_t9_upgraded_style_zm
4e69723c94ee237a,ar_fasthandling_t9_style_default
458917136cbb5acc,ar_fasthandling_t9_style_zm
6d3c547991ca2c93,ar_fasthandling_t9_upgraded_style_zm
1aca4635a01837d0,ar_mobility_t9_style_default
5a0d394f424673de,ar_mobility_t9_style_zm
0dd76d1c3c2a23dd,ar_mobility_t9_upgraded_style_zm
1afb7192b1380bde,ar_season6_t9_style_default
7f16eb209d1d0460,ar_season6_t9_style_zm
463acc9fe2ae8cff,ar_season6_t9_upgraded_style_zm
688d499fb6ce5e9c,ar_slowfire_t9_style_default
5cd0e5a12d5f726a,ar_slowfire_t9_style_zm
477fdc1cf65bf881,ar_slowfire_t9_upgraded_style_zm
37b7967ebdd060a9,ar_slowhandling_t9_style_cp
21011a8be408a9ff,ar_slowhandling_t9_style_default
3798ad7ebdb5d72f,ar_slowhandling_t9_style_zm
3d2c59ad395bc5ae,ar_slowhandling_t9_upgraded_style_zm
7b17968d45791b79,ar_soviet_t9_style_default
40c347ab2f06ba75,ar_soviet_t9_style_zm
53d8f67e102bb174,ar_soviet_t9_upgraded_style_zm
0d517ce36271b494,ar_standard_t9_style_cp
6b0e76d8842c2cf0,ar_standard_t9_style_default
0da665e362b9cd7e,ar_standard_t9_style_zm
68134538175702bd,ar_standard_t9_upgraded_style_zm
3f388a0bf50b3cbc,avogadro_bolt_style_default
6a3ab41a9fdf2550,ball_style_default
33ae198667d552dc,bare_hands_style_default
1108358802d4c6aa,bare_hands_style_zm
273c49008ccaa272,bowie_flourish_style_default
5e3c0c7a5cb7e8a7,bowie_knife_style_default
33541f8571d2df97,briefcase_bomb_defuse_style_default
6cac8449d88e8cf0,briefcase_bomb_style_default
6d868095dec23c66,buildable_piece_style_default
61f647e96ef18246,chopper_gunner_style_default
600ca7343ab4e1e5,chopper_gunner_turret_style_default
564dff341213a075,claymore_style_default
12c5517e2af661c5,cobra_20mm_comlink_style_default
68d365cdcb72fcdb,cobra_20mm_style_default
2c4b4a49aeca9d8f,counteruav_mp_style_default
36643f8f943e4f51,counteruav_style_default
26e84bed6028c685,cymbal_monkey_style_default
1a939236b70f1941,cymbal_monkey_style_zm
56cab030f295980e,destructible_car_style_default
519546dafb901722,dog_ai_defaultmelee_style_default
4286a821259c1851,dogtag_drop_style_default
4a16620f44325027,downed_doa_style_default
169a49c2b5f1f7b8,downed_style_default
1c81c500566264b2,drone_squadron_turret_style_default
462b141b0a18c33d,dropkick_weapon_dw_style_default
5b82584b116ffa40,dropkick_weapon_lh_style_default
798c5d3a94f6dc03,dropkick_weapon_style_default
4272f89922e00e1c,elephant_eye_projectile_zm_style_default
5e6c1ca0b526f151,energy_mine_style_default
1a10b4cb4c6e5298,energy_mine_style_lvl2
388e5653cc4bf25a,eq_acid_bomb_style_default
7ee38462c945abd0,eq_concertina_wire_style_default
0d2e7ba3c3108781,eq_flash_grenade_style_cp
748aa0bd78f8e7b7,eq_flash_grenade_style_default
159c3c368cfd6ab9,eq_frag_grenade_style_default
499a70399b9a8c8f,eq_grapple_style_default
74323c09010ba33f,eq_grapple_style_zm
53032eec6e012716,eq_mechz_firebomb_style_default
7aeac39a6fe026c2,eq_molotov_style_cp
024ad36dbd597b12,eq_molotov_style_default
7b3fb49a70284d44,eq_molotov_style_zm
2994b46e7c8a7a10,eq_slow_grenade_style_cp
6509a86da7132a14,eq_slow_grenade_style_default
29e9d56e7cd2f222,eq_slow_grenade_style_zm
3412a33ea14cfb6a,eq_sticky_grenade_style_cp
29ead2da9103effa,eq_sticky_grenade_style_default
3430843ea165c44c,eq_sticky_grenade_style_zm
5fe6b628d313a973,eq_stimshot_style_cp
44cb540169a2e845,eq_stimshot_style_default
1202215ef7d32dae,eq_stimshot_style_spy
5ffed528d3287001,eq_stimshot_style_zm
567bbf05f7cb2ee0,eq_wraith_fire_style_default
4b028c39df0e1ef3,equip_sprout_zm_style_default
1548edcd3bd57ca9,essence_trap_style_default
4c33e47ee627500c,explodable_barrel_style_default
45b4f075d07c1434,frag_grenade_style_cp
5f33e8e0281b2110,frag_grenade_style_default
4609d975d0c42d1e,frag_grenade_style_zm
023a9046f50b3a2c,frenzied_guard_style_default
639a4f76789aa948,frost_blast_style_default
6da57cb5413762dd,gadget_clone_mp_style_default
6bf8271e0a1a8432,gadget_health_regen_style_default
56fc767d428e0a26,gadget_jammer_style_default
09655d17d1ef74fc,gadget_medicalinjectiongun_style_default
628fd3545c47fe02,gadget_medicalinjectiongun_t9_style_default
56f91e1d14f9c2c3,gadget_smart_cover_style_default
5f460fc3d7cdfb10,gadget_supplypod_style_default
52cc21374ffc8fd0,ges_plyr_gesture000_style_default
521b94619300ac3b,ges_plyr_gesture001_style_default
2866c5f22a340176,ges_plyr_gesture002_style_default
04975efdfda255f1,ges_plyr_gesture003_style_default
4024b9e95282a2fc,ges_plyr_gesture004_style_default
68f14780d836e277,ges_plyr_gesture005_style_default
7bbce2673fdc6f32,ges_plyr_gesture006_style_default
2514b82bb78c7a3d,ges_plyr_gesture007_style_default
462f3dff304c67c8,ges_plyr_gesture008_style_default
64a1379431490153,ges_plyr_gesture009_style_default
5cdc314b7e7625be,ghost_train_fire_zm_style_default
4be0c662550aef45,gun_missile_turret_style_default
54d71c0c672861c8,hatchet_style_cp
2add79d41f5e028c,hatchet_style_default
54892d0c66e65d5a,hatchet_style_zm
303106bfd468781b,heal_aoe_style_default
1e86971601314b32,helicopter_comlink_style_default
72fb1bf73ad938da,helicopter_guard_style_default
14f5304c3a9da679,hero_annihilator_style_default
22eacc05b2a87375,hero_annihilator_style_zm
4fa7ef9f92c4cc48,hero_flamethrower_style_default
4f12058079c02636,hero_flamethrower_style_zm
0b273332f0af1f2d,hero_pineapple_grenade_style_default
2e08e0a5f80ad54a,hero_pineapplegun_style_default
783d43d009c4869c,hero_pineapplegun_style_zm
5ffab0404c55edf8,hoverjet_style_default
5436bac5d3469074,incendiary_fire_style_default
721e2ca6597a7604,inventory_ac130_style_default
6ddc39419c02084b,inventory_chopper_gunner_style_default
50ea7d943be7aae4,inventory_counteruav_style_default
266d199937727df3,inventory_helicopter_comlink_style_default
749693a2a20c34b7,inventory_helicopter_guard_style_default
1be3f854b0012bb5,inventory_hoverjet_style_default
503a9d5fb256c550,inventory_jetfighter_style_default
0348c664a5c1b41c,inventory_napalm_strike_style_default
5e0c27543f2c9b07,inventory_planemortar_style_default
7c061c0ebf879657,inventory_planemortar_style_zm
7119a8cd652c93d6,inventory_recon_plane_style_default
6ab8db463729f151,inventory_remote_missile_style_default
4cd4650c71780ea0,inventory_straferun_style_default
505358b1e45c9320,inventory_uav_style_default
73f42b167971acfe,ir_strobe_style_default
4e38aa4f0d3b9cb9,jetfighter_style_default
780ed040e6391ab2,killstreak_remote_style_default
1208f1a9094c8913,klaus_command_style_default
6b4eba1cf38a2124,knife_held_style_default
27efa81b9acf3aa5,knife_loadout_style_default
0a6517be17efbfe1,knife_loadout_style_zm
65f4038f1db3d168,knife_loadout_upgraded_style_zm
45e99d8a519a15c6,knife_style_default
351a34f368e5cebe,land_mine_style_default
0e48b1f62297ecde,launcher_freefire_t9_style_default
14a23ab7e1baef60,launcher_freefire_t9_style_zm
3d1d02a51838fdff,launcher_freefire_t9_upgraded_style_zm
1442070d6fa0add9,launcher_standard_t9_style_cp
367fd0bb64023faf,launcher_standard_t9_style_default
148ffe0d6fe2bfdf,launcher_standard_t9_style_zm
345712d15622e4fe,launcher_standard_t9_upgraded_style_zm
6de9159491365523,lightning_links_style_default
47d70f94ceb3fe09,listening_device_style_default
0fbe2855a76894e2,listening_device_style_spy
79ada342e1b56b6c,littlebird_guard_minigun_style_default
1c67ddf7f2fa68fc,lmg_accurate_t9_style_cp
1f297b971e3b67b8,lmg_accurate_t9_style_default
1c86d6f7f3150da6,lmg_accurate_t9_style_zm
6104a63822adda85,lmg_accurate_t9_upgraded_style_zm
2001e7f3de888124,lmg_fastfire_t9_style_default
5c58dbba799a67b2,lmg_fastfire_t9_style_zm
1016b562b96e0289,lmg_fastfire_t9_upgraded_style_zm
118d237765dedd26,lmg_light_t9_style_cp
16dc713a0e92653e,lmg_light_t9_style_default
11e21c7766271140,lmg_light_t9_style_zm
00ba29ce86ad609f,lmg_light_t9_upgraded_style_zm
3d91d7d802d2a5fb,lmg_slowfire_t9_style_cp
66744bffeb56c74d,lmg_slowfire_t9_style_default
3d73e6d802b9c1e9,lmg_slowfire_t9_style_zm
3e5a70c42c3c41d0,lmg_slowfire_t9_upgraded_style_zm
20003d1a1d9bbae5,mechz_melee_style_default
5e59da434a6b976f,melee_baseballbat_t9_style_default
35c14b6656dd5e9f,melee_baseballbat_t9_style_zm
709ce458c53fbabe,melee_baseballbat_t9_upgraded_style_zm
47d9586aa55a9dc8,melee_battleaxe_t9_style_default
655d1a9869ef06b6,melee_battleaxe_t9_style_zm
347dfeb43da41835,melee_battleaxe_t9_upgraded_style_zm
208da876288f0775,melee_cane_t9_style_default
66d0e9cd6fa1dc71,melee_cane_t9_style_zm
684b71d808a9eb58,melee_cane_t9_upgraded_style_zm
7ec64a9fbed601b6,melee_coldwar_t9_dw_style_default
1d362eb76988ec98,melee_coldwar_t9_dw_style_zm
5fa8db182048fd77,melee_coldwar_t9_dw_upgraded_style_zm
55d96277f1dec2e7,melee_coldwar_t9_lh_style_default
1ee0f91fdcf7d0b7,melee_coldwar_t9_lh_style_zm
298121e2c2c623b6,melee_coldwar_t9_lh_upgraded_style_zm
0f130c0473aa3179,melee_etool_t9_style_default
1d75f54973422c75,melee_etool_t9_style_zm
130bc278d4212774,melee_etool_t9_upgraded_style_zm
5e2a07a23f72be74,melee_infected_knife_t9_style_default
55e24c8f87c3c602,melee_infected_knife_t9_style_zm
5caf30667f59de60,melee_mace_t9_style_default
387c4580f959816e,melee_mace_t9_style_zm
7ae9c149fb1eb84d,melee_mace_t9_upgraded_style_zm
77627769fe18da3f,melee_machete_t9_style_default
1842fe854622386f,melee_machete_t9_style_zm
772733a726c55bee,melee_machete_t9_upgraded_style_zm
6c15d8cabaab9f25,melee_sai_t9_dw_style_default
4eacb6ee1ef0b161,melee_sai_t9_dw_style_zm
2bb4f889d1d6bde8,melee_sai_t9_dw_upgraded_style_zm
3abd1744e01c29a8,melee_sai_t9_lh_style_default
1834c4ac4e926216,melee_sai_t9_lh_style_zm
6e82af83536b6255,melee_sai_t9_lh_upgraded_style_zm
41d854e20cc89c63,melee_scream_knife_t9_style_default
39b71928b356b793,melee_scream_knife_t9_style_zm
16b9c3e785773f9a,melee_scream_knife_t9_upgraded_style_zm
40569befd38f0c72,melee_scythe_t9_style_default
2ca393104cffc624,melee_scythe_t9_style_zm
2e47ccd979e680ab,melee_scythe_t9_upgraded_style_zm
7bb9b289c711b0ca,melee_sledgehammer_t9_style_default
17bf9a65ee17551c,melee_sledgehammer_t9_style_zm
00e47974e0ea33c3,melee_sledgehammer_t9_upgraded_style_zm
04d715bb501ea379,melee_wakizashi_t9_style_default
6e669925b73d9275,melee_wakizashi_t9_style_zm
235ddf58cfcdb974,melee_wakizashi_t9_upgraded_style_zm
140072ad65a36879,mimic_melee_style_default
6d9d903de94f798c,minigun_style_default
3c53fc93234d43d2,missile_turret_style_default
1c858968f7e9160a,molotov_fire_style_default
330256e0989708c8,napalm_strike_fire_style_default
2ca550d56bc9157b,napalm_strike_style_default
636544493d5e371f,nightingale_style_cp
63908276abd9efc9,nightingale_style_default
63463b493d437745,nightingale_style_zm
3c0d17bad169557b,none
522a52545603f266,noweapon_style_default
6bb871fbd96dde65,null_offhand_hero_gadget_style_default
40c1f2eefa4fd626,null_offhand_primary_style_default
479fb9383c0ce16a,null_offhand_secondary_style_default
03aea375d44027cf,null_offhand_ultimate_style_default
207f592ca24db658,parachute_style_default
2b406180f9ac817e,pbr_gunner_rifle_style_default
479998014a4663fb,pistol_burst_t9_dw_style_cp
701c700a1bc5414d,pistol_burst_t9_dw_style_default
477ba7014a2d7fe9,pistol_burst_t9_dw_style_zm
74db49f5fe675bd0,pistol_burst_t9_dw_upgraded_style_zm
5c09eb32731bb254,pistol_burst_t9_lh_style_cp
37ee49a7c2964bb0,pistol_burst_t9_lh_style_default
5c5ed4327363cb3e,pistol_burst_t9_lh_style_zm
1b0d5f01a4fafe7d,pistol_burst_t9_lh_upgraded_style_zm
67dcd9e9ae4a5145,pistol_burst_t9_style_cp
68f8ef7eb008ec73,pistol_burst_t9_style_default
67f4e8e9ae5efca3,pistol_burst_t9_style_zm
4d1e5e6991cd840a,pistol_burst_t9_upgraded_style_zm
62c049f7c22cb50d,pistol_fullauto_t9_dw_style_cp
18a2a3e6dab3d2bb,pistol_fullauto_t9_dw_style_default
62a228f7c2137f6b,pistol_fullauto_t9_dw_style_zm
2f624cca0c42acb2,pistol_fullauto_t9_dw_upgraded_style_zm
6264b8bbeb053c62,pistol_fullauto_t9_lh_style_cp
77d0b7e868027932,pistol_fullauto_t9_lh_style_default
62b9a9bbeb4d62e4,pistol_fullauto_t9_lh_style_zm
4809d4b40571eb6b,pistol_fullauto_t9_lh_upgraded_style_zm
64cf3c627218cf9b,pistol_fullauto_t9_style_cp
6fb855882108d96d,pistol_fullauto_t9_style_default
64b04b6271fe3889,pistol_fullauto_t9_style_zm
33cab73ceb8e23b0,pistol_fullauto_t9_upgraded_style_zm
3418901f8e452792,pistol_revolver_t9_dw_style_cp
0bfaa5de75fee422,pistol_revolver_t9_dw_style_default
3400a11f8e30b294,pistol_revolver_t9_dw_style_zm
2316748771b7967b,pistol_revolver_t9_dw_upgraded_style_zm
264da1368453371d,pistol_revolver_t9_lh_style_cp
7c0684544301624b,pistol_revolver_t9_lh_style_default
269ba036849556bb,pistol_revolver_t9_lh_style_zm
417c94ba29c249e2,pistol_revolver_t9_lh_upgraded_style_zm
76f4583ca2130d5a,pistol_revolver_t9_style_cp
67fd21a87708c4ea,pistol_revolver_t9_style_default
76a6593ca1d0edbc,pistol_revolver_t9_style_zm
3d1060907f81ca23,pistol_revolver_t9_upgraded_style_zm
57561da2222c6b00,pistol_semiauto_t9_dw_style_cp
4c7e1c9888bb9bc4,pistol_semiauto_t9_dw_style_default
573f1ea222198dd2,pistol_semiauto_t9_dw_style_zm
7f868f97ef4a6f69,pistol_semiauto_t9_dw_upgraded_style_zm
1147f5102275e73f,pistol_semiauto_t9_lh_style_cp
50c1a0934039c369,pistol_semiauto_t9_lh_style_default
1128ec10225b2765,pistol_semiauto_t9_lh_style_zm
125541e394e22c04,pistol_semiauto_t9_lh_upgraded_style_zm
3ced26378c047dbc,pistol_semiauto_t9_style_cp
4510cb4c94e8b378,pistol_semiauto_t9_style_default
3d0b1f378c1d6f66,pistol_semiauto_t9_style_zm
26a15da2f8b3db45,pistol_semiauto_t9_upgraded_style_zm
4eed6a8d0d468625,pistol_shotgun_t9_dw_style_default
78d3dc667b435e61,pistol_shotgun_t9_dw_style_zm
29df97f0303794e8,pistol_shotgun_t9_dw_upgraded_style_zm
1d94a90732b710a8,pistol_shotgun_t9_lh_style_default
425bea24aae50f16,pistol_shotgun_t9_lh_style_zm
6cad4ee9b1cc3955,pistol_shotgun_t9_lh_upgraded_style_zm
69626314ee55452b,pistol_shotgun_t9_style_default
16b43cf9730edf1b,pistol_shotgun_t9_style_zm
0239325317557e82,pistol_shotgun_t9_upgraded_style_zm
5f1d1e9b3707b9c8,planemortar_style_default
4990bac496b69a54,player_air_vehicle1_main_turret_3rd_person_style_default
06f585dfec406895,player_helicopter_gunner_turret_style_default
01b5747152cb8a18,player_hind_gunner1_turret_style_default
73590b450babc864,player_hoverjet_bullet_turret_style_default
3838b4a14b95a48d,player_hoverjet_main_turret_3rd_person_style_default
4758ed5966c3f46b,proximity_grenade_style_default
01d06bcde71aea26,ray_gun_style_default
3f82039cd763e148,ray_gun_style_zm
161404349bc49277,ray_gun_upgraded_style_default
6d681269a23eed07,ray_gun_upgraded_style_zm
46e77d98c0b3610d,recon_plane_style_default
43d5c5c3ebd8e006,remote_missile_bomblet_style_default
09ca51c93a946fe2,remote_missile_mini_style_default
497a2f5943135eab,remote_missile_missile_style_default
78051f2d435cc478,remote_missile_style_default
357cb8d7b494d386,ring_of_fire_style_default
47ed9f0a1d3613a2,riotshield_style_default
40b3986fb72f7802,rotor_blade_style_default
333e5b733b3727e2,satchel_charge_style_cp
0f17ce6643538bb2,satchel_charge_style_default
33934c733b7f4e64,satchel_charge_style_zm
4488c63952bc9060,satlink_weapon_dw_style_default
75081d14d898462d,satlink_weapon_lh_style_default
3179057cd3f91f14,satlink_weapon_style_default
3092d78933bc4eb3,scavenger_item_cp_style_default
20f7b7f632bdc8df,scavenger_item_style_default
45747a850693d23e,shotgun_fullauto_t9_style_default
270b8c95d36d0040,shotgun_fullauto_t9_style_zm
4ec7b64f9c881d9f,shotgun_fullauto_t9_upgraded_style_zm
79966995eef1c7ce,shotgun_leveraction_t9_style_default
6cb2865d3fb36d50,shotgun_leveraction_t9_style_zm
2837d8eaca7bee4f,shotgun_leveraction_t9_upgraded_style_zm
319c00b0b70610ca,shotgun_pump_t9_style_cp
1b905f8e003b66da,shotgun_pump_t9_style_default
31bae1b0b7208cac,shotgun_pump_t9_style_zm
0a86889a487de033,shotgun_pump_t9_upgraded_style_zm
549b146244d55315,shotgun_semiauto_t9_style_cp
71a00f9e545db483,shotgun_semiauto_t9_style_default
54460362448cf633,shotgun_semiauto_t9_style_zm
753f24e5cf3850fa,shotgun_semiauto_t9_upgraded_style_zm
7a326e5733612709,skeleton_spear_melee_zombietron_style_default
18cb985ddfb6bab1,skeleton_sword_melee_zombietron_style_default
2aa9dde95f431c89,smart_cover_detonator_style_default
76c4c32710f78cdd,smg_accurate_t9_style_default
576d76ab2aeb4bb9,smg_accurate_t9_style_zm
1bc354efdaa80b00,smg_accurate_t9_upgraded_style_zm
2e88bd30b58721db,smg_burst_t9_style_default
6f3106e632294d0b,smg_burst_t9_style_zm
6d0b1b1c23147912,smg_burst_t9_upgraded_style_zm
0d7cc01e1ce0acab,smg_capacity_t9_style_default
7e981d665f8ab19b,smg_capacity_t9_style_zm
5ae9565641cd1e02,smg_capacity_t9_upgraded_style_zm
3a093fd1b672eca1,smg_cqb_t9_style_cp
73be569111a5cd57,smg_cqb_t9_style_default
3a2146d1b6878a67,smg_cqb_t9_style_zm
59caf70eb82479c6,smg_cqb_t9_upgraded_style_zm
19e07f44d4dc4ee3,smg_fastfire_t9_style_cp
5263f6d36f72d835,smg_fastfire_t9_style_default
198b7e44d4940d31,smg_fastfire_t9_style_zm
70e12be9e7a3d718,smg_fastfire_t9_upgraded_style_zm
6ebe55d121e26ded,smg_flechette_t9_style_default
308cf0c2217c3a09,smg_flechette_t9_style_zm
5f5f6624ee594030,smg_flechette_t9_upgraded_style_zm
10092527995ff484,smg_handling_t9_style_cp
7bb19a283efedfe0,smg_handling_t9_style_default
0ff12e27994b71ee,smg_handling_t9_style_zm
1d9a186f042e91cd,smg_handling_t9_upgraded_style_zm
609cd16d928bc1b4,smg_heavy_t9_style_cp
5aa80098bc823990,smg_heavy_t9_style_default
60f1ba6d92d3da9e,smg_heavy_t9_style_zm
36d3933816fa029d,smg_heavy_t9_upgraded_style_zm
3e2c73951d2f3dca,smg_season6_t9_style_default
7e0b6bec7e7aa41c,smg_season6_t9_style_zm
6d974d9a8c3310c3,smg_season6_t9_upgraded_style_zm
2e2c105138d59800,smg_semiauto_t9_style_default
52059be12dabbd8e,smg_semiauto_t9_style_zm
1b0fe75accf092ad,smg_semiauto_t9_upgraded_style_zm
298a8fcc6fbd647e,smg_spray_t9_style_default
573d4ef7533a1d80,smg_spray_t9_style_zm
7da56ab817d4eddf,smg_spray_t9_upgraded_style_zm
7c6009cfd39ee670,smg_standard_t9_style_cp
61d1ff78fddbb7f4,smg_standard_t9_style_default
7cb52acfd3e75e82,smg_standard_t9_style_zm
124ef015c2edb879,smg_standard_t9_upgraded_style_zm
27f42b163166cc25,sniper_accurate_t9_style_default
5e8840a3e8e1e061,sniper_accurate_t9_style_zm
26a8de57d7e73ae8,sniper_accurate_t9_upgraded_style_zm
01f5b2499b2645b0,sniper_cannon_t9_style_default
465b7ec67728093e,sniper_cannon_t9_style_zm
26d08181cc1f987d,sniper_cannon_t9_upgraded_style_zm
170fc51f0abfec20,sniper_powersemi_t9_style_cp
49317560f854f364,sniper_powersemi_t9_style_default
16f7c61f0aab5bf2,sniper_powersemi_t9_style_zm
54f86ebb7b953bc9,sniper_powersemi_t9_upgraded_style_zm
642636ec97e7d958,sniper_quickscope_t9_style_cp
60455143d302989c,sniper_quickscope_t9_style_default
644527ec9802706a,sniper_quickscope_t9_style_zm
0f65e7134c88d281,sniper_quickscope_t9_upgraded_style_zm
72ea505eebb9caa8,sniper_standard_t9_style_cp
7ddceb2c7228efec,sniper_standard_t9_style_default
729c615eeb77c63a,sniper_standard_t9_style_zm
28cc09d4361fb771,sniper_standard_t9_upgraded_style_zm
318ef2feb0e09fdf,snowball_style_default
648fb78d6f843d8f,snowball_style_zm
6807d1943213eb6b,special_ballisticknife_t9_dw_style_default
2454291e17041d5b,special_ballisticknife_t9_dw_style_zm
24d17acc53f2b9c2,special_ballisticknife_t9_dw_upgraded_style_zm
1544933896967d82,special_ballisticknife_t9_lh_style_default
140d6e63aeec7f74,special_ballisticknife_t9_lh_style_zm
67476f38ac2b271b,special_ballisticknife_t9_lh_upgraded_style_zm
35097d9a9db0148d,special_crossbow_t9_style_default
2978abea0f2a2d29,special_crossbow_t9_style_zm
13e026df365a3910,special_crossbow_t9_upgraded_style_zm
70d39734a9fe2fb3,special_grenadelauncher_t9_style_cp
268580dc27293d85,special_grenadelauncher_t9_style_default
70ebb634aa12f641,special_grenadelauncher_t9_style_zm
7b678c7fd28fc088,special_grenadelauncher_t9_upgraded_style_zm
6a49eb716c7248ea,special_gunless_t9_style_default
62ae9474731e8371,special_nailgun_t9_style_default
73363603338b06cd,special_nailgun_t9_style_zm
7f9fd7431c1b5acc,special_nailgun_t9_upgraded_style_zm
63a9bf2837a05484,steiner_projectile_blast_style_default
09bebae7cea80d33,sticky_grenade_style_default
5846d976d124107e,straferun_gun_style_default
1f93b09399312e0d,straferun_rockets_style_default
03d5281408c105ab,straferun_style_default
2b8930f21622bcef,supplydrop_style_default
025c1b7156039f91,supplypod_catch_style_default
743e46550d820ae2,swat_grenade_payload_style_default
670eb6ff06c0b5f7,syrette_style_default
40ae4a0d6e5ae055,tank_t9_gunner_zombietron_style
1fe55fdee22899af,tear_gas_style_default
1189823caa440b36,toxic_growth_style_default
18d1b7ce5f990db1,tr_damagesemi_t9_style_cp
74c28b0c88a76367,tr_damagesemi_t9_style_default
187d9ece5f525637,tr_damagesemi_t9_style_zm
75e3de3bbac70c36,tr_damagesemi_t9_upgraded_style_zm
5f0af34e818f0cd2,tr_fastburst_t9_style_default
0b30a0a555c15404,tr_fastburst_t9_style_zm
7108d9227924d5cb,tr_fastburst_t9_upgraded_style_zm
5622d8601f0c2e12,tr_longburst_t9_style_cp
70e7bf605d2767a2,tr_longburst_t9_style_default
560ae9601ef7b914,tr_longburst_t9_style_zm
3447e06d59bc11fb,tr_longburst_t9_upgraded_style_zm
4589d402234385db,tr_powerburst_t9_style_cp
3037abe984a06aad,tr_powerburst_t9_style_default
456ae3022328eec9,tr_powerburst_t9_style_zm
784d0fc9b7bb3af0,tr_powerburst_t9_upgraded_style_zm
23eb9c10975239cc,tr_precisionsemi_t9_style_cp
45a23b28010ad408,tr_precisionsemi_t9_style_default
239db510971042f6,tr_precisionsemi_t9_style_zm
3e174604583af375,tr_precisionsemi_t9_upgraded_style_zm
2ea1854b17cd970d,trophy_system_style_default
38b4d327b373830b,truck_transport_camera_turret_style_default
355c9363d413fe35,turret_vehicle_boct_mil_hemtt_style_default
3ffcf7f74ca43443,turret_vehicle_pbr_style_default
3a7c58637bd93a89,turret_vehicle_zodiac_style_default
5c4938cd3cbcb4cd,turret_zm_tungsten_turret_style_default
145080116904ce63,uav_style_default
175e069f6bbf2559,ultimate_turret_zm_style
330fbf13365160ab,van_camera_turret_style_default
6a0a32305b56790f,vip_harness_style_default
61a774dab7902f3e,vip_helicopter_rockets_style_default
59e717929488fc1d,weapon_armor_style_default
4ae6998b2df001d7,willy_pete_style_cp
4de2d2e80651eae1,willy_pete_style_default
07898cff936dfdde,ww_axe_gun_melee_t9_style_zm
6fbb9cc0d61bf497,ww_axe_gun_smg_t9_style_zm
34e843021bc8f956,ww_axe_gun_smg_t9_upgraded_style_zm
66cd49abe5140527,ww_ieu_acid_t9_style_default
0e04fb32d9297808,ww_ieu_acid_t9_upgraded_style_default
4a8a4e3b6d9cd221,ww_ieu_electric_t9_style_default
75342b144e71f98a,ww_ieu_electric_t9_upgraded_style_default
7054ba41b205629f,ww_ieu_gas_t9_style_default
671fb7c580f3f200,ww_ieu_gas_t9_upgraded_style_default
2f99413142cd4ab6,ww_ieu_plasma_t9_style_default
0408332a6b0888a7,ww_ieu_plasma_t9_upgraded_style_default
3ccea998236cf8a5,ww_ieu_shockwave_t9_style_default
7a06e664e1d248c6,ww_ieu_shockwave_t9_upgraded_style_default
63639a5c4be7d78d,ww_mega_barrel_fullauto_blazer_beam_t9_style_default
380f42e7239a6b8e,ww_mega_barrel_fullauto_blazer_beam_t9_upgraded_style_default
6bf183fc7d1e19d0,ww_mega_barrel_fullauto_copycat_t9_style_default
42bf86d8f1e6c201,ww_mega_barrel_fullauto_copycat_t9_upgraded_style_default
779486d95bb3b2b8,ww_mega_barrel_fullauto_micro_missile_t9_style_default
545d36d5db323e09,ww_mega_barrel_fullauto_micro_missile_t9_upgraded_style_default
6dead322d3029af5,ww_ray_rifle_t9_alt_style_default
6b41eb920ad692f1,ww_ray_rifle_t9_alt_style_zm
0220244bfdf276d8,ww_ray_rifle_t9_alt_upgraded_style_zm
6386d8d77f3cc0ad,ww_ray_rifle_t9_style_default
47a39819f19020c9,ww_ray_rifle_t9_style_zm
47445de1476ff0f0,ww_ray_rifle_t9_upgraded_style_zm
70c7f07035d2f7df,zhield_dw_style_default
65fb1df6aa085b1e,zhield_lh_style_default
596bcccc0929a874,zhield_turret_style_default
34386586ff49db16,zitem_rocketshield_part_1_style_default
1ecd01f7d30f61db,zitem_rocketshield_part_2_style_default
71608dca65694170,zitem_rocketshield_part_3_style_default
47e67aa0ca2ab234,zombie_ai_defaultmelee_style_default
5a1bcbfed49e6af1,zombie_ai_sr_melee_style_default
6c2149575949d45b,zombie_builder_style_default
257eb372d68011fa,zombie_fists_bowie_style_default
5abc90a22e49f78e,zombie_lure_style_default
2fedc110ff389250,zombie_perk_bottle_deadshot_style_default
159f3978792a5432,zombie_perk_bottle_death_perception_style_default
5346a8da16d7e0f8,zombie_perk_bottle_doubletap_style_default
29fd5bf60eb131a7,zombie_perk_bottle_elemental_pop_style_default
356832b2ce6b31fd,zombie_perk_bottle_jugg_style_default
001fd1e85e697378,zombie_perk_bottle_marathon_style_default
608bd35d4565ee51,zombie_perk_bottle_mulekick_style_default
455c845200db2acf,zombie_perk_bottle_revive_style_default
7dc7bb90ce8663d0,zombie_perk_bottle_sleight_style_default
1a078c88289a4ef7,zombie_perk_bottle_slider_style_default
76f7167bdcb99fc9,zombie_perk_bottle_tombstone_style_default
2dfb2b278c6c648b,zombie_projectile_style_default
2e90abfbd3b6c5bb,zombietron_ai_defaultmelee_style_default
2aed3d08da68ec5a,zombietron_bat_bite_turret_style_default
0439be0b681aa85d,zombietron_blight_father_melee_style_default
5b7e0364a3ac2aae,zombietron_deathmachine_1_style_default
3f5ac2f4da3daaf3,zombietron_deathmachine_2_style_default
178b4f7daf9c536e,zombietron_deathmachine_style_default
7a684c5fe7b6f40e,zombietron_dog_ai_defaultmelee_style_default
35e0c4213f4c85d1,zombietron_fireball_weapon_style_default
2a65220279aff7f0,zombietron_gegenees_spear_projectile_style_default
2dfea2ba68743f0e,zombietron_giant_skeleton_blaster_style_default
26c19083fe0af3cf,zombietron_impaler_1_style_default
77fdfb24b0f0516a,zombietron_impaler_2_style_default
1e7d30a1a092fe43,zombietron_impaler_style_default
2df16746493ab4d9,zombietron_launcher_1_style_default
37dc123312102258,zombietron_launcher_2_style_default
07bc1cf79e3846ec,zombietron_launcher_secondary_style_default
481c55e0667ff411,zombietron_launcher_style_default
377ed298b9b1f09b,zombietron_lmg_1_style_default
60336bbd7e2dd3d6,zombietron_lmg_2_style_default
1e1a1178bf048557,zombietron_lmg_style_default
147e8920acefb16e,zombietron_margwa_defaultmelee_style_default
230f16ffa13ea161,zombietron_pineapplegun_1_style_default
4cecd284c8c23480,zombietron_pineapplegun_2_style_default
5367e58035fdc7c9,zombietron_pineapplegun_style_default
22af5fe52ecefe8a,zombietron_ray_gun_1_style_default
6f228b7e62fb676f,zombietron_ray_gun_2_style_default
7bff765f9d7f5ef2,zombietron_ray_gun_style_default
51e2bc55c4e192ba,zombietron_shotgun_fullauto_t9_1_style_default
2d8796ae7de9af9f,zombietron_shotgun_fullauto_t9_2_style_default
7ca77ca5634e0ce2,zombietron_shotgun_fullauto_t9_style_default
66fe5d286e301a5a,zombietron_sprinkler_grenade_style_default
0715812d69a5157f,zombietron_werewolf_melee_style_default
