072bd583f4fd0023,acog
4a103cea68c54eae,acog_ar_accurate
51e4e1996ae77a63,acog_ar_british
654bcf8386d95f09,acog_ar_damage
66711594a8bde30a,acog_ar_fastfire
737a7da3afe3816b,acog_ar_fasthandling
4abd69eba889de55,acog_ar_mobility
3f63855e71f257d9,acog_ar_season6
0fa77a2a2b915b31,acog_ar_slowfire
3605c92a1c4d9aac,acog_ar_slowhandling
371e8696b62f1bd6,acog_ar_soviet
38811e9cad34f85d,acog_ar_standard
2c2327c1d9fb2c8f,acog_lmg_accurate
30353b169adc0d0b,acog_lmg_fastfire
4f504c08321a72df,acog_lmg_light
6c8a72d6389d3f9c,acog_lmg_slowfire
76358754106c11e0,acog_smg_accurate
66869507cc3c2644,acog_smg_burst
726a8a677e935afa,acog_smg_capacity
724b77bafc5f61e8,acog_smg_cqb
0a80d807e1b62de0,acog_smg_fastfire
58eaea574a0f5386,acog_smg_flechette
71b3314508ee192b,acog_smg_handling
0e960b79b7e0423d,acog_smg_heavy
6c6d652c541ac9ef,acog_smg_season6
7ee6898204a86717,acog_smg_semiauto
6ab286a1b3516517,acog_smg_spray
72d121c5e56caed7,acog_smg_standard
57d4c8287286286b,acog_smg_wz
7b760759eef4ce06,acog_sniper_accurate
6c9b09efdb03607d,acog_sniper_cannon
2c42044178839f57,acog_sniper_powersemi
798c8ca7bd774505,acog_sniper_quickscope
7753d12f111c86e5,acog_sniper_standard
70854bb23895fb94,acog_tr_damagesemi
4f9842528725b791,acog_tr_fastburst
4dfe4cf8da973131,acog_tr_longburst
52321ebbae6efcda,acog_tr_powerburst
71c0c801ed6254fb,acog_tr_precisionsemi
4350e8850b894e79,acog_wz
5d8da2cd4e95e018,adsreload
6bd994daaf35e844,adsreload_wz
0ece059ad360b651,barrel
08c9e9152d55ea39,barrel2
1642ea3785a25fdc,barrel2_ar_accurate
405ce5b725f6fb8d,barrel2_ar_british
40908d37f9541697,barrel2_ar_damage
51b5611c25ef61c4,barrel2_ar_fastfire
76c9130cc6a38e31,barrel2_ar_fasthandling
79bb3f1702251607,barrel2_ar_mobility
22dc0d8a9ad5aa0b,barrel2_ar_season6
7c4f89bcfa35c667,barrel2_ar_slowfire
03b3825f2c26c056,barrel2_ar_slowhandling
5cee5ec64efd67bc,barrel2_ar_soviet
54795097552663fb,barrel2_ar_standard
7cd72ed21e545fa1,barrel2_lmg_accurate
1174d3b27ae6fd49,barrel2_lmg_fastfire
44b3dfc9fa753955,barrel2_lmg_light
28d75c88ea617fae,barrel2_lmg_slowfire
492458c0f5628e08,barrel2_pistol_burst
68b0e79d54ec94b0,barrel2_pistol_fullauto
3c44cb9a202f3795,barrel2_pistol_revolver
7c9e5ea4328ff98b,barrel2_pistol_semiauto
0c53c5b3f15a779b,barrel2_shotgun_fullauto
43a36daa1cbae5a1,barrel2_shotgun_leveraction
718f4abf49d597fb,barrel2_shotgun_pump
5ff6b219c3ed2248,barrel2_shotgun_semiauto
78bab368972dc38e,barrel2_smg_accurate
6046291dc8e5139e,barrel2_smg_burst
234907dd1a72cbac,barrel2_smg_capacity
4f230d8095dbe986,barrel2_smg_cqb
1a6f83bca169c6ea,barrel2_smg_fastfire
2cea7efdb98e8b0c,barrel2_smg_flechette
159b1d8dee8b0709,barrel2_smg_handling
7b907a28e3bdd027,barrel2_smg_heavy
26819d66f968df39,barrel2_smg_season6
63c5269c4706ef71,barrel2_smg_semiauto
5dc5b916e1529ded,barrel2_smg_spray
50c7622ce9d7343d,barrel2_smg_standard
465be36654c04d34,barrel2_sniper_accurate
34d2792398ff295b,barrel2_sniper_cannon
3203b8aba3b85d1d,barrel2_sniper_powersemi
59fe54a0e2cf14bb,barrel2_sniper_quickscope
18bf7fd173952fc3,barrel2_sniper_standard
0e0a7ac553bbfcde,barrel2_tr_damagesemi
75c33e2ce4656da3,barrel2_tr_fastburst
51e9cf344caa4f9f,barrel2_tr_longburst
7adb028aae067c0c,barrel2_tr_powerburst
064ef42537553939,barrel2_tr_precisionsemi
06a21683e0861cf4,barrel_ar_accurate
00a89c05a2271125,barrel_ar_british
6bade5a308741bff,barrel_ar_damage
139e53ace60a700c,barrel_ar_fastfire
58d6bf035731b1b9,barrel_ar_fasthandling
06b31ebb0a75197f,barrel_ar_mobility
064ccf0f3cb07f53,barrel_ar_season6
62686bfe2e87bbcf,barrel_ar_slowfire
2fd548e97a9e83de,barrel_ar_slowhandling
08c616c96bf24e34,barrel_ar_soviet
029680168f53ea83,barrel_ar_standard
4001ad2022a8fe89,barrel_lmg_accurate
5bd684acdeb8a861,barrel_lmg_fastfire
755b7ceddb4fd99d,barrel_lmg_light
34124c7c61e6a266,barrel_lmg_slowfire
688fe1245e8fae40,barrel_pistol_burst
69f728bb1d594ba8,barrel_pistol_fullauto
2c5ba84f6dbfbb9d,barrel_pistol_revolver
3ed9a134ab6e0943,barrel_pistol_semiauto
258d299485d0c650,barrel_pistol_shotgun
169349cc1f613563,barrel_shotgun_fullauto
30843fcf7cd66809,barrel_shotgun_leveraction
048f378a5f368da3,barrel_shotgun_pump
1a5515ba121e3570,barrel_shotgun_semiauto
3a38e684bdd7fb86,barrel_smg_accurate
0233957d563f1906,barrel_smg_burst
17db300868c41884,barrel_smg_capacity
57430b819a196e8e,barrel_smg_cqb
373119ec51a2fb92,barrel_smg_fastfire
268be45e3f41a5f4,barrel_smg_flechette
39d92df06e4ac611,barrel_smg_handling
2ac4a8275824b4ef,barrel_smg_heavy
5227fd0908cae521,barrel_smg_season6
7d895650221a1299,barrel_smg_semiauto
06862e2752bd1545,barrel_smg_spray
3616b059dfffb465,barrel_smg_standard
2e48b418162a580c,barrel_sniper_accurate
33943b0692748f93,barrel_sniper_cannon
095150a8317a7655,barrel_sniper_powersemi
1b62f09c4437d763,barrel_sniper_quickscope
383a5342d998ae2b,barrel_sniper_standard
7b2a835f351e5ea6,barrel_tr_damagesemi
349809a968f4f60b,barrel_tr_fastburst
7b8a0d1d85cba7d7,barrel_tr_longburst
2c4928404cf56654,barrel_tr_powerburst
2b33e36143644b81,barrel_tr_precisionsemi
10a30588db821e6b,barrelchoke
126e7c17ca32934d,barrelchoke_zm
2566b7c0d852c05b,clantag
511ece7df51e401a,compensator
75990807826703f8,compensator2
46f3b4d99610602d,compensator2_ar_accurate
4205d937ba67595a,compensator2_ar_british
33ffeff2b8f5738e,compensator2_ar_damage
03081c72a523d6fd,compensator2_ar_fastfire
31da3cf33f51c4d0,compensator2_ar_fasthandling
347c4169d5a5c1ce,compensator2_ar_mobility
6787c660f168e0e4,compensator2_ar_season6
10999ee650ca575a,compensator2_ar_slowfire
02c7abe500cff01b,compensator2_ar_slowhandling
13aea0758d328405,compensator2_ar_soviet
52624baf97bbeb2e,compensator2_ar_standard
7d5385efbdfd0376,compensator2_lmg_accurate
3a385a9ec04e3e42,compensator2_lmg_fastfire
504bdab936f92284,compensator2_lmg_light
4331610588cdd3e9,compensator2_lmg_slowfire
0c6b5193b333f43f,compensator2_pistol_burst
5183f3242dd15d49,compensator2_pistol_fullauto
04f239abe166e460,compensator2_pistol_revolver
0b285e2d37527f36,compensator2_pistol_semiauto
48b1c71d48ce8d84,compensator2_shotgun_fullauto
350e0ce27fc60bb4,compensator2_shotgun_leveraction
64a2fe26601ed8f0,compensator2_shotgun_pump
608c4081bc0035ef,compensator2_shotgun_semiauto
61b190b83b8be099,compensator2_smg_accurate
3032012c477e4487,compensator2_smg_burst
42d3f1971a88b277,compensator2_smg_capacity
2a6608570d34cc13,compensator2_smg_cqb
115e541efc1aab71,compensator2_smg_fastfire
1aacadb269594049,compensator2_smg_flechette
072ca613ac0b2dbe,compensator2_smg_handling
7e696f587912628e,compensator2_smg_heavy
575b540544412300,compensator2_smg_season6
02cb890b68dd349e,compensator2_smg_semiauto
71514f9287a7f8c4,compensator2_smg_spray
0b1ce88191cdc1f2,compensator2_smg_standard
1011341d5585fb01,compensator2_sniper_accurate
0ae0658744379b6e,compensator2_sniper_cannon
3081cdb138d03d02,compensator2_sniper_powersemi
35672d5cfff9725a,compensator2_sniper_quickscope
7ec219aa6bb6624a,compensator2_sniper_standard
309cfde9809ddc83,compensator2_tr_damagesemi
6f8aa24c4bd7d9e8,compensator2_tr_fastburst
45d8f1d0679b3618,compensator2_tr_longburst
54fed4272be9a989,compensator2_tr_powerburst
396ceeced69c7c66,compensator2_tr_precisionsemi
1b4f0b7fd7d1b91f,compensator_ar_accurate
402f598ed05929a0,compensator_ar_british
5b91fc0d8225b800,compensator_ar_damage
5ba8e0301537219b,compensator_ar_fastfire
2999c85b21e351f2,compensator_ar_fasthandling
214d5f0f474b8fb4,compensator_ar_mobility
3c78ba1347a886ca,compensator_ar_season6
446c6ecb6d389a2c,compensator_ar_slowfire
4f5554327fbf07d9,compensator_ar_slowhandling
1a45b9446b80005f,compensator_ar_soviet
1dc59e29512b0a88,compensator_ar_standard
6766f1a2958e3e0c,compensator_lmg_accurate
55503c5476268d34,compensator_lmg_fastfire
1c4e869d0f5d0f6e,compensator_lmg_light
3e60a24d18188197,compensator_lmg_slowfire
1ffa9b1bd7a10959,compensator_pistol_burst
0f33949cf27c98a3,compensator_pistol_fullauto
3a313c569835e17e,compensator_pistol_revolver
0e2fabbbbf177eb0,compensator_pistol_semiauto
6714143a82b8f4ca,compensator_shotgun_fullauto
6ffa4983e0c3cbc2,compensator_shotgun_leveraction
6a3ca0a7829d6ece,compensator_shotgun_pump
55fe5e6461a4442d,compensator_shotgun_semiauto
741d86a1d65724f3,compensator_smg_accurate
27caaf9385d3d9f5,compensator_smg_burst
5d6de45fd11c965d,compensator_smg_capacity
3d1c8096ff6816f5,compensator_smg_cqb
650d29adad2a9c97,compensator_smg_fastfire
2bca9d5dc91c9a3b,compensator_smg_flechette
1e801ffc2dfdf878,compensator_smg_handling
33c9a94166f3e2d4,compensator_smg_heavy
7158e99bffb7a6de,compensator_smg_season6
18baa71096152dcc,compensator_smg_semiauto
23abbdf99ec9257e,compensator_smg_spray
72ff34685f588004,compensator_smg_standard
2924c4d11eeedd43,compensator_sniper_accurate
70160721de864908,compensator_sniper_cannon
11e092ebef121c7c,compensator_sniper_powersemi
66d75fb778a1443c,compensator_sniper_quickscope
11b641b8c6344054,compensator_sniper_standard
4b7ff7f14f409ea9,compensator_tr_damagesemi
4451eceae5a3158e,compensator_tr_fastburst
5a8561d60aa84c5a,compensator_tr_longburst
1ccd4cffa6d01547,compensator_tr_powerburst
5be82a2d04cb4820,compensator_tr_precisionsemi
6cf8c507eb688ccd,custom1
6d9a64b1fc751955,custom1_smg_folding
6cf8c207eb6887b4,custom2
6cf8c307eb688967,custom3
6cf8c007eb68844e,custom4
6cf8c107eb688601,custom5
7f6308be8ab37fc0,damage
28c7cdc5af026836,damage2
02e4f0ffaf19681b,damage2_smg_fastburst
7ecb52b1d72b8498,damage_pistol_revolver
7b34369ed2d66da4,dualoptic
5d2f8e096f3985e1,dualoptic_ar_accurate
23fa9c7565ef5e26,dualoptic_ar_british
6ece77646656c46a,dualoptic_ar_damage
2fecd57e8d806389,dualoptic_ar_fastfire
42352bfa77e96064,dualoptic_ar_fasthandling
7b73517bc6a61c6a,dualoptic_ar_mobility
0bd1779e340ecdb8,dualoptic_ar_season6
088d4616f9fd07ee,dualoptic_ar_slowfire
3205f3869f0b71c7,dualoptic_ar_slowhandling
32e8e547c14e9571,dualoptic_ar_soviet
4be17396856ba02a,dualoptic_ar_standard
07a33651b666ca1a,dualoptic_lmg_accurate
3275737edbee315e,dualoptic_lmg_fastfire
02517122c47ff300,dualoptic_lmg_light
09ccbe7de38ca1bd,dualoptic_lmg_slowfire
25782e9cae0a7a05,dualoptic_smg_accurate
4bac408738e0d183,dualoptic_smg_burst
5a567301fe7e5a63,dualoptic_smg_capacity
6d063208203ca64f,dualoptic_smg_cqb
53fdec8f3fbbdea5,dualoptic_smg_fastfire
1e985673c47ea92d,dualoptic_smg_flechette
6b79e677f2901baa,dualoptic_smg_handling
02e2a5abb3610aca,dualoptic_smg_heavy
7b8fb5acea3a3a0c,dualoptic_smg_season6
22161fc87e480a50,dualoptic_smg_spray
416952c80a4fe9f6,dualoptic_smg_standard
16cca012fca16e25,dualoptic_sniper_accurate
2431798564a2659a,dualoptic_sniper_cannon
0a0955baf54b9b0e,dualoptic_sniper_powersemi
26906d3976dbfe5e,dualoptic_sniper_quickscope
36b30718ffed0f16,dualoptic_sniper_standard
0dbdf33fdedda1a7,dualoptic_tr_damagesemi
1cddbf354155cf24,dualoptic_tr_fastburst
3f6e627fdda840a4,dualoptic_tr_longburst
63f2777ce1815e95,dualoptic_tr_powerburst
77c81f0065e46bba,dualoptic_tr_precisionsemi
08914107b53b8bcc,dw
0450fce9588c248b,dynzoom
42e8fa18f04d2211,elo
7f031b6053110179,elo2
784889ec6496cd1c,elo2_ar_accurate
7c5690a03645a4cd,elo2_ar_british
0c581d3cabb8f7d7,elo2_ar_damage
770033c3e18bdc04,elo2_ar_fastfire
1827a5f7194fa171,elo2_ar_fasthandling
21073c3722486c47,elo2_ar_mobility
111e62f0fd7105cb,elo2_ar_season6
1da4198a0eca5ca7,elo2_ar_slowfire
725e6bb8e5957996,elo2_ar_slowhandling
5244219e868789fc,elo2_ar_soviet
35db7aa2f2cf803b,elo2_ar_standard
2d01298b6c58ea48,elo2_pistol_burst
1f4eefdecbcfdff0,elo2_pistol_fullauto
2e2a1ef6ef34aad5,elo2_pistol_revolver
18127f28918af1cb,elo2_pistol_semiauto
53a528062656b828,elo2_pistol_shotgun
59cea4edbdd53edb,elo2_shotgun_fullauto
320dae6d76dbefe1,elo2_shotgun_leveraction
6f04b972bf8c973b,elo2_shotgun_pump
1fafbbe664749988,elo2_shotgun_semiauto
670c31540b7a53ce,elo2_smg_accurate
6bebec15550d25de,elo2_smg_burst
3c743a9c99fb44ec,elo2_smg_capacity
2355f202366e25c6,elo2_smg_cqb
454d676989bea82a,elo2_smg_fastfire
7cfc26279f83ad4c,elo2_smg_flechette
2b5f504d6b2ea449,elo2_smg_handling
05494576a8874f67,elo2_smg_heavy
034dc626c7a693f9,elo2_smg_season6
7d92cf0507d906b1,elo2_smg_semiauto
3ff07c09857c052d,elo2_smg_spray
2dda3d888751587d,elo2_smg_standard
7f031a605310ffc6,elo3
4fe9dbceb8b83dff,elo3_smg_accurate
42a4efcd6500c0c1,elo3_smg_burst
5b9dedbb23a33209,elo3_smg_capacity
3a12c0e9f24fdb21,elo3_smg_cqb
10e726283768f77b,elo3_smg_fastfire
0abb021ac22995bf,elo3_smg_flechette
5fe3fdfbcee9bdd4,elo3_smg_handling
110cea31ac91ec60,elo3_smg_heavy
1bde9353661eeb2a,elo3_smg_season6
69e40046703a0d58,elo3_smg_semiauto
7d248670a87b1f4a,elo3_smg_spray
237e43fae2a8df68,elo3_smg_standard
5d015c552f94c8b4,elo_ar_accurate
634858605d8c29e5,elo_ar_british
66f9ff765f145fbf,elo_ar_damage
609f2c2b26a57fcc,elo_ar_fastfire
7fd07cdd2d33b679,elo_ar_fasthandling
33829764c98c8d3f,elo_ar_mobility
3c0c0b650d349d93,elo_ar_season6
259b1795df63b58f,elo_ar_slowfire
1652d5807064649e,elo_ar_slowhandling
2da0fdc4528816f4,elo_ar_soviet
2f64f8c04e69ab43,elo_ar_standard
06c71d9e99a7f749,elo_lmg_accurate
0f715af1b7885521,elo_lmg_fastfire
10d8f695b373b95d,elo_lmg_light
3563f843e868c326,elo_lmg_slowfire
4856804086d49d61,elo_pistol
718a6e94345eac00,elo_pistol_burst
2a558052331af068,elo_pistol_fullauto
5ba8c4a25bfce35d,elo_pistol_revolver
2d77ad9fcf4ec003,elo_pistol_semiauto
1dbb7c34f99bd910,elo_pistol_shotgun
6d5e98010cf79223,elo_shotgun_fullauto
6f95f4ad665e87c9,elo_shotgun_leveraction
0e78c723ffbfab63,elo_shotgun_pump
6c5aaf1fd9927830,elo_shotgun_semiauto
12be79a696820d46,elo_smg_accurate
21320fd9ead3b1c6,elo_smg_burst
1bf7412ea63b0944,elo_smg_capacity
7e04475a6b8dd64e,elo_smg_cqb
131dad0e2d31e952,elo_smg_fastfire
2691a8c299b5adb4,elo_smg_flechette
19cf36bb8e082dd1,elo_smg_handling
2048227f04baa2af,elo_smg_heavy
216b89b8a1dceb61,elo_smg_season6
672024b62248a159,elo_smg_semiauto
2031b0da1d0ff205,elo_smg_spray
79844bec5dea7825,elo_smg_standard
266f8096f9d773cc,elo_sniper_accurate
28760d7a7b8ffd53,elo_sniper_cannon
76aa0c64653db415,elo_sniper_powersemi
7676fc59b5431923,elo_sniper_quickscope
02ddaa13911a57eb,elo_sniper_standard
7131e759a91bc466,elo_tr_damagesemi
45eaae41eb4653cb,elo_tr_fastburst
7c401e43c05f6f97,elo_tr_longburst
2f84b92153950b14,elo_tr_powerburst
18bb05a6e8b02741,elo_tr_precisionsemi
1085d938393cdbc7,elo_wz
0a2af33756660e48,extbarrel
2d09c107cf6a994e,extbarrel2
1ff25237cfa5cfea,extbarrel2_pistol_revolver
6e419215aecccb27,extbarrel2_smg_accurate
13e58e6e1ae3670a,extbarrel_ar_doublebarrel
42c2c42a11334ae6,extbarrel_pistol
26d04ba35b4e6a50,extbarrel_pistol_revolver
582daeec54158e72,extbarrel_shotgun_precision
4be92c61141b351e,extbarrel_smg
01ea323b9e4ae858,extbarrel_tr_flechette
64c73cdbeed7994b,extbarrel_tr_powersemi
4b441cff0bc65734,extbarrel_wz
385eedc1d3cd8c52,extclip
16da605ae6458720,extclip2
44ff2b44438b5df5,extclip2_ar_accurate
39c61bb0c222bbe2,extclip2_ar_british
032f501a4929e826,extclip2_ar_damage
2d41aca3980db972,extclip2_ar_doublebarrel
0597ca84644ee515,extclip2_ar_fastfire
5df442b686d74b08,extclip2_ar_fasthandling
7761ca0919845a56,extclip2_ar_mobility
75c47433979f81dc,extclip2_ar_season6
36a0aee4f3850872,extclip2_ar_slowfire
5bc0550c8bd96c53,extclip2_ar_slowhandling
1dd494ac16f51d6d,extclip2_ar_soviet
0e7b13c913b584a6,extclip2_ar_standard
31745e19539fbd0e,extclip2_lmg_accurate
53292e6d5ddbc06a,extclip2_lmg_fastfire
7a17607198458f1c,extclip2_lmg_light
7c5f9302e0af3891,extclip2_lmg_slowfire
09810cdda6492dbd,extclip2_lmg_standard
3cbfe4b7e278e727,extclip2_pistol_burst
35859f11b86f8811,extclip2_pistol_fullauto
5745fc49e41fb578,extclip2_pistol_revolver
4b462dc29f49b3be,extclip2_pistol_semiauto
6cce2cab9b4a537c,extclip2_shotgun_fullauto
73ff91c329b9b5ac,extclip2_shotgun_leveraction
1fedd92e1b640de8,extclip2_shotgun_pump
73c7cc54a07f2367,extclip2_shotgun_semiauto
3590d982dac65921,extclip2_smg_accurate
7e70d013af96325f,extclip2_smg_burst
6bbd0ea55c0f033f,extclip2_smg_capacity
515d301e69b25eeb,extclip2_smg_cqb
4a2e7e633758f6c9,extclip2_smg_fastfire
6e1c86901118c516,extclip2_smg_handling
7f443ebc0eb6f106,extclip2_smg_heavy
32f07e0a5f8d5576,extclip2_smg_minigun
3db64ef4128b1978,extclip2_smg_season6
410708223d18b2d6,extclip2_smg_semiauto
3f242e79ef64e2ec,extclip2_smg_spray
62d7700244a8626a,extclip2_smg_standard
1825d5424b943c69,extclip2_sniper_accurate
40b8a6e9cc0e6e16,extclip2_sniper_cannon
2b2e38ea44a6a98a,extclip2_sniper_powersemi
51e5320bf7b603b2,extclip2_sniper_quickscope
11e332f22ab6e0c2,extclip2_sniper_standard
303075948330b07b,extclip2_tr_damagesemi
4357ea58f6b2ebe0,extclip2_tr_fastburst
49f1c710539d4b60,extclip2_tr_longburst
1d4a8378f967e7a1,extclip2_tr_powerburst
0493f8594116199e,extclip2_tr_precisionsemi
5e86ffdcaac67837,extclip_ar_accurate
7e279e9a52ab7238,extclip_ar_british
14efbfa23239fa88,extclip_ar_damage
47bb15074f8d4e04,extclip_ar_doublebarrel
097c7f19584f7863,extclip_ar_fastfire
2dac6d9d3b325d3a,extclip_ar_fasthandling
4de065c1d7dd77d6,extclip_ar_galil
556e9fd6b059318c,extclip_ar_mobility
688eabf4611b6fb1,extclip_ar_modular
10c00c245e774232,extclip_ar_season6
6f5855a6de662a34,extclip_ar_slowfire
446912f4e7615f81,extclip_ar_slowhandling
19f6edf7285783f7,extclip_ar_soviet
349d3a33b8375ff0,extclip_ar_standard
575ff23fcce09bf4,extclip_lmg_accurate
645c2f68d264ef0c,extclip_lmg_fastfire
7acdae1cde119d11,extclip_lmg_heavy
0ea7877bb7106eb6,extclip_lmg_light
332647ba1ae23acf,extclip_lmg_slowfire
53545bd27bae6983,extclip_lmg_standard
579ed7fc35197f11,extclip_pistol_burst
6d25b1206066137b,extclip_pistol_fullauto
2ca651c5fb77e186,extclip_pistol_revolver
5c81c81def041928,extclip_pistol_semiauto
70e2016419d73405,extclip_pistol_shotgun
31851eff295dcdb8,extclip_pistol_standard
615aec1ed72eee12,extclip_shotgun_fullauto
555fd98905576a6a,extclip_shotgun_leveraction
44c28396736874a0,extclip_shotgun_precision
7549634b4d0f9916,extclip_shotgun_pump
6c7b5fdedda96715,extclip_shotgun_semiauto
343fab407e6679cb,extclip_smg_accurate
3bb58cb734d3ba1d,extclip_smg_burst
6aecafaa9ba526f5,extclip_smg_capacity
0976c11a0d36c6bd,extclip_smg_cqb
5d690a82754cd97f,extclip_smg_fastfire
6918105d657f9b43,extclip_smg_flechette
530afdf7c0414900,extclip_smg_handling
68cb7e86c099219c,extclip_smg_heavy
4aa73847ce32925c,extclip_smg_minigun
6a48b66452839e46,extclip_smg_season6
6a548bce59388854,extclip_smg_semiauto
1efea4c2da40e2f6,extclip_smg_spray
1f93918ecf8e022c,extclip_smg_standard
2b7af219d858d300,extclip_smg_vmp
607877a9c7bb7e3b,extclip_sniper_accurate
4b4a5a3bd16def60,extclip_sniper_cannon
3cf295fce8f547ca,extclip_sniper_damagesemi
49cdc62fadf133c5,extclip_sniper_locus
048b2aa19beeac4b,extclip_sniper_mini14
2cf0f3a0ad6a2274,extclip_sniper_powersemi
10385d8e54a68164,extclip_sniper_quickscope
1c0bce69279f595c,extclip_sniper_standard
3ad413aa0864a1ff,extclip_special_ballisticknife
6c54c95886d57ea7,extclip_special_crossbow
25787d64fd7a8d93,extclip_tr_damageburst
54ff4d0c0c260171,extclip_tr_damagesemi
3ddbfa6f01ecf796,extclip_tr_fastburst
00b9a4e56047e492,extclip_tr_longburst
018103997739e746,extclip_tr_midburst
540413bd5e8f45ef,extclip_tr_powerburst
37c111a6d09db988,extclip_tr_precisionsemi
085c0447ffcf9bee,extclip_wz
44a59645ffdc1b88,extrapellets
30ac20aac638e610,extrapellets_zm
0dd44315c6c0baf1,fastlockon
0a15fcac8a200cc6,fastreload
43694d2eb476029c,fastreload2
485b646167675bb9,fastreload2_ar_accurate
7de26f5646a0a85e,fastreload2_ar_british
3ad2813c4d182f52,fastreload2_ar_damage
780727c827f47391,fastreload2_ar_fastfire
138f8d0cd559780c,fastreload2_ar_fasthandling
37f7fca27922fbe2,fastreload2_ar_mobility
05e535b537e44a20,fastreload2_ar_season6
097db55462f0c356,fastreload2_ar_slowfire
126a951504db858f,fastreload2_ar_slowhandling
2c8b36a964459ba9,fastreload2_ar_soviet
6a6a795013be3012,fastreload2_ar_standard
022c0bced4c512c2,fastreload2_lmg_accurate
6f956f6913b60416,fastreload2_lmg_fastfire
3abd135050dc7ea8,fastreload2_lmg_light
07cdb7df45e42cf5,fastreload2_lmg_slowfire
65976ec358417163,fastreload2_pistol_burst
43735fe075bb1f9d,fastreload2_pistol_fullauto
09c31de733362bbc,fastreload2_pistol_revolver
566717be3bf93c0a,fastreload2_pistol_semiauto
6e7267dd739578dd,fastreload2_smg_accurate
3b64ed4298b9b46b,fastreload2_smg_burst
7122723a6615cafb,fastreload2_smg_capacity
34fc02f30c2cf357,fastreload2_smg_cqb
62887917d378ba6d,fastreload2_smg_fastfire
20e314e1340441b2,fastreload2_smg_handling
00a32a8822ae4a12,fastreload2_smg_heavy
204417a3c9cdaab4,fastreload2_smg_season6
56f9aece42c80ef2,fastreload2_smg_semiauto
3ab5c3e6030ba9c8,fastreload2_smg_spray
34e1a273d4bc2f9e,fastreload2_smg_standard
4270954089f80bbd,fastreload2_sniper_accurate
214064ae379ba612,fastreload2_sniper_cannon
32a384700e22b9a6,fastreload2_sniper_powersemi
0c97257d269861e6,fastreload2_sniper_quickscope
36634585174a347e,fastreload2_sniper_standard
3554eeb9a8c5b20f,fastreload2_tr_damagesemi
469e5c8ba3790d2c,fastreload2_tr_fastburst
53c120973d62d9bc,fastreload2_tr_longburst
6d5d42d57db886fd,fastreload2_tr_powerburst
1598967de9022aa2,fastreload2_tr_precisionsemi
4635a82b1fc5b023,fastreload_ar_accurate
47f4b8d49480938c,fastreload_ar_british
6e773871c281b67c,fastreload_ar_damage
5b35ea50dabab7c7,fastreload_ar_fastfire
790c785fc11e43b6,fastreload_ar_fasthandling
783ae409f98aed86,fastreload_ar_galil_wz
3fa8655408b965d0,fastreload_ar_mobility
1b6db705f8eb2269,fastreload_ar_peacekeeper_wz
3682562c17b0e3ee,fastreload_ar_season6
028af3371821d1d0,fastreload_ar_slowfire
1529554cf61ba8d5,fastreload_ar_slowhandling
5089306bd062b4ab,fastreload_ar_soviet
2ad27c8c2ad52634,fastreload_ar_standard
4adc292ac307ca30,fastreload_ar_stealth
53ff3f3a0d5e82b0,fastreload_lmg_accurate
47b3b853b9f975f0,fastreload_lmg_fastfire
200af8c653e5650d,fastreload_lmg_heavy
0adf9aa04aa1aeea,fastreload_lmg_light
4cfb9a3326cb97db,fastreload_lmg_slowfire
560c47af0d36acc5,fastreload_lmg_stealth
23c663902961b095,fastreload_pistol_burst
5fb2480076bbd25f,fastreload_pistol_fullauto
7db03a39f174ac72,fastreload_pistol_revolver
2c7db76e806f1bec,fastreload_pistol_semiauto
7578f9560d28a6d4,fastreload_shotgun_precision
0a32b404fb7324ff,fastreload_smg_accurate
1beda634280575c1,fastreload_smg_burst
15e6c5f1665e1909,fastreload_smg_capacity
30dc673688028821,fastreload_smg_cqb
6d0bc5fd05de450b,fastreload_smg_fastburst
4b2ffe5e7a23de7b,fastreload_smg_fastfire
1a2cd63211a4a4d4,fastreload_smg_handling
6a55a0986f96a160,fastreload_smg_heavy
4e2c6ebf385ee82a,fastreload_smg_season6
242cd87cb2f4f458,fastreload_smg_semiauto
566d3cd76b7fd44a,fastreload_smg_spray
5dc71c312563c668,fastreload_smg_standard
20c07036c72f10b4,fastreload_smg_vmp
7066e3996bf66537,fastreload_sniper_accurate
60daf88d7dd932b4,fastreload_sniper_cannon
3af1cbe0c5c0aa59,fastreload_sniper_locus
10f30d2a71b533b8,fastreload_sniper_powersemi
5b59e5aea1a13720,fastreload_sniper_quickscope
467d1df079674cf0,fastreload_sniper_standard
33b383c0dc57656b,fastreload_special_ballisticknife
3b906e76da0dd0e7,fastreload_tr_damageburst
44f55817dbb8919d,fastreload_tr_damagesemi
609f1f29f7546fba,fastreload_tr_fastburst
4e62f4ed8c1d02d6,fastreload_tr_longburst
5041e564bfea5243,fastreload_tr_powerburst
2c0636bd1eee3421,fastreload_tr_powersemi
34a623f0a18108c4,fastreload_tr_precisionsemi
3cd11e69d0b6427a,fastreload_wz
5cab9818fed3f242,fmj
4b85e2790224f450,fmj2
689ae06c844da13e,fmj2_pistol
6dc04a36ca478a46,fmj2_smg
67c899ee0a005de6,fmj2_smg_minigun
01ef49738db82627,fmj_ar_accurate
210a292276bfec18,fmj_ar_damage
4945b8ccd9b9a486,fmj_ar_galil
6c489f338976d620,fmj_ar_standard
5dfb1e6c7822163b,fmj_lmg_spray
475f6ed39f31ef73,fmj_lmg_standard
3f83cbf7190f2d99,fmj_lmg_stealth
0232b78ed8d5522b,fmj_pistol_fullauto
363a628f876636a8,fmj_pistol_standard
0f22216a7c262b2c,fmj_smg
58b38af8262ac6ba,fmj_sniper_damagesemi
5c396fed306f0975,fmj_sniper_locus
6327d673d8323fdb,fmj_sniper_mini14
2ed7f8199061196d,fmj_sniper_powerbolt
728f789c977f85a4,fmj_sniper_powersemi
3bac7ef0091b08b4,fmj_sniper_quickscope
1804e507b57c2b23,fmj_tr_damageburst
293178529cf53be2,fmj_tr_longburst
1a71904bd9bef0a5,fmj_tr_powersemi
08953a07b53f68be,gl
7b53b37243dbda2d,grip
6b140a294e93a2ad,grip2
391ba79cd5a9bab8,grip2_ar_accurate
1fcbd440805f24b1,grip2_ar_british
63c031478c1e735b,grip2_ar_damage
6104ce9ecccd3b48,grip2_ar_fastfire
1d6e4c86af65bc2d,grip2_ar_fasthandling
3a5550d730306fb3,grip2_ar_galil
3a1e552c759bd8eb,grip2_ar_mobility
1de52119f2572b97,grip2_ar_season6
05578bd5c3e4b2b3,grip2_ar_slowfire
0f08b0096472b2aa,grip2_ar_slowhandling
077cd6f27fe8bee0,grip2_ar_soviet
116db44b01c890bf,grip2_ar_standard
639af463ba9c614d,grip2_lmg_accurate
6d66317f77624c1d,grip2_lmg_fastfire
0908a93b2f950cf9,grip2_lmg_light
2471b3f80b05c47a,grip2_lmg_slowfire
41cb54f362b20f67,grip2_shotgun_fullauto
44734410f94cc4d2,grip2_smg_accurate
10fc350cee957da2,grip2_smg_burst
25cf71fa436fd0d0,grip2_smg_capacity
499bc8397da45dea,grip2_smg_cqb
6ae548e3ec984366,grip2_smg_fastfire
4f13068b13ff2de8,grip2_smg_flechette
22d134ceecdc665d,grip2_smg_handling
4f6d3f2e7babdb4b,grip2_smg_heavy
193ea2ac094ea76d,grip2_smg_season6
69794c054de73195,grip2_smg_semiauto
7ac47665370cc2b1,grip2_smg_spray
763120bfa4ed3399,grip2_smg_standard
0c7ea9d5384cde90,grip2_sniper_accurate
3df8357389cdaa0f,grip2_sniper_cannon
7db0be29790bd801,grip2_sniper_powersemi
79d14728b9b9ba17,grip2_sniper_quickscope
697fcad15cd45707,grip2_sniper_standard
0e3398b26f1ffc62,grip2_tr_damageburst
4fb7297cfa088e1a,grip2_tr_damagesemi
68f4a1a169574ed7,grip2_tr_fastburst
248ecee41ca0cfa3,grip2_tr_longburst
65f7e4513ac8fe00,grip2_tr_powerburst
4ff3c783b40666f5,grip2_tr_precisionsemi
09219c55e1bc1a38,grip_ar_accurate
187b86c1f8bdbcac,grip_ar_an94
0040baa043c88731,grip_ar_british
2b33e920ed1546db,grip_ar_damage
426dddae02d327e3,grip_ar_doublebarrel
310ac357d8df9ac8,grip_ar_fastfire
20a07616c96fd3ad,grip_ar_fasthandling
3015f3fc2ce18e33,grip_ar_galil
0a2449e581ae386b,grip_ar_mobility
72c49ab387c35964,grip_ar_modular
7df1da947fd565ea,grip_ar_peacekeeper
7e5a0779b5c08e17,grip_ar_season6
555d808ecff71233,grip_ar_slowfire
123ad9997e7cca2a,grip_ar_slowhandling
4ef08ecbe0df9260,grip_ar_soviet
6173a9040ddaf03f,grip_ar_standard
70194ad33dd4a7cd,grip_lmg_accurate
79e487eefa9a929d,grip_lmg_fastfire
7d2e0eb5e127be42,grip_lmg_heavy
507c6114908be079,grip_lmg_light
30f00a678e3e0afa,grip_lmg_slowfire
28a1925cd2c66d4e,grip_lmg_stealth
50adcf5ea8c23865,grip_pistol
5d8877fb4049962c,grip_pistol_burst
2b1c361327b77ff4,grip_pistol_fullauto
3a1f74cfa1d7fde7,grip_shotgun_fullauto
50f19a807c850b52,grip_smg_accurate
586fece64f8c5122,grip_smg_burst
324dc869c6a81750,grip_smg_capacity
231ff59ecc7e856a,grip_smg_cqb
77639f536fd089e6,grip_smg_fastfire
420666070c9ef968,grip_smg_flechette
261122ee17e42ab5,grip_smg_folding
2f4f8b3e7014acdd,grip_smg_handling
16e0f707dca2aecb,grip_smg_heavy
0f54041f9465d8bf,grip_smg_minigun
69449765156106ed,grip_smg_season6
75f7a274d11f7815,grip_smg_semiauto
42382e3e98039631,grip_smg_spray
02af772f28257a19,grip_smg_standard
6e5c909e666df913,grip_smg_vmp
0fb0d3655256f610,grip_sniper_accurate
30eb94ef826d758f,grip_sniper_cannon
7ad3cb36bcd48c7d,grip_sniper_damagesemi
4392b68c13c35d09,grip_sniper_fastrechamber
3bac8343bc596eac,grip_sniper_mini14
7604de05b831c681,grip_sniper_powersemi
16b1ea68072dfd97,grip_sniper_quickscope
6cb1f46176de6e87,grip_sniper_standard
018a5859e6a6c6e2,grip_tr_damageburst
42aa88f8f2a8599a,grip_tr_damagesemi
7572f810ec8f9557,grip_tr_fastburst
715ca5ac03be92c3,grip_tr_flechette
310d25539fd91623,grip_tr_longburst
07866d4890b84d25,grip_tr_midburst
58eb43cd3368c980,grip_tr_powerburst
4847e75ff32c5575,grip_tr_precisionsemi
097aa5735b9514cb,grip_wz
345b6cbd15f67d33,handle
6dd6c64c51d668b3,handle2
7c0324480b8e43fe,handle2_ar_accurate
1b7f720686f76713,handle2_ar_british
6ba3a481c4c13639,handle2_ar_damage
2f80c6a2b3238d5a,handle2_ar_fastfire
06ff8a6e66ff861b,handle2_ar_fasthandling
46d3e84e69697d05,handle2_ar_mobility
48a3d3a780f962c9,handle2_ar_season6
163e3d14f34c1281,handle2_ar_slowfire
7effe8b896336f1c,handle2_ar_slowhandling
5c4da131fe48ec26,handle2_ar_soviet
13bf716bd6c5596d,handle2_ar_standard
2beb32910b53b15f,handle2_lmg_accurate
723c74945447d9db,handle2_lmg_fastfire
2588bb2f1440888f,handle2_lmg_light
550995dca0bc456c,handle2_lmg_slowfire
484b25ce2f55b6e2,handle2_pistol_burst
5073c8de6899c7d2,handle2_pistol_fullauto
44594aa3f0c91f43,handle2_pistol_revolver
183a3c88ea73a6d5,handle2_pistol_semiauto
16c09756002fcc61,handle2_shotgun_fullauto
257f1b1f3da810c7,handle2_shotgun_leveraction
0f8c75854fc9df21,handle2_shotgun_pump
4d9c8687d71e188e,handle2_shotgun_semiauto
5ae55b87f6742b10,handle2_smg_accurate
2f3199e9d0420b74,handle2_smg_burst
524e14b058fecc6a,handle2_smg_capacity
17f43d76767d6538,handle2_smg_cqb
61ac3a5e2f1a7750,handle2_smg_fastfire
15a9c3ab0541fd36,handle2_smg_flechette
17f50787770c427b,handle2_smg_handling
42bc2f50582ebfed,handle2_smg_heavy
13b4c09fc3844f7f,handle2_smg_season6
5308b52f672b1f87,handle2_smg_semiauto
78046a93f35339c7,handle2_smg_spray
37e67c841afba387,handle2_smg_standard
0c8cd976023efc16,handle2_sniper_accurate
4fff33c8ece6c6ed,handle2_sniper_cannon
26f3ef8aad649be7,handle2_sniper_powersemi
4545822fd092cf75,handle2_sniper_quickscope
0c456e6954416ef5,handle2_sniper_standard
2beb9bd474e962c4,handle2_tr_damagesemi
4be16f93a9b37841,handle2_tr_fastburst
195561ea03621561,handle2_tr_longburst
1db3acad36897e8a,handle2_tr_powerburst
6fb3e39f5889206b,handle2_tr_precisionsemi
31de4c2c2938707e,handle_ar_accurate
253c575716a14893,handle_ar_british
02b086b9dca00eb9,handle_ar_damage
655bee86d0cdb9da,handle_ar_fastfire
15d55b9a6390ba9b,handle_ar_fasthandling
7caf10328713a985,handle_ar_mobility
5260b8f810a34449,handle_ar_season6
4c1964f910f63f01,handle_ar_slowfire
0dd5b9e492c4a39c,handle_ar_slowhandling
735a836a1627c4a6,handle_ar_soviet
499a994ff46f85ed,handle_ar_standard
597c7b2f737d4edf,handle_lmg_accurate
1fcdbd32bc71775b,handle_lmg_fastfire
3c959d672c1f610f,handle_lmg_light
029ade7b08e5e2ec,handle_lmg_slowfire
75dc6e6c977f5462,handle_pistol_burst
5f499a0a652afc52,handle_pistol_fullauto
532f1bcfed5a53c3,handle_pistol_revolver
27100db4e704db55,handle_pistol_semiauto
5d4785142aec01e1,handle_shotgun_fullauto
5ffa9836ccf4cd47,handle_shotgun_leveraction
3d1dbe23b7f37ca1,handle_shotgun_pump
1423744601da4e0e,handle_shotgun_semiauto
0876a4265e9dc890,handle_smg_accurate
463e7c21e820e3f4,handle_smg_burst
7fdf5d4ec12869ea,handle_smg_capacity
2c2addf1280d09b8,handle_smg_cqb
0f3d82fc974414d0,handle_smg_fastfire
2d25a8d603f89db6,handle_smg_flechette
45865025df35dffb,handle_smg_handling
59c91188700d986d,handle_smg_heavy
498fe883e12e7bff,handle_smg_season6
0099fdcdcf54bd07,handle_smg_semiauto
0f114ccc0b321247,handle_smg_spray
6577c52283254107,handle_smg_standard
1b62aaa1fed03096,handle_sniper_accurate
677b18f3eb9d676d,handle_sniper_cannon
6d7add48d820d167,handle_sniper_powersemi
58c0fc526e61b7f5,handle_sniper_quickscope
1b1b3f9550d2a375,handle_sniper_standard
436780ff73a00344,handle_tr_damagesemi
7972b83211dd15c1,handle_tr_fastburst
46e6aa886b8bb2e1,handle_tr_longburst
352f91d835401f0a,handle_tr_powerburst
363ad15d834555eb,handle_tr_precisionsemi
0af96746729a08c0,heavy
3fd36eb4bbbd3336,heavy2
51036bae3b9d1e93,heavy2_ar_accurate
13933b433f0ab21c,heavy2_ar_british
411e0d4d595d39cc,heavy2_ar_damage
2b8fdbcc20ac1037,heavy2_ar_fastfire
592e907ab2deb106,heavy2_ar_fasthandling
07b568bfd1a9a960,heavy2_ar_mobility
12e8ff4752f653fe,heavy2_ar_season6
207e1a69b5ae2800,heavy2_ar_slowfire
3709643ebe168725,heavy2_ar_slowhandling
645cc480a5c4405b,heavy2_ar_soviet
3980e686d2d840a4,heavy2_ar_standard
25f3a3c3e25125a0,heavy2_lmg_accurate
0596595f07afffa0,heavy2_lmg_fastfire
0a968288aa7bc43a,heavy2_lmg_light
6c8b55764f90b78b,heavy2_lmg_slowfire
5fdabee7eaa6d645,heavy2_pistol_burst
3716839fe2ad7ecf,heavy2_pistol_fullauto
5ae5d469991d0642,heavy2_pistol_revolver
4a96dddbc5643cdc,heavy2_pistol_semiauto
5e7bd223c138c9de,heavy2_shotgun_fullauto
7affb83257b9f25e,heavy2_shotgun_leveraction
6a6f10256f5ba87a,heavy2_shotgun_pump
07e73e7e1dc8d461,heavy2_shotgun_semiauto
074b6b55020aa84f,heavy2_smg_accurate
56e3421d0c9ad651,heavy2_smg_burst
09ee11f359dc7099,heavy2_smg_capacity
5d621832137d74d1,heavy2_smg_cqb
2a7aa94181d6a6cb,heavy2_smg_fastfire
567f8ba430ba60cf,heavy2_smg_flechette
74523b8a7a697f84,heavy2_smg_handling
0c4123cfd5a0e6b0,heavy2_smg_heavy
2e4ced2370900b5a,heavy2_smg_season6
56be85611ea6a668,heavy2_smg_semiauto
7b8af15ec65b5f5a,heavy2_smg_spray
5aa406bfa8690af8,heavy2_smg_standard
1f010aab7e948de7,heavy2_sniper_accurate
4d93e1d119bf9d04,heavy2_sniper_cannon
2729d41b279f09a8,heavy2_sniper_powersemi
3e44872a1bdb67f0,heavy2_sniper_quickscope
21d857fad7f5b4e0,heavy2_sniper_standard
55c4f17dff3ad0ad,heavy2_tr_damagesemi
6d919b68ac0d520a,heavy2_tr_fastburst
79f661783ca99be6,heavy2_tr_longburst
7c04d2c56f0bf853,heavy2_tr_powerburst
16449fcd063096d4,heavy2_tr_precisionsemi
100ca7f8c68ce895,heavy_ar_accurate
5bed5718cf5c9c02,heavy_ar_british
2ad3fda0c3d8aac6,heavy_ar_damage
50a64738e75222b5,heavy_ar_fastfire
4795f6485b4f24a8,heavy_ar_fasthandling
47c33e6766c953f6,heavy_ar_mobility
14707ccd04cc3cfc,heavy_ar_season6
0702234340ca0212,heavy_ar_slowfire
72cb7d97d2f0daf3,heavy_ar_slowhandling
401117ba2a38280d,heavy_ar_soviet
4d9ee5978a29c546,heavy_ar_standard
5ed09536782419ae,heavy_lmg_accurate
7b316de0b81cae0a,heavy_lmg_fastfire
79f67a450accf33c,heavy_lmg_light
2467d2763af02631,heavy_lmg_slowfire
68975b25ae9fd4c7,heavy_pistol_burst
41c9ddcd66dc2031,heavy_pistol_fullauto
638a3b05928c4d98,heavy_pistol_revolver
52224205e64a93de,heavy_pistol_semiauto
5f00285ae210251c,heavy_shotgun_fullauto
1f3d432f0248ddcc,heavy_shotgun_leveraction
23ee91198f567688,heavy_shotgun_pump
4c2e9515f299e007,heavy_shotgun_semiauto
22a990681dfa3941,heavy_smg_accurate
21216c28072f88ff,heavy_smg_burst
7154bd19fce70d5f,heavy_smg_capacity
60bb1adeaa73f78b,heavy_smg_cqb
20e4025a88c850e9,heavy_smg_fastfire
470e6c2c42f807e1,heavy_smg_flechette
44d20a8762881f36,heavy_smg_handling
7dcdd27548950ba6,heavy_smg_heavy
0b34dc986f063f18,heavy_smg_season6
6a37166b625934f6,heavy_smg_semiauto
3859ca895eff8e8c,heavy_smg_spray
0c077e4b69e8e48a,heavy_smg_standard
0d17c1b4a0fc4089,heavy_sniper_accurate
0de299317a50c236,heavy_sniper_cannon
4e5054daa893b92a,heavy_sniper_powersemi
01d02cd888b154d2,heavy_sniper_quickscope
3e27c1f93c0b1fe2,heavy_sniper_standard
6e3de62ef6b94d9b,heavy_tr_damagesemi
74d484d982d43080,heavy_tr_fastburst
7b6e6190dfbe9000,heavy_tr_longburst
077e6395cb1459c1,heavy_tr_powerburst
2ed034eb3b4b723e,heavy_tr_precisionsemi
10ed7d8b594ecaa2,hipgrip
25e29a7fd593b51b,hipgrip_lmg_spray
3f29b3e80aea2d05,hipgrip_shotgun_semiauto
0a07f7d2322d3447,hipgrip_smg_fastburst
0f7ca15becf0886c,hipgrip_smg_minigun
492ae3e6dc85bc3a,holdbreath
4029f1cc7e6d2039,holo
08ba345d1e7eb5dc,holo_ar_accurate
5336244479e24d8d,holo_ar_british
131f3c260e1e7c97,holo_ar_damage
442cab41becbb7c4,holo_ar_fastfire
2e9b091bf8984431,holo_ar_fasthandling
6c32893c9b016c07,holo_ar_mobility
35b54c17eec0fc0b,holo_ar_season6
6ec6d3e293121c67,holo_ar_slowfire
3b85786e5e1b7656,holo_ar_slowhandling
2f7d0db463c7cdbc,holo_ar_soviet
46f09abcee02b9fb,holo_ar_standard
59e02cb4dcba81a1,holo_lmg_accurate
6e7dd195394d1f49,holo_lmg_fastfire
17428eb80f3f9f55,holo_lmg_light
05e05a6ba8c7a1ae,holo_lmg_slowfire
55c3b14b5593e58e,holo_smg_accurate
32d4d80bddaf799e,holo_smg_burst
005205bfd8d8edac,holo_smg_capacity
2223ad5a2975df86,holo_smg_cqb
7778819f5fcfe8ea,holo_smg_fastfire
2953e747411a510c,holo_smg_flechette
72a41b70acf12909,holo_smg_handling
4e1f2916f8883627,holo_smg_heavy
18f8e78c92453539,holo_smg_season6
40ce247f056d1171,holo_smg_semiauto
30546804f61d03ed,holo_smg_spray
2dd0600fa83d563d,holo_smg_standard
7e2dd97586b50334,holo_sniper_accurate
313be16d208aef5b,holo_sniper_cannon
007ed47d86899f1d,holo_sniper_powersemi
06709a454c623abb,holo_sniper_quickscope
509175e0a589e5c3,holo_sniper_standard
0a73e30edb47c2de,holo_tr_damagesemi
52cc3c0fa2cb8fa3,holo_tr_fastburst
2ef2cd170b10719f,holo_tr_longburst
77446ad43592420c,holo_tr_powerburst
54ca0ff71a267b39,holo_tr_precisionsemi
5cbb0c028c91875f,holo_wz
08b74407b55c6022,ir
4aebb3c60371d007,ir_ar_accurate
6747ef8da9d9a7e8,ir_ar_british
0c1de54c244c2cf8,ir_ar_damage
4062e14afcadec33,ir_ar_fastfire
057a541c3c26442a,ir_ar_fasthandling
2b28dbf15def55bc,ir_ar_mobility
027961a216dcdaa2,ir_ar_season6
70da3fda374e6504,ir_ar_slowfire
6b1848e4e61b3a71,ir_ar_slowhandling
2420e19ea2c72147,ir_ar_soviet
31f23c549973ed00,ir_ar_standard
53dd3d965eb9f244,ir_lmg_accurate
6adeea4138643a9c,ir_lmg_fastfire
0410d5f2ac8b3aa6,ir_lmg_light
7eccac8aa8af771f,ir_lmg_slowfire
2a23d109e673a304,ir_smg_semiauto
100a58d6f5e8e8cb,ir_sniper_accurate
6e209353931d4190,ir_sniper_cannon
5523e054e05dbb84,ir_sniper_powersemi
05a9aa25e8e91514,ir_sniper_quickscope
7b5e3f254710712c,ir_sniper_standard
2eaae30c5f336761,ir_tr_damagesemi
1f68c9b5d20cb306,ir_tr_fastburst
47ef393c5e61b842,ir_tr_longburst
6753eec426a58c9f,ir_tr_powerburst
65786d11770bf6f8,ir_tr_precisionsemi
08b74507b55c61d5,is
24fa36bfcc2244b7,killcounter
1f71d5a9cecc1b0f,light
3a894c8a64d248a7,light2
0681163d00cdb80a,light2_ar_accurate
6e48c76b06c559c7,light2_ar_british
3d403737df37984d,light2_ar_damage
3d7be9e20998364e,light2_ar_fastfire
50576f87e6847227,light2_ar_fasthandling
1f314c8633c102d9,light2_ar_mobility
616ffd1de9d024d5,light2_ar_season6
03a22464bd55c46d,light2_ar_slowfire
5bbc66b68dabb160,light2_ar_slowhandling
435c476a7101fd2a,light2_ar_soviet
1aefeba3bce85ce1,light2_ar_standard
54f1b0e55c82096b,light2_lmg_accurate
3817a2e9c9971a1f,light2_lmg_fastfire
6cf182c3e1555703,light2_lmg_light
7ed2f02277dd3248,light2_lmg_slowfire
5f683610d3dce046,light2_pistol_burst
1f7fa65790da7f76,light2_pistol_fullauto
64473b97b4dfa44f,light2_pistol_revolver
223e129ddd0db0d9,light2_pistol_semiauto
0ab675b29524040d,light2_shotgun_fullauto
1cd061f91bd9716b,light2_shotgun_leveraction
5c200213c24236c5,light2_shotgun_pump
2ed18b7a04fb02ba,light2_shotgun_semiauto
6aaad1c2e12bc194,light2_smg_accurate
5b02e9a03f73c608,light2_smg_burst
6541d48e9676ae0e,light2_smg_capacity
5d07c8b7c947f21c,light2_smg_cqb
77a70eebe6b014ac,light2_smg_fastfire
596891c2a117b3f2,light2_smg_flechette
41d159cabbfd7bdf,light2_smg_handling
19285789b6763331,light2_smg_heavy
5cf33eca86d7b873,light2_smg_season6
3492c9b149a0618b,light2_smg_semiauto
771542f814052bab,light2_smg_spray
3d0f6e2e00025723,light2_smg_standard
6d13355f04c438a2,light2_sniper_accurate
5a31f1dae913cce1,light2_sniper_cannon
2233f76d1bed996b,light2_sniper_powersemi
2188fa206f37ed91,light2_sniper_quickscope
3d1c560845a155a9,light2_sniper_standard
0c86c177d9088d90,light2_tr_damagesemi
2b9df31035f84515,light2_tr_fastburst
7f59a0d6f25fd205,light2_tr_longburst
45a640f86f99fa9e,light2_tr_powerburst
5f9a706c8796f4c7,light2_tr_precisionsemi
6de1b3d9a5f911b2,light_ar_accurate
2a7421d149dcb6ef,light_ar_british
049bb5e0fad38b45,light_ar_damage
0998968a67971c46,light_ar_fastfire
0104a28754623d9f,light_ar_fasthandling
5ae9c33037a6a1c1,light_ar_mobility
1caec7e8565171cd,light_ar_season6
6edabfbff722cd25,light_ar_slowfire
5c8db8fa8c387b78,light_ar_slowhandling
3e5641438d3c3012,light_ar_soviet
2c04b1265a52f879,light_ar_standard
0ac5da95995a57c3,light_lmg_accurate
4d4b9269807e3767,light_lmg_fastfire
5468abc178be3bfb,light_lmg_light
21809b54a8c57270,light_lmg_slowfire
5ce143d5fc00176e,light_pistol_burst
24d74145c176ce3e,light_pistol_fullauto
18a8ba9b28a03607,light_pistol_revolver
77bdada5060583c1,light_pistol_semiauto
7318fc231481a3c5,light_shotgun_fullauto
74ad4a35cd7e0a83,light_shotgun_leveraction
3ea6ef84fd987b3d,light_shotgun_pump
23466343e6858c12,light_shotgun_semiauto
092a089ee59ffdfc,light_smg_accurate
05ae67917c68e860,light_smg_burst
2c105e3c1a50f976,light_smg_capacity
509a9d1b6fe6a8d4,light_smg_cqb
07e1b27662950ce4,light_smg_fastfire
50fb621eeaa8928a,light_smg_flechette
0094a693aa4cb677,light_smg_handling
0e66eda186114889,light_smg_heavy
1fb3e0b01e237f2b,light_smg_season6
0f5fe39fdb5abae3,light_smg_semiauto
4769d0ee35bacc53,light_smg_spray
46bdf95573da641b,light_smg_standard
65d4918625e3e64a,light_sniper_accurate
6890996ea0c14de9,light_sniper_cannon
4d9129b6fc857c53,light_sniper_powersemi
4e86fdfdef800629,light_sniper_quickscope
3af3dc80a18e1e21,light_sniper_standard
171270f90c06ef68,light_tr_damagesemi
775dd0c1752547ad,light_tr_fastburst
7daa38171cf9e7cd,light_tr_longburst
1b6d52d56f8e1236,light_tr_powerburst
288ac4318485e01f,light_tr_precisionsemi
7c6259ce4453863d,mixbarrel
2ea4a87e19eccb7d,mixbarrel2
263b67a2e5737d48,mixbarrel2_ar_accurate
393b441e19779a61,mixbarrel2_ar_british
0a940b08874a3b8b,mixbarrel2_ar_damage
722c5e08dfc6e7d8,mixbarrel2_ar_fastfire
6ce19b6bb1d8395d,mixbarrel2_ar_fasthandling
357c83c7c280231b,mixbarrel2_ar_mobility
7e50b0f5ad332a47,mixbarrel2_ar_season6
0f5d412471977c43,mixbarrel2_ar_slowfire
05d89516164cc71a,mixbarrel2_ar_slowhandling
714a988cfe6c9470,mixbarrel2_ar_soviet
19791fd05019364f,mixbarrel2_ar_standard
7b1cf17a9f737a5d,mixbarrel2_lmg_accurate
6f3302b4ff56bbed,mixbarrel2_lmg_fastfire
46cbbfcf1d8abc29,mixbarrel2_lmg_light
20d931c728b7a60a,mixbarrel2_lmg_slowfire
22bcf412f9841dbc,mixbarrel2_pistol_burst
4689c7db5b85ea04,mixbarrel2_pistol_fullauto
61149c681d9a9371,mixbarrel2_pistol_revolver
5e64413fceb7926f,mixbarrel2_pistol_semiauto
7aa42b047daaaad7,mixbarrel2_shotgun_fullauto
060e795947c12e51,mixbarrel2_shotgun_fullauto_zm
4f4a6d54d1023be5,mixbarrel2_shotgun_leveraction
49cc7cb66776f36f,mixbarrel2_shotgun_pump
4443c1a153127de9,mixbarrel2_shotgun_pump_zm
5dd74558c3785084,mixbarrel2_shotgun_semiauto
43f1271053dc0ca4,mixbarrel2_shotgun_semiauto_zm
0ed6956c00a31442,mixbarrel2_smg_accurate
2a8f249781b11b52,mixbarrel2_smg_burst
76e8e983087efc00,mixbarrel2_smg_capacity
1462310f526fc87a,mixbarrel2_smg_cqb
7c3ff9063f940596,mixbarrel2_smg_fastfire
049cf8860e1f9c98,mixbarrel2_smg_flechette
5fcdd09eaa84932d,mixbarrel2_smg_handling
547b4dadab10117b,mixbarrel2_smg_heavy
3b66813ad22690bd,mixbarrel2_smg_season6
73dd4781de2bfb85,mixbarrel2_smg_semiauto
54844d563c9a84a1,mixbarrel2_smg_spray
17910d7920a9aa49,mixbarrel2_smg_standard
08290ff358a7b2e0,mixbarrel2_sniper_accurate
14220583398ff23f,mixbarrel2_sniper_cannon
4b51e8f01a7ced91,mixbarrel2_sniper_powersemi
20221a4c47e20a87,mixbarrel2_sniper_quickscope
04c4aa652da84fd7,mixbarrel2_sniper_standard
543e1df2d2132e0a,mixbarrel2_tr_damagesemi
0b69006160cb72c7,mixbarrel2_tr_fastburst
14e4cb8942fc52d3,mixbarrel2_tr_longburst
418e23454ba7d4f0,mixbarrel2_tr_powerburst
3185448b71623965,mixbarrel2_tr_precisionsemi
455a2cb226422508,mixbarrel_ar_accurate
2e4160c660a10f21,mixbarrel_ar_british
6c35fcbae23d5b4b,mixbarrel_ar_damage
56bee7cf11126798,mixbarrel_ar_fastfire
351ec49a927ca11d,mixbarrel_ar_fasthandling
2b0b16037e2623db,mixbarrel_ar_mobility
76bc4d9df73eee87,mixbarrel_ar_season6
02e5882f4d994503,mixbarrel_ar_slowfire
0870b18e539893da,mixbarrel_ar_slowhandling
7915bd12dba37f30,mixbarrel_ar_soviet
508733e85537910f,mixbarrel_ar_standard
7ffa7f6ad106eb1d,mixbarrel_lmg_accurate
0c61bb3cea0ef8ad,mixbarrel_lmg_fastfire
6e721ebf0250dde9,mixbarrel_lmg_light
6ef25ffd428030ca,mixbarrel_lmg_slowfire
72a9193e211f5e7c,mixbarrel_pistol_burst
12c8614a397a7cc4,mixbarrel_pistol_fullauto
7e700b59ac24c331,mixbarrel_pistol_revolver
52bf25e4716d922f,mixbarrel_pistol_semiauto
026b292e1b53a924,mixbarrel_pistol_shotgun
6ad67f89c195cd97,mixbarrel_shotgun_fullauto
33c1f3dcc666cea5,mixbarrel_shotgun_leveraction
5b02b2169a8cba2f,mixbarrel_shotgun_pump
763a17e2694d2944,mixbarrel_shotgun_semiauto
125e5e52509d0102,mixbarrel_smg_accurate
4456ad6580f2f712,mixbarrel_smg_burst
1ef707797ed171c0,mixbarrel_smg_capacity
2aa341c0a62f973a,mixbarrel_smg_cqb
48751f57d3a1b756,mixbarrel_smg_fastfire
0d3955249e825658,mixbarrel_smg_flechette
2c02f6f03e9244ed,mixbarrel_smg_handling
68efded1e010313b,mixbarrel_smg_heavy
5daabc9121e9f9fd,mixbarrel_smg_season6
40a0b0ae165b0245,mixbarrel_smg_semiauto
6ae5d62438f93761,mixbarrel_smg_spray
114aa978e0e48109,mixbarrel_smg_standard
79f502354d5697a0,mixbarrel_sniper_accurate
48b0445be8c092ff,mixbarrel_sniper_cannon
57a8ce4e261ee951,mixbarrel_sniper_powersemi
7c5e3ad02fc1cd47,mixbarrel_sniper_quickscope
3889943b67f85697,mixbarrel_sniper_standard
1d45e01a840d35ca,mixbarrel_tr_damagesemi
380f1a01369dbe87,mixbarrel_tr_fastburst
56bc303f8bd39193,mixbarrel_tr_longburst
3a0852c4f12f47b0,mixbarrel_tr_powerburst
35b522eb2e6af325,mixbarrel_tr_precisionsemi
574e57ebbb1fab71,mixbody
79caa88ef6d002d9,mixbody2
66a132d98771b6fc,mixbody2_ar_accurate
14af5f363cd1b12d,mixbody2_ar_british
7f9aeccad876cab7,mixbody2_ar_damage
6558dcb10466c5e4,mixbody2_ar_fastfire
7d2ff1c262ab5d51,mixbody2_ar_fasthandling
0f60e52445250927,mixbody2_ar_mobility
7a950709b494622b,mixbody2_ar_season6
1151ba20fbea6887,mixbody2_ar_slowfire
29c7412149368076,mixbody2_ar_slowhandling
4adae8d67d88cbdc,mixbody2_ar_soviet
2435239015ac1d1b,mixbody2_ar_standard
417a9684d0b644c1,mixbody2_lmg_accurate
3fb508773b845c69,mixbody2_lmg_fastfire
32c31535d21962f5,mixbody2_lmg_light
5bdc461cd11f45ce,mixbody2_lmg_slowfire
370efb255ebe1b28,mixbody2_pistol_burst
0d63eb59fef86e50,mixbody2_pistol_fullauto
66da6f872dd14435,mixbody2_pistol_revolver
4b6ed80f05e41c2b,mixbody2_pistol_semiauto
457c9942084890bb,mixbody2_shotgun_fullauto
21539ff138f8c241,mixbody2_shotgun_leveraction
460a4d125a48961b,mixbody2_shotgun_pump
014503c1be841568,mixbody2_shotgun_semiauto
7da19b532ae0252e,mixbody2_smg_accurate
75bfe4a8be4e08be,mixbody2_smg_burst
7aab7a1981f8084c,mixbody2_smg_capacity
224964016baccea6,mixbody2_smg_cqb
1a0273fd6ad8b98a,mixbody2_smg_fastfire
1d16585d1095d92c,mixbody2_smg_flechette
49652ff5d1a7cba9,mixbody2_smg_handling
678f35aef1281a47,mixbody2_smg_heavy
00b09e98f2afe759,mixbody2_smg_season6
68ac0e86dab95111,mixbody2_smg_semiauto
49c4749ceebce80d,mixbody2_smg_spray
6c127d056f4fcedd,mixbody2_smg_standard
0b9f002cac34c254,mixbody2_sniper_accurate
3b11de0e2e83fa7b,mixbody2_sniper_cannon
045d4a2517e7c6bd,mixbody2_sniper_powersemi
2bb60773af7f64db,mixbody2_sniper_quickscope
7710d701ccd0d6e3,mixbody2_sniper_standard
256c5213a6eacbfe,mixbody2_tr_damagesemi
3251c442bf3a3a43,mixbody2_tr_fastburst
0e78554a277f1c3f,mixbody2_tr_longburst
39c9e23421d3b02c,mixbody2_tr_powerburst
2b6b1910ef5ca4d9,mixbody2_tr_precisionsemi
6212a2196627f814,mixbody_ar_accurate
191e39dc6716cdc5,mixbody_ar_british
5cfbff7eed04f01f,mixbody_ar_damage
6f0edf426bac4b2c,mixbody_ar_fastfire
0a957ddf3a4248d9,mixbody_ar_fasthandling
0f19dd241822c49f,mixbody_ar_mobility
71e16ce116be67f3,mixbody_ar_season6
3dd8f793b42996ef,mixbody_ar_slowfire
619407c55daf1afe,mixbody_ar_slowhandling
55ec284a32c63354,mixbody_ar_soviet
34773e8484fe8da3,mixbody_ar_standard
7b2203427cf109a9,mixbody_lmg_accurate
6cd965210fb86a81,mixbody_lmg_fastfire
02979f8bc229b13d,mixbody_lmg_light
6f33a29ebc306086,mixbody_lmg_slowfire
05c3d47ecb7454e0,mixbody_pistol_burst
6675540aaabe65c8,mixbody_pistol_fullauto
17c9985ad3a20bbd,mixbody_pistol_revolver
7cc31b91e5233463,mixbody_pistol_semiauto
72402914681e6d83,mixbody_shotgun_fullauto
04248cb3df1aa9a9,mixbody_shotgun_leveraction
1379f16c130483c3,mixbody_shotgun_pump
07a07321267f8c90,mixbody_shotgun_semiauto
5d9e5f4591cc74a6,mixbody_smg_accurate
3c6bb8d4e18854a6,mixbody_smg_burst
6821a8ce279a65a4,mixbody_smg_capacity
79bf97ffead88c2e,mixbody_smg_cqb
5a9692ad259774b2,mixbody_smg_fastfire
539bf3ebfb0bc594,mixbody_smg_flechette
60a4a6b145226831,mixbody_smg_handling
381bcb79f88c1c8f,mixbody_smg_heavy
52d3101597b0d841,mixbody_smg_season6
5aec61d36c3eefb9,mixbody_smg_semiauto
380459d510dfb8e5,mixbody_smg_spray
29f688f423402c85,mixbody_smg_standard
2c5f1587f9d7892c,mixbody_sniper_accurate
71fc2790f6a827b3,mixbody_sniper_cannon
4e5943c3aedaccf5,mixbody_sniper_powersemi
5c0cc5ebd1e10d83,mixbody_sniper_quickscope
75b571ed9ae0484b,mixbody_sniper_standard
4f2627c4dad3e1c6,mixbody_tr_damagesemi
6ad919e794880cab,mixbody_tr_fastburst
37041450c2149d77,mixbody_tr_longburst
29bfccaadaa99474,mixbody_tr_powerburst
2d008a39d0b78f21,mixbody_tr_precisionsemi
1f085de4c1d9aeff,mixclip
14e658b564e40657,mixclip2
403c61625111307a,mixclip2_ar_accurate
7f34d9ecba70bdd7,mixclip2_ar_british
25d5bc55d61ad69d,mixclip2_ar_damage
41806bbbf17356be,mixclip2_ar_fastfire
055f6b129c1596b7,mixclip2_ar_fasthandling
7feba91c64ce5369,mixclip2_ar_mobility
3636dbfd0cda03e5,mixclip2_ar_season6
45cce98e811be41d,mixclip2_ar_slowfire
00ed2d673d2a57f0,mixclip2_ar_slowhandling
1d496e227cef86da,mixclip2_ar_soviet
22f6cf8b3ab78351,mixclip2_ar_standard
59cf458a3a3eb35b,mixclip2_lmg_accurate
670316a4e1cbeacf,mixclip2_lmg_fastfire
2bc571aa3764ef13,mixclip2_lmg_light
6d583801a75d2938,mixclip2_lmg_slowfire
68adbc8267eb4076,mixclip2_pistol_burst
44d3b02bc7a83526,mixclip2_pistol_fullauto
385967b49b50e55f,mixclip2_pistol_revolver
302634994f817dc9,mixclip2_pistol_semiauto
5f4d0059789cf5a4,mixclip2_smg_accurate
015f4525fedca858,mixclip2_smg_burst
0bb4feba92747bde,mixclip2_smg_capacity
3b535fd85beb548c,mixclip2_smg_cqb
32f3aceecda4f0fc,mixclip2_smg_fastfire
78bd2469efe44e4f,mixclip2_smg_handling
595e8bc4a3db9f01,mixclip2_smg_heavy
612e8ae1d0abe1a3,mixclip2_smg_season6
0b57d35a75ec379b,mixclip2_smg_semiauto
5eb27d8e0c86d47b,mixclip2_smg_spray
7908eb1d607bedb3,mixclip2_smg_standard
084c8eb2c1167d92,mixclip2_sniper_accurate
374e9d9fa8e911b1,mixclip2_sniper_cannon
6d62bf999abc275b,mixclip2_sniper_powersemi
544156a2d1063261,mixclip2_sniper_quickscope
4bc383a93fb3d359,mixclip2_sniper_standard
3ff07f9bcd973ca0,mixclip2_tr_damagesemi
581a5fa564411625,mixclip2_tr_fastburst
39b433e850537595,mixclip2_tr_longburst
5d24a1e16048a82e,mixclip2_tr_powerburst
70ec6e49f1007d17,mixclip2_tr_precisionsemi
10700cda12c58022,mixclip_ar_accurate
380a01dac3ee594e,mixclip_ar_an94
66067c395952dfff,mixclip_ar_british
457f7d1d8af9ad95,mixclip_ar_damage
17a3a362465fd376,mixclip_ar_fastfire
24babd8edc95ebaf,mixclip_ar_fasthandling
7973bd3bc854f711,mixclip_ar_mobility
232a7bac43771816,mixclip_ar_modular
2eac08fc8edc6768,mixclip_ar_peacekeeper
2b5441f018f5fa94,mixclip_ar_peacekeeper_wz
247e8927d060f71d,mixclip_ar_season6
14b3041b60a75c55,mixclip_ar_slowfire
3f44f915c8475048,mixclip_ar_slowhandling
0df649539cbc14c2,mixclip_ar_soviet
60792d8353a29d29,mixclip_ar_standard
7d0831293f519db3,mixclip_lmg_accurate
2ea849c8d5b4a857,mixclip_lmg_fastfire
3075c1d46e4542cb,mixclip_lmg_light
7ecd0a620bb1e620,mixclip_lmg_slowfire
059ee6e646e3e23e,mixclip_lmg_spray
3cd069fba33bcd9e,mixclip_pistol_burst
7a412e9d47cad02e,mixclip_pistol_fullauto
395c5666841af217,mixclip_pistol_revolver
5571f89901812d71,mixclip_pistol_semiauto
0d47681b1bd02315,mixclip_shotgun_fullauto
61e526c187dd81cc,mixclip_smg_accurate
5783e4c6011dc1b0,mixclip_smg_burst
7ede3d9104581686,mixclip_smg_capacity
50070e3266275444,mixclip_smg_cqb
6b766cf2085bf116,mixclip_smg_fastburst
306c1de770dafbf4,mixclip_smg_fastfire
44c874f57604b007,mixclip_smg_folding
15ca9f899bbf32e7,mixclip_smg_handling
49c99220dfae7459,mixclip_smg_heavy
52fb2e613f0fa4db,mixclip_smg_season6
70e0df0588fa8f73,mixclip_smg_semiauto
3356358447c494e3,mixclip_smg_spray
3e53503e1f2065eb,mixclip_smg_standard
4efe16c47e7d6e3a,mixclip_sniper_accurate
68aad637a88bb879,mixclip_sniper_cannon
3b1d7d2f79d7c5d3,mixclip_sniper_fastrechamber
5ec5a6d05f1b33c3,mixclip_sniper_powersemi
060359c52432ffb9,mixclip_sniper_quickscope
285a179a59b02511,mixclip_sniper_standard
3ee586ac8494f6f8,mixclip_tr_damagesemi
09a1a1a81c701abd,mixclip_tr_fastburst
246dfc70669c19b5,mixclip_tr_flechette
6433e7a2db360a5d,mixclip_tr_longburst
1f05d43319ffad1b,mixclip_tr_longburst_zm
5e98cd6781eb8146,mixclip_tr_powerburst
39c7945f1e4a872f,mixclip_tr_precisionsemi
31c1264a8938371d,mixclip_wz
27231e4565d05f6f,mixhandle
510bccec01120b07,mixhandle2
3f5724b6c3cfed6a,mixhandle2_ar_accurate
70247a2f84ba26a7,mixhandle2_ar_british
2c8382b0112c1cad,mixhandle2_ar_damage
284fa346be4184ae,mixhandle2_ar_fastfire
5a56801d2b324d87,mixhandle2_ar_fasthandling
0037d90458acee39,mixhandle2_ar_mobility
7bcaa771c5691bb5,mixhandle2_ar_season6
69fca88cac851ecd,mixhandle2_ar_slowfire
01a419fcc64b53c0,mixhandle2_ar_slowhandling
0c77600f20b4698a,mixhandle2_ar_soviet
65924533f00e0f41,mixhandle2_ar_standard
67035185be7b5e4b,mixhandle2_lmg_accurate
102cb0c7b561bdff,mixhandle2_lmg_fastfire
6750d695ec270563,mixhandle2_lmg_light
3fc8bb4029429d28,mixhandle2_lmg_slowfire
798e535f8084ba26,mixhandle2_pistol_burst
51a116d1fd6515d6,mixhandle2_pistol_fullauto
2c3d367979dbfcaf,mixhandle2_pistol_revolver
6a350d7fa20bbc39,mixhandle2_pistol_semiauto
10b2af304b18386d,mixhandle2_shotgun_fullauto
77414e253eb13f4b,mixhandle2_shotgun_leveraction
5d69aae5392c1825,mixhandle2_shotgun_pump
61aec4fca5d10b1a,mixhandle2_shotgun_semiauto
0a2398850cf58074,mixhandle2_smg_accurate
20b7d9254603dd68,mixhandle2_smg_burst
0a0e92fa8c83dbee,mixhandle2_smg_capacity
65520cc49dc9887c,mixhandle2_smg_cqb
171fd5ae1279d38c,mixhandle2_smg_fastfire
1d616db308e77752,mixhandle2_smg_flechette
3266f60f985cd7bf,mixhandle2_smg_handling
5edd470ebd064a91,mixhandle2_smg_heavy
06a49d0a881ecdd3,mixhandle2_smg_season6
2a90906e8d6b756b,mixhandle2_smg_semiauto
3964327d17b21a0b,mixhandle2_smg_spray
06180217bbc34e03,mixhandle2_smg_standard
6e1cca0745cf6182,mixhandle2_sniper_accurate
26699d4717c7f6c1,mixhandle2_sniper_cannon
0707e44193a900cb,mixhandle2_sniper_powersemi
016f4c2806825371,mixhandle2_sniper_quickscope
6d09152dd616e189,mixhandle2_sniper_standard
0b52b747278a3ff0,mixhandle2_tr_damagesemi
38d965828410b7f5,mixhandle2_tr_fastburst
06b17318dce05ee5,mixhandle2_tr_longburst
56b5d9332040bdfe,mixhandle2_tr_powerburst
04b5275eca97eba7,mixhandle2_tr_precisionsemi
273aeb8fcf86b412,mixhandle_ar_accurate
7b52db4058ab9acf,mixhandle_ar_british
68ae8b8bb41dbca5,mixhandle_ar_damage
707643eebd51e3a6,mixhandle_ar_fastfire
5083430d59bad4ff,mixhandle_ar_fasthandling
1442fae661344421,mixhandle_ar_mobility
3ea9d6da15b5192d,mixhandle_ar_season6
2833f77620b06f85,mixhandle_ar_slowfire
5314945d0e3d11d8,mixhandle_ar_slowhandling
1f0316ee43a33872,mixhandle_ar_soviet
6ab1e0864e2409d9,mixhandle_ar_standard
738bd9d9469e82a3,mixhandle_lmg_accurate
088c1bff01938a47,mixhandle_lmg_fastfire
4f0caa716e8b7d5b,mixhandle_lmg_light
2fe124e53efaa450,mixhandle_lmg_slowfire
74ba5cebbb589ece,mixhandle_pistol_burst
6edefee70fdc711e,mixhandle_pistol_fullauto
62b0783c7705d8e7,mixhandle_pistol_revolver
2f567b3309ab1ea1,mixhandle_pistol_semiauto
7be9f27c4a61efa5,mixhandle_shotgun_fullauto
758fccc4765337e3,mixhandle_shotgun_leveraction
6632b9f53cec4e1d,mixhandle_shotgun_pump
7d342f1fccfb74f2,mixhandle_shotgun_semiauto
799640feb4320d5c,mixhandle_smg_accurate
7a5377671d5b6040,mixhandle_smg_burst
1c7c969be8e308d6,mixhandle_smg_capacity
6b06edb70a7d07b4,mixhandle_smg_cqb
3508b7e3547f0f44,mixhandle_smg_fastfire
6aeecceaecd91f6a,mixhandle_smg_flechette
7100def378dec5d7,mixhandle_smg_handling
7db805cd5cc05169,mixhandle_smg_heavy
4baf9982d2d9868b,mixhandle_smg_season6
2d5091add619ef43,mixhandle_smg_semiauto
1292e0beeeace633,mixhandle_smg_spray
37cca75e83b6117b,mixhandle_smg_standard
3856d026b5647d2a,mixhandle_sniper_accurate
0960500a50beffc9,mixhandle_sniper_cannon
7c23bce109c125b3,mixhandle_sniper_powersemi
35dfa5677f7a4909,mixhandle_sniper_quickscope
61f8f0a3e4877b01,mixhandle_sniper_standard
0dde91a33d84bd48,mixhandle_tr_damagesemi
28626e7461d5610d,mixhandle_tr_fastburst
709453edc3131d2d,mixhandle_tr_longburst
5ff049024ebe5416,mixhandle_tr_powerburst
66fca2adb8ec237f,mixhandle_tr_precisionsemi
6cb337a8f1814a78,mixmuzzle
35d1de125eb13bbe,mixmuzzle2
0f93fcc646169afb,mixmuzzle2_ar_accurate
34f7a23ad184a7c4,mixmuzzle2_ar_british
59a8af35d55055e4,mixmuzzle2_ar_damage
1cc7cde0eda3d26f,mixmuzzle2_ar_fastfire
6253f204011cce7e,mixmuzzle2_ar_fasthandling
43e2c10fb094f208,mixmuzzle2_ar_mobility
234896740db62716,mixmuzzle2_ar_season6
06a8b4d3ae8ab5d8,mixmuzzle2_ar_slowfire
2104b9e04007e75d,mixmuzzle2_ar_slowhandling
7af2f1e18d926543,mixmuzzle2_ar_soviet
184fe62daf8b951c,mixmuzzle2_ar_standard
4dd5ee9b4b03b4d8,mixmuzzle2_lmg_accurate
22b54870ca330568,mixmuzzle2_lmg_fastfire
42444806d89f7492,mixmuzzle2_lmg_light
1824db2a71e019d3,mixmuzzle2_lmg_slowfire
49046d22739fb8ad,mixmuzzle2_pistol_burst
5ef57751a7899df7,mixmuzzle2_pistol_fullauto
07d0ee072c70d97a,mixmuzzle2_pistol_revolver
2bc45eb7fb910aa4,mixmuzzle2_pistol_semiauto
2efde8b6bf0ddab6,mixmuzzle2_shotgun_fullauto
0151490bc82d1cd6,mixmuzzle2_shotgun_leveraction
2520b4ba54ec9db2,mixmuzzle2_shotgun_pump
5eb122249e19ba19,mixmuzzle2_shotgun_semiauto
00cbed71f25634b7,mixmuzzle2_smg_accurate
697c61ddec971989,mixmuzzle2_smg_burst
19312da7021e5961,mixmuzzle2_smg_capacity
5431bb08883fd109,mixmuzzle2_smg_cqb
2bc16cae9fdf34e3,mixmuzzle2_smg_fastfire
48ee90ea90bcdb07,mixmuzzle2_smg_flechette
23b1b0e7ce68d99c,mixmuzzle2_smg_handling
2c7f7bae15fd2048,mixmuzzle2_smg_heavy
2f452aff0c3d53b2,mixmuzzle2_smg_season6
23c6f093c71c8c20,mixmuzzle2_smg_semiauto
111d211fa8de14e2,mixmuzzle2_smg_spray
56e227c8ffc71c70,mixmuzzle2_smg_standard
561ea7fa6e21a2ef,mixmuzzle2_sniper_accurate
2ae1bb0ad974d14c,mixmuzzle2_sniper_cannon
11ea919ad2f66270,mixmuzzle2_sniper_powersemi
2f98a50882c213e8,mixmuzzle2_sniper_quickscope
68f49ac8f96fd098,mixmuzzle2_sniper_standard
4348c4bf51e044c5,mixmuzzle2_tr_damagesemi
6fc0cb6b40aaa322,mixmuzzle2_tr_fastburst
06c2ac5d4e39946e,mixmuzzle2_tr_longburst
094e84b0740c8feb,mixmuzzle2_tr_powerburst
12753eaf770b6d6c,mixmuzzle2_tr_precisionsemi
457027b2e1a71ead,mixmuzzle_ar_accurate
48e6ed3257b560da,mixmuzzle_ar_british
43fd73866cd08e0e,mixmuzzle_ar_damage
01848f4bf0ba957d,mixmuzzle_ar_fastfire
2ec41bbe3419ab50,mixmuzzle_ar_fasthandling
32f8b443213c804e,mixmuzzle_ar_mobility
6e68da5b8eb6e864,mixmuzzle_ar_season6
0f1611bf9c6115da,mixmuzzle_ar_slowfire
7fb18aaff597d69b,mixmuzzle_ar_slowhandling
23ac2409410d9e85,mixmuzzle_ar_soviet
50debe88e352a9ae,mixmuzzle_ar_standard
01892d2b2f22b6f6,mixmuzzle_lmg_accurate
3e6e01da3173f1c2,mixmuzzle_lmg_fastfire
60495e4cead43d04,mixmuzzle_lmg_light
47670840f9f38769,mixmuzzle_lmg_slowfire
10a0f8cf2459a7bf,mixmuzzle_pistol_burst
4e6dd1ef229943c9,mixmuzzle_pistol_fullauto
01dc1876d62ecae0,mixmuzzle_pistol_revolver
08123cf82c1a65b6,mixmuzzle_pistol_semiauto
51fdd9fb387b3904,mixmuzzle_shotgun_fullauto
117f526baac59a34,mixmuzzle_shotgun_leveraction
68d8a561d1448c70,mixmuzzle_shotgun_pump
69d8535fabace16f,mixmuzzle_shotgun_semiauto
65e737f3acb19419,mixmuzzle_smg_accurate
402f84bffb595f07,mixmuzzle_smg_burst
470998d28bae65f7,mixmuzzle_smg_capacity
0a52910cc978e293,mixmuzzle_smg_cqb
1593fb5a6d405ef1,mixmuzzle_smg_fastfire
678b57b3ac6942c9,mixmuzzle_smg_flechette
0b624d4f1d30e13e,mixmuzzle_smg_handling
0e66f2ec2ced7d0e,mixmuzzle_smg_heavy
55d7c6de8fd7e180,mixmuzzle_smg_season6
07013046da02e81e,mixmuzzle_smg_semiauto
014ed3263b831344,mixmuzzle_smg_spray
0f528fbd02f37572,mixmuzzle_smg_standard
0cfb12e84a4de181,mixmuzzle_sniper_accurate
57bf0f8887479dee,mixmuzzle_sniper_cannon
39cde08f287ce882,mixmuzzle_sniper_powersemi
2e56bc7b4260dcda,mixmuzzle_sniper_quickscope
7babf875607e48ca,mixmuzzle_sniper_standard
7d7ba7eac3addf03,mixmuzzle_tr_damagesemi
73c04987bcfd8d68,mixmuzzle_tr_fastburst
4a0e990bd8c0e998,mixmuzzle_tr_longburst
21dd7e286ef9ac09,mixmuzzle_tr_powerburst
42b901acc64927e6,mixmuzzle_tr_precisionsemi
0eeef17e8f501f49,mixstock
3023d50d85257e01,mixstock2
0ee27f47ed053ce4,mixstock2_ar_accurate
7321e247b951b375,mixstock2_ar_british
59089da592812c4f,mixstock2_ar_damage
0d78add3f543613c,mixstock2_ar_fastfire
296251d3786931c9,mixstock2_ar_fasthandling
5b2d01134766b80f,mixstock2_ar_mobility
0a3d2cf81179a063,mixstock2_ar_season6
1e19c3a47af119bf,mixstock2_ar_slowfire
54bfcc831f2824ee,mixstock2_ar_slowhandling
0b53f41b40387424,mixstock2_ar_soviet
3b278e9c31cb95f3,mixstock2_ar_standard
00df637b42186739,mixstock2_lmg_accurate
308b26e202a57f11,mixstock2_lmg_fastfire
446edeb90e42d36d,mixstock2_lmg_light
4201b46e3da1ced6,mixstock2_lmg_slowfire
61642ee5c6309e33,mixstock2_shotgun_fullauto
1253437dedcebbf9,mixstock2_shotgun_leveraction
296ef1523fa1b8f3,mixstock2_shotgun_pump
21701b6605076f00,mixstock2_shotgun_semiauto
64a93a6b00e5f096,mixstock2_smg_accurate
020690e389713d16,mixstock2_smg_burst
5522ec821fce1f54,mixstock2_smg_capacity
40b521faefa6babe,mixstock2_smg_cqb
4b1d41ed885e1f62,mixstock2_smg_fastfire
13abc5eb6f4bfc84,mixstock2_smg_flechette
7c7fa82d75cdd941,mixstock2_smg_handling
6c97c27d3fa0c67f,mixstock2_smg_heavy
14eb08e2ea138e91,mixstock2_smg_season6
678f2895e133f6e9,mixstock2_smg_semiauto
41b34a7d49f4fcd5,mixstock2_smg_spray
6461cf5e52e86375,mixstock2_smg_standard
7e71805c0de4fe7c,mixstock2_sniper_accurate
63c626791df14463,mixstock2_sniper_cannon
2b3bb47c41676bc5,mixstock2_sniper_powersemi
3c940ffc6969adf3,mixstock2_sniper_quickscope
3c0571129c1f649b,mixstock2_sniper_standard
3fd52b0c775fd5b6,mixstock2_tr_damagesemi
441932db9b286adb,mixstock2_tr_fastburst
161a71006a1fc6e7,mixstock2_tr_longburst
4ab1f7e8d425e4e4,mixstock2_tr_powerburst
175cd01712e50c11,mixstock2_tr_precisionsemi
20408f6e034e826c,mixstock_ar_accurate
7c9b614759e9be7d,mixstock_ar_british
13105070c7f7bcc7,mixstock_ar_damage
3d0c049d334f8194,mixstock_ar_fastfire
705a67bd0b7263e1,mixstock_ar_fasthandling
3ca3b2a073c883b7,mixstock_ar_mobility
45e7be8f5bb024fb,mixstock_ar_season6
0c5337a7e099c6f7,mixstock_ar_slowfire
557a9fbe0158c3c6,mixstock_ar_slowhandling
40c0a2cef06c8b0c,mixstock_ar_soviet
26cc2e98c3d9af8b,mixstock_ar_standard
3445173dcd9bd9f1,mixstock_lmg_accurate
3952e7fe516779d9,mixstock_lmg_fastfire
6f9032478b832e45,mixstock_lmg_light
7e7f404c73baa0be,mixstock_lmg_slowfire
37a86ee78804478b,mixstock_shotgun_fullauto
7fa345a9a8a68c31,mixstock_shotgun_leveraction
0f24975efe5955eb,mixstock_shotgun_pump
6d5d214f1c4881f8,mixstock_shotgun_semiauto
28035287427bfabe,mixstock_smg_accurate
230171323ca2378e,mixstock_smg_burst
6ed26835dfceef1c,mixstock_smg_capacity
04fbd47608c86d56,mixstock_smg_cqb
030dfd3d0aafa91a,mixstock_smg_fastfire
293a152dd1f15a7c,mixstock_smg_flechette
559f2d5dc5f2d0d9,mixstock_smg_handling
2955a343d333b097,mixstock_smg_heavy
2618180a463e1109,mixstock_smg_season6
5bf212b200ed7461,mixstock_smg_semiauto
37b319bffb58965d,mixstock_smg_spray
4cc56545f105ad2d,mixstock_smg_standard
73023340c3219804,mixstock_sniper_accurate
016da58b08d34d8b,mixstock_sniper_cannon
5de1404dafdcee6d,mixstock_sniper_powersemi
037f6ce2b8761b2b,mixstock_sniper_quickscope
19f24aeb3da2cf13,mixstock_sniper_standard
5fb3316517938a0e,mixstock_tr_damagesemi
10e94c5cc69de7d3,mixstock_tr_fastburst
5e55df0669c2fc0f,mixstock_tr_longburst
79b539834e80813c,mixstock_tr_powerburst
7dfc8974794cbb69,mixstock_tr_precisionsemi
08a95507b5503fa9,mk
08025e191762abb4,mms
3c0d17bad169557b,none
5b9bc4ba528108e4,null
07b61319bc66e472,pistolscope
687f96878663474e,pistolscope_wz
05116ddf2f3d2fbe,quickdraw
59cd3e3d44f7cae4,quickdraw2
64da0cc9f2e73121,quickdraw2_ar_accurate
6078d8b93a803566,quickdraw2_ar_british
062b869aeef888aa,quickdraw2_ar_damage
7977b1aa4f79cec9,quickdraw2_ar_fastfire
273c7630f44e29a4,quickdraw2_ar_fasthandling
7094ababed6c66aa,quickdraw2_ar_mobility
32a2f2cb0fd3eafd,quickdraw2_ar_peacekeeper
77335e5f580ae178,quickdraw2_ar_season6
10da3a80bef4512e,quickdraw2_ar_slowfire
7f1f5a3235262207,quickdraw2_ar_slowhandling
773bc1a5dccabab1,quickdraw2_ar_soviet
1220a3495cc93a6a,quickdraw2_ar_standard
0b18e1c3476fa05a,quickdraw2_lmg_accurate
3f498c437b6aa39e,quickdraw2_lmg_fastfire
78ee77fe324b5740,quickdraw2_lmg_light
55efc75ab8a93cfd,quickdraw2_lmg_slowfire
515a65eebebc700b,quickdraw2_pistol_burst
4d58924854d066c5,quickdraw2_pistol_fullauto
76f753097ab17f14,quickdraw2_pistol_revolver
7d85f96926d44f12,quickdraw2_pistol_semiauto
53cfa62716504758,quickdraw2_shotgun_fullauto
0004be70711de720,quickdraw2_shotgun_leveraction
000d7652d28e15bc,quickdraw2_shotgun_pump
655e737a879564b3,quickdraw2_shotgun_semiauto
09350103565cbf45,quickdraw2_smg_accurate
15e1bd15b7f329c3,quickdraw2_smg_burst
5478785698988ba3,quickdraw2_smg_capacity
35ffe8469865b88f,quickdraw2_smg_cqb
248fbf1054ad68e5,quickdraw2_smg_fastfire
11b5fab84f96cf6d,quickdraw2_smg_flechette
5eb49848c8992e24,quickdraw2_smg_folding
7aba04146288a9ea,quickdraw2_smg_handling
507f223a35583f0a,quickdraw2_smg_heavy
2be289c6c1d408cc,quickdraw2_smg_season6
49d83b5a780427ea,quickdraw2_smg_semiauto
66f7a4ad3316f390,quickdraw2_smg_spray
7b97f25b2d7cee36,quickdraw2_smg_standard
7a5cea988d167365,quickdraw2_sniper_accurate
2a49ea2c2c63bada,quickdraw2_sniper_cannon
200989c8d982214e,quickdraw2_sniper_powersemi
21260773c6e0019e,quickdraw2_sniper_quickscope
7025dbf06719cb56,quickdraw2_sniper_standard
3077a521a71b49e7,quickdraw2_tr_damagesemi
3df1cc97baf05064,quickdraw2_tr_fastburst
32fdfa342b159ce4,quickdraw2_tr_longburst
6d9deef4a7f7d4d5,quickdraw2_tr_powerburst
6b19b33fc7808ffa,quickdraw2_tr_precisionsemi
4b70bb676c3a4efb,quickdraw_ar_accurate
677b8846dd50fbaf,quickdraw_ar_an94
614a3f35e47023c4,quickdraw_ar_british
62b289e823a0e9e4,quickdraw_ar_damage
58a48c8213c7866f,quickdraw_ar_fastfire
7694c7291785c27e,quickdraw_ar_fasthandling
361d89aba40ab3f2,quickdraw_ar_galil
7fbf7fb0d6b8a608,quickdraw_ar_mobility
5ca3a924eb70b19d,quickdraw_ar_modular
692da0de2b914b4b,quickdraw_ar_peacekeeper
4f9b336f20a1a316,quickdraw_ar_season6
42857374d4ae69d8,quickdraw_ar_slowfire
35458f055670db5d,quickdraw_ar_slowhandling
03fccc93dbe2f943,quickdraw_ar_soviet
542ca4ced5af491c,quickdraw_ar_standard
29a1da6f19ae90d8,quickdraw_lmg_accurate
7e81344498dde168,quickdraw_lmg_fastfire
362b726e212f60a5,quickdraw_lmg_heavy
4b4e22b926f00892,quickdraw_lmg_light
73f0c6fe408af5d3,quickdraw_lmg_slowfire
6edd1a064f94f4df,quickdraw_lmg_standard
24d058f6424a94ad,quickdraw_pistol_burst
73364c76bdf291f7,quickdraw_pistol_fullauto
1c11c32c42d9cd7a,quickdraw_pistol_revolver
400533dd11f9fea4,quickdraw_pistol_semiauto
5c9abe32419d853c,quickdraw_pistol_standard
021c16bbd36476b6,quickdraw_shotgun_fullauto
2bfdc53510cf50d6,quickdraw_shotgun_leveraction
3c582e8057ae3cfc,quickdraw_shotgun_precision
00eca08e239779b2,quickdraw_shotgun_pump
31cf5029b2705619,quickdraw_shotgun_semiauto
5c97d945c10110b7,quickdraw_smg_accurate
72863c903ae7ad89,quickdraw_smg_burst
74fd197ad0c93561,quickdraw_smg_capacity
12e836e8aad24509,quickdraw_smg_cqb
078d58826e8a10e3,quickdraw_smg_fastfire
6f4c49d2bd10af07,quickdraw_smg_flechette
480168d4f9d9969e,quickdraw_smg_folding
7f7d9cbb9d13b59c,quickdraw_smg_handling
35895660644db448,quickdraw_smg_heavy
6b21e9a0326107b2,quickdraw_smg_season6
7f92dc6795c76820,quickdraw_smg_semiauto
1a26fbd1f72ea8e2,quickdraw_smg_spray
32ae139cce71f870,quickdraw_smg_standard
705f1fe84f5679ac,quickdraw_smg_vmp
6a5f7d1f848a96ef,quickdraw_sniper_accurate
513f73f305c8a54c,quickdraw_sniper_cannon
0bc0fc005ce71280,quickdraw_sniper_fastrechamber
02b4eb05e513886f,quickdraw_sniper_mini14
6508bf9fe74cfe70,quickdraw_sniper_powersemi
427cd7aa11ed27e8,quickdraw_sniper_quickscope
7d356fee0fd8c498,quickdraw_sniper_standard
08117a8ebe283d5f,quickdraw_tr_damageburst
69a67da77e3418c5,quickdraw_tr_damagesemi
4b8cb73f0f557f22,quickdraw_tr_fastburst
1a9f0d81b1af3ade,quickdraw_tr_flechette
628e98311ce4706e,quickdraw_tr_longburst
35bbd8df86e106ea,quickdraw_tr_midburst
2fac3d98a06063eb,quickdraw_tr_powerburst
65936cb48b62096c,quickdraw_tr_precisionsemi
0ac7b708a0b98706,rangefinder
3187270bf5a054e3,reddot
0bc459d916b1096e,reddot_ar_accurate
50cca2d8f006ab23,reddot_ar_british
6e7e710fbcb3d7c9,reddot_ar_damage
56f32a3208ea04ca,reddot_ar_fastfire
7b7cc673bb65a82b,reddot_ar_fasthandling
19a4b3c0e9162515,reddot_ar_mobility
0f679c20a7a64c19,reddot_ar_season6
4f4019195caee1f1,reddot_ar_slowfire
1b9212766fcebb6c,reddot_ar_slowhandling
45a51fccb64d0396,reddot_ar_soviet
5fc792f4252c001d,reddot_ar_standard
61b3499fe01a484f,reddot_lmg_accurate
04e2878c5fe646cb,reddot_lmg_fastfire
61c65a32bcdaf79f,reddot_lmg_light
01e734dfbd35595c,reddot_lmg_slowfire
005b820ec060c5a0,reddot_smg_accurate
3513fa9639094d04,reddot_smg_burst
2c02f27a221579ba,reddot_smg_capacity
3712acee8c1f04a8,reddot_smg_cqb
5ffe37a9e5bf9fa0,reddot_smg_fastfire
362aaa89b6985546,reddot_smg_flechette
50d15681ed68b1eb,reddot_smg_handling
5d22710824abb5fd,reddot_smg_heavy
60a04d0ff943d32f,reddot_smg_season6
1c235153aad58cd7,reddot_smg_semiauto
6620ec350b005fd7,reddot_smg_spray
3ef01414db028497,reddot_smg_standard
396b352554c85bc6,reddot_sniper_accurate
2bc0d09a3d937c3d,reddot_sniper_cannon
4cc00c8949401217,reddot_sniper_powersemi
41c4e6dc49a481c5,reddot_sniper_quickscope
2031076b1c30c6a5,reddot_sniper_standard
779ce2079e637354,reddot_tr_damagesemi
475757557b0a4851,reddot_tr_fastburst
7312a426a3f30df1,reddot_tr_longburst
74e6def416b88c9a,reddot_tr_powerburst
5664b15125c071bb,reddot_tr_precisionsemi
70f8afb18a895a39,reddot_wz
7c286f1cf09cce7f,reflex
15831b2cda728cd7,reflex2
0e053bab01082efa,reflex2_ar_accurate
535d7616173d8557,reflex2_ar_british
7b5bcce0d19c311d,reflex2_ar_damage
0f494604a16a553e,reflex2_ar_fastfire
2c4fcb195a61bd37,reflex2_ar_fasthandling
4db4836514c551e9,reflex2_ar_mobility
0a5f782669a6cb65,reflex2_ar_season6
27dd8d6dfb767e70,reflex2_ar_slowhandling
72cf7ead7870e15a,reflex2_ar_soviet
70bfa9d3eaae81d1,reflex2_ar_standard
7d18af0d3af126db,reflex2_lmg_accurate
0a4c8027e27e5e4f,reflex2_lmg_fastfire
014b823532e64993,reflex2_lmg_light
10a1a184a80f9cb8,reflex2_lmg_slowfire
029669dc794f6924,reflex2_smg_accurate
56e555b0fa5e02d8,reflex2_smg_burst
2efe683d9326ef5e,reflex2_smg_capacity
1d6d850a47abab0c,reflex2_smg_cqb
563d1671ce57647c,reflex2_smg_fastfire
292c7b2d0fc0ac02,reflex2_smg_flechette
1c068decf096c1cf,reflex2_smg_handling
2ee49c4f9f5cf981,reflex2_smg_heavy
2ef7652a80a2e023,reflex2_smg_season6
2ea13cdd769eab1b,reflex2_smg_semiauto
34388e1908082efb,reflex2_smg_spray
1c5254a0612e6133,reflex2_smg_standard
706c774ceab58ef8,reflex2_special_crossbow
68224935fcd17f20,reflex2_tr_damagesemi
7b63c92864f389a5,reflex2_tr_fastburst
5cfd9d6b5105e915,reflex2_tr_longburst
05566b7b8f82eaae,reflex2_tr_powerburst
678619bf4c65e897,reflex2_tr_precisionsemi
15831a2cda728b24,reflex3
37a3e6e5959deb61,reflex3_ar_accurate
183b74f0503fa2a6,reflex3_ar_british
6def544905c62dea,reflex3_ar_damage
0a612e5ab3e4c909,reflex3_ar_fastfire
102c05bff4d0dde4,reflex3_ar_fasthandling
55e7aa57ed0a81ea,reflex3_ar_mobility
001250191e5f1238,reflex3_ar_season6
63019ef320616d6e,reflex3_ar_slowfire
7ffccd4c1bf2ef47,reflex3_ar_slowhandling
3209c22c60bdfef1,reflex3_ar_soviet
2655cc72abd005aa,reflex3_ar_standard
0def1e56bef4f460,reflex3_shotgun_leveraction
3d90acb1eaa2f285,reflex3_smg_accurate
4acd1d6bd8503b03,reflex3_smg_burst
726ef1173b16d2e3,reflex3_smg_capacity
0b4952f0c66373cf,reflex3_smg_cqb
6c166aa47c545725,reflex3_smg_fastfire
28af1489bb936aad,reflex3_smg_flechette
0392648d2f28942a,reflex3_smg_handling
0203829052d0744a,reflex3_smg_heavy
56040e89109e9f8c,reflex3_smg_season6
7acce70909657f2a,reflex3_smg_semiauto
2136fcad1db773d0,reflex3_smg_spray
5981d0dd46e86276,reflex3_smg_standard
1583192cda728971,reflex4
7704505f8ac38ea6,reflex4_smg_accurate
5519460f31a5a2a6,reflex4_smg_burst
018799e820917fa4,reflex4_smg_capacity
05ea9d7c2ab32a2e,reflex4_smg_cqb
73fc83c71e8e8eb2,reflex4_smg_fastfire
72eea30e06ecf394,reflex4_smg_flechette
7a0a97cb3e198231,reflex4_smg_handling
50c958b448a96a8f,reflex4_smg_heavy
5c6203b1048c5641,reflex4_smg_season6
745252ed653609b9,reflex4_smg_semiauto
50b1e70f60fd06e5,reflex4_smg_spray
435c7a0e1c374685,reflex4_smg_standard
6498a9036f9247a2,reflex_ar_accurate
3b8c8cc454d43a7f,reflex_ar_british
384330f122cca915,reflex_ar_damage
6bcc3f8ba32c9af6,reflex_ar_fastfire
2b96ce8d1c94eb2f,reflex_ar_fasthandling
4d9c59652521be91,reflex_ar_mobility
7a0499b2cbe2519d,reflex_ar_season6
68dba044bd7423d5,reflex_ar_slowfire
46210a1408464fc8,reflex_ar_slowhandling
00b9fd27348f1042,reflex_ar_soviet
34a1c9acb06f64a9,reflex_ar_standard
4ad10b71ef489c33,reflex_lmg_accurate
7c71241185aba6d7,reflex_lmg_fastfire
233975a806183e4b,reflex_lmg_light
4c95e4aabba8e4a0,reflex_lmg_slowfire
0bd15727ba5803e7,reflex_pistol
0a9944445332cc1e,reflex_pistol_burst
011d3f9b87c9cfae,reflex_pistol_fullauto
40386764c419f197,reflex_pistol_revolver
5c4e099741802cf1,reflex_pistol_semiauto
3437c821da1c4995,reflex_shotgun_fullauto
5ca89b81043ea84d,reflex_shotgun_pump
49888e03e129a5a2,reflex_shotgun_semiauto
2fae010a37d4804c,reflex_smg_accurate
4a47989998f0bd30,reflex_smg_burst
4ca717d9b44f1506,reflex_smg_capacity
70c366da3ce963c4,reflex_smg_cqb
7e34f83020d1fa74,reflex_smg_fastfire
3108c870b066651a,reflex_smg_flechette
639379d24bb63167,reflex_smg_handling
3c8d45f477816fd9,reflex_smg_heavy
2723ca8a9bdc6c5b,reflex_smg_season6
3ea9b94e38f18df3,reflex_smg_semiauto
2619e957df979063,reflex_smg_spray
0c1c2a86cf17646b,reflex_smg_standard
55da27c2be7c6dba,reflex_sniper_accurate
0bf43fbaa93e2bf9,reflex_sniper_cannon
05b606d71d675a43,reflex_sniper_powersemi
7c9d053a7f986b39,reflex_sniper_quickscope
2f36289899af2491,reflex_sniper_standard
622ef02f85476a78,reflex_tr_damagesemi
576a7bf0cc67193d,reflex_tr_fastburst
31fcc1eb8b2d08dd,reflex_tr_longburst
01e236ea829df4c6,reflex_tr_powerburst
60b7f465dc96adaf,reflex_tr_precisionsemi
2d5223c6cb4f419d,reflex_wz
08dc5207b57b9429,rf
4f1c3d50c6364f36,rf_lmg_heavy
103f66b4d4538ddc,rf_lmg_spray
70bf3b69d261cf29,rf_pistol
6a625abd99cd7d17,rf_shotgun_precision
04e1ef8f883ab9cb,rf_shotgun_pump
7b77c16c9a6edb7c,rf_smg_capacity
027fd6eb578b5111,rf_smg_folding
7ff10b1db1204d73,rf_smg_minigun
4654f165b56eda8d,rf_smg_standard
08f14039656cd965,rf_sniper_fastrechamber
7c79822f71e32380,rf_sniper_locus
22b3804a14371007,rf_tr_flechette
08d93007b579248c,sf
63e025b7feef496c,speedgrip
252975a63099aaba,speedgrip2
0b8ba895993f6e3f,speedgrip2_ar_accurate
42e41ba278ff5640,speedgrip2_ar_british
453d54bb3730c220,speedgrip2_ar_damage
0dc6dab114f249bb,speedgrip2_ar_fastfire
6554775cb2d48612,speedgrip2_ar_fasthandling
08d0047b3b92acd4,speedgrip2_ar_mobility
6e1126a43fb9efea,speedgrip2_ar_season6
27e59e8e1d513d4c,speedgrip2_ar_slowfire
2fc2a3483f240bf9,speedgrip2_ar_slowhandling
2f6d3c6f6d10917f,speedgrip2_ar_soviet
737bf87ed54eaaa8,speedgrip2_ar_standard
14778773bfbf8c2c,speedgrip2_lmg_accurate
740eb9ddd03fd054,speedgrip2_lmg_fastfire
74aaf7f63a3d470e,speedgrip2_lmg_light
1472c26b2e1fb2b7,speedgrip2_lmg_slowfire
72668c24a7aa9893,speedgrip2_smg_accurate
2af75bb180faaf15,speedgrip2_smg_burst
7435e172001433fd,speedgrip2_smg_capacity
7da83340c2c26615,speedgrip2_smg_cqb
4cf2fc428cb98a37,speedgrip2_smg_fastfire
53e70b99cd99955b,speedgrip2_smg_flechette
0664f2910d8b3318,speedgrip2_smg_handling
607155644a1962f4,speedgrip2_smg_heavy
5fcc066a5171f1fe,speedgrip2_smg_season6
00a079a575a41b6c,speedgrip2_smg_semiauto
26d96a1799f1ad9e,speedgrip2_smg_spray
5ae406fd3ee5baa4,speedgrip2_smg_standard
614dd31998142de3,speedgrip2_sniper_accurate
77a62c33fc114ea8,speedgrip2_sniper_cannon
17d9a5543e2e859c,speedgrip2_sniper_powersemi
6b9f66861ef3d5dc,speedgrip2_sniper_quickscope
1afc2583efef2df4,speedgrip2_sniper_standard
60077dd827b279c9,speedgrip2_tr_damagesemi
4413e8e299a0fe2e,speedgrip2_tr_fastburst
18389916d10ad2fa,speedgrip2_tr_longburst
5c2f87ba8a7f8c67,speedgrip2_tr_powerburst
46e56d2bf3feb9c0,speedgrip2_tr_precisionsemi
1a4a5f0250a2de89,speedgrip_ar_accurate
5b9a29486876874e,speedgrip_ar_british
7b0121e5f2200282,speedgrip_ar_damage
361f368f0cb28861,speedgrip_ar_fastfire
03376290d9022cfc,speedgrip_ar_fasthandling
020c6245a9d19e92,speedgrip_ar_mobility
2c1640a357cfc110,speedgrip_ar_season6
0e5afe5e8fe08266,speedgrip_ar_slowfire
36be005f1afaa6bf,speedgrip_ar_slowhandling
2de35cc2a588eab9,speedgrip_ar_soviet
4b5a5f46ebb1bde2,speedgrip_ar_standard
1126130c210c9d52,speedgrip_lmg_accurate
379817df14581be6,speedgrip_lmg_fastfire
7d06b68f55bb4858,speedgrip_lmg_light
3d0ca0e925691bc5,speedgrip_lmg_slowfire
304dc35ee25c39cd,speedgrip_smg_accurate
7c6473e190785e5b,speedgrip_smg_burst
76ac252378e3156b,speedgrip_smg_capacity
6c41fad00b374027,speedgrip_smg_cqb
3a19007a9f22249d,speedgrip_smg_fastfire
0e5feb8720bc2525,speedgrip_smg_flechette
70db2e52dba7c002,speedgrip_smg_handling
0239d233b9967442,speedgrip_smg_heavy
1282f5e127426184,speedgrip_smg_season6
49d95e0baebd8222,speedgrip_smg_semiauto
686a6323733bb678,speedgrip_smg_spray
0785380dca59f2ce,speedgrip_smg_standard
760b93a474b5d10d,speedgrip_sniper_accurate
0b959341611a2b02,speedgrip_sniper_cannon
7598aa494203c276,speedgrip_sniper_powersemi
3651eaebaf977e56,speedgrip_sniper_quickscope
41595d6d5026400e,speedgrip_sniper_standard
4219367493836cbf,speedgrip_tr_damagesemi
54d36d2c8a48de9c,speedgrip_tr_fastburst
5a23d7ea8e0048ac,speedgrip_tr_longburst
4a8114dbf5f54fed,speedgrip_tr_powerburst
7454f05f9a0cb152,speedgrip_tr_precisionsemi
02d3c61b966e57d6,speedreloader
7a1bb4a785d32862,speedreloader_pistol_revolver
37eb34c9ad187e1a,speedreloader_shotgun_pump
2dd9db5925cfbebe,speedreloader_sniper_damagesemi
67c1a678b397c04f,sprintout
65ce5c192adc1467,sprintout2
55f39ef6b784a3ca,sprintout2_ar_accurate
5d76f81ceee9ff87,sprintout2_ar_british
1057d068c60e130d,sprintout2_ar_damage
6dd048040162510e,sprintout2_ar_fastfire
3401f1a84f7a32e7,sprintout2_ar_fasthandling
7d0a205657b84299,sprintout2_ar_mobility
55f1a5799c376015,sprintout2_ar_season6
2c164d49ecc10f2d,sprintout2_ar_slowfire
31d48b8302948e20,sprintout2_ar_slowhandling
704badc7d5965fea,sprintout2_ar_soviet
2b12e9f1332edba1,sprintout2_ar_standard
454183a4d272382b,sprintout2_lmg_accurate
669a4b0c9e621edf,sprintout2_lmg_fastfire
5c7d565eccd62cc3,sprintout2_lmg_light
6e94800749ac0c08,sprintout2_lmg_slowfire
4db30b768405f7cd,sprintout2_shotgun_fullauto
464c2f4aad9d0a2b,sprintout2_shotgun_leveraction
3197a4aef503ed85,sprintout2_shotgun_pump
767da33e7cd3617a,sprintout2_shotgun_semiauto
272f3aa8cbb3d654,sprintout2_smg_accurate
76f5478819abf4c8,sprintout2_smg_burst
7f785fa082ab3fce,sprintout2_smg_capacity
3647a9694b1f28dc,sprintout2_smg_cqb
0c89a25408a1376c,sprintout2_smg_fastfire
482ec15d8f2037b2,sprintout2_smg_flechette
1ac9fd1aab2feb9f,sprintout2_smg_handling
5b30b57675cb96f1,sprintout2_smg_heavy
15e713e1923bb4b3,sprintout2_smg_season6
0a246d0135edf54b,sprintout2_smg_semiauto
391da0e4d35a8f6b,sprintout2_smg_spray
12a1117dec4feae3,sprintout2_smg_standard
69e10cc2baf07362,sprintout2_sniper_accurate
4e889de9d8ef9ea1,sprintout2_sniper_cannon
1bd9cdac09d4092b,sprintout2_sniper_powersemi
5fd249e3fc2aaf51,sprintout2_sniper_quickscope
258924f66e919969,sprintout2_sniper_standard
22959f15d39b3f50,sprintout2_tr_damagesemi
39dbfafa6a8a60d5,sprintout2_tr_fastburst
07b40890c35a07c5,sprintout2_tr_longburst
5e33c11c3bd42b5e,sprintout2_tr_powerburst
22b4c46a81cb0d87,sprintout2_tr_precisionsemi
2234822d7d708ef2,sprintout_ar_accurate
72f18f9c7e8ed62f,sprintout_ar_british
7a6196f873934885,sprintout_ar_damage
48a7870070bdc086,sprintout_ar_fastfire
298014c7c66250df,sprintout_ar_fasthandling
26ff794124219601,sprintout_ar_mobility
0cb9be0eaba2cf8d,sprintout_ar_season6
647f42f873934665,sprintout_ar_slowfire
66dd0c063010c3b8,sprintout_ar_slowhandling
5a45552e883fb852,sprintout_ar_soviet
53f35edc2912b0b9,sprintout_ar_standard
35390d764c7b3e03,sprintout_lmg_accurate
484b57f2400fffa7,sprintout_lmg_fastfire
1204f10b8921fe3b,sprintout_lmg_light
6f9f60d87d7566b0,sprintout_lmg_slowfire
3f9351d252b26a05,sprintout_shotgun_fullauto
4d71038edaf1eac3,sprintout_shotgun_leveraction
253079c992c4507d,sprintout_shotgun_pump
5d51c8dfd9f64a52,sprintout_shotgun_semiauto
4a13d50480477c3c,sprintout_smg_accurate
3de282632560f2a0,sprintout_smg_burst
59ce906816c778b6,sprintout_smg_capacity
29e5017dd4077914,sprintout_smg_cqb
15f3118406cbf724,sprintout_smg_fastfire
29f4e196037938ca,sprintout_smg_flechette
00ce63117a9610b7,sprintout_smg_handling
1b3110c47fa8aec9,sprintout_smg_heavy
511ee7034a03a3eb,sprintout_smg_season6
3d1e15cbd7d13a23,sprintout_smg_semiauto
5987ebbaf995a193,sprintout_smg_spray
479a2b7c856d5c5b,sprintout_smg_standard
2ec59ec836fbbe8a,sprintout_sniper_accurate
288aad9ca099c629,sprintout_sniper_cannon
09011be4f9b1e393,sprintout_sniper_powersemi
36f82a0990bd3f69,sprintout_sniper_quickscope
4334742ef3166361,sprintout_sniper_standard
3c59838dd7eff0a8,sprintout_tr_damagesemi
2aca29e863dbb0ed,sprintout_tr_fastburst
7cde6f16f200cc0d,sprintout_tr_longburst
2b821a53c8706d76,sprintout_tr_powerburst
58cdda72a431f65f,sprintout_tr_precisionsemi
21137e041abd886b,stackfire
0d2184365cc6d3db,stalker
16c7915fa5da14eb,stalker2
3f41c1f162c500b6,stalker2_ar_accurate
29db21d614494b0b,stalker2_ar_british
728acb5df58a19a1,stalker2_ar_damage
4f30c978d23bda82,stalker2_ar_fastfire
5d23f7c41d797003,stalker2_ar_fasthandling
759aefdda07f535d,stalker2_ar_mobility
35b6b805050814f4,stalker2_ar_peacekeeper
09ff361267594531,stalker2_ar_season6
452a9cf1abd6ad29,stalker2_ar_slowfire
28393df83ad44104,stalker2_ar_slowhandling
58d7305d52af117e,stalker2_ar_soviet
6c7dcc92e0f2e595,stalker2_ar_standard
6638ea73ff36374f,stalker2_ar_stealth
6f89fe710a6d7747,stalker2_lmg_accurate
645eb64cc25ff573,stalker2_lmg_fastfire
12591081a8a1f617,stalker2_lmg_light
15788a853e4a0c44,stalker2_lmg_slowfire
3a0f7c7f11487694,stalker2_lmg_stealth
10ce511a314463a9,stalker2_shotgun_fullauto
2880025e8510272f,stalker2_shotgun_leveraction
7281d3643bdc6b29,stalker2_shotgun_pump
3553a3db64e57596,stalker2_shotgun_semiauto
0a8342f5f28f8e08,stalker2_smg_accurate
4668fe542ee4165c,stalker2_smg_burst
40ad1f293a334ba2,stalker2_smg_capacity
38351191a6a99d80,stalker2_smg_cqb
1be7fe12dd5fd098,stalker2_smg_fastfire
5c48e7c77e58f01e,stalker2_smg_flechette
056b095835f02f63,stalker2_smg_handling
09959436e1d56155,stalker2_smg_heavy
7e5d6244148d6187,stalker2_smg_season6
3d04d73e4c28838f,stalker2_smg_semiauto
740ffff2fdf81b5f,stalker2_smg_spray
15b04a2c2184fa0f,stalker2_smg_standard
322705eeba7898ce,stalker2_sniper_accurate
4a06ab4fec46e745,stalker2_sniper_cannon
65332e6ab8878e12,stalker2_sniper_mini14
3569a740b82dc7bf,stalker2_sniper_powersemi
7207da096b6f489d,stalker2_sniper_quickscope
78f51223364f9d7d,stalker2_sniper_standard
5c0c11a19762aacc,stalker2_tr_damagesemi
75549bf158cddb49,stalker2_tr_fastburst
22899c1482337199,stalker2_tr_longburst
70ff8a42ba446023,stalker2_tr_midburst
32fcb47acd3a71d2,stalker2_tr_powerburst
550a2b378d201df3,stalker2_tr_precisionsemi
348151789d1a90e6,stalker_ar_accurate
01e2a31080f5e16a,stalker_ar_an94
31a085ccb61f201b,stalker_ar_british
12095893e85012b1,stalker_ar_damage
163f5468cdefb8c9,stalker_ar_doublebarrel
428ac024586a0df2,stalker_ar_fastfire
43dda750051b89d3,stalker_ar_fasthandling
3e0412815b907745,stalker_ar_galil
4e197457a0920a6d,stalker_ar_mobility
6d5d6808dbfa29d2,stalker_ar_modular
1b30b596b0f92304,stalker_ar_peacekeeper
02174d6170629901,stalker_ar_season6
01aaee60ced23499,stalker_ar_slowfire
4b167f070d2d7494,stalker_ar_slowhandling
0cb6af9636433aee,stalker_ar_soviet
128d2c14975c63c5,stalker_ar_standard
166a3c2116692c5f,stalker_ar_stealth
4f3613413babbeb7,stalker_lmg_accurate
7a2b927de934bee3,stalker_lmg_fastfire
11fccd0cad3037a7,stalker_lmg_light
6007690b6f4b70b4,stalker_lmg_slowfire
254c4d98491ca670,stalker_lmg_standard
5ca1fe71ec10e8a4,stalker_lmg_stealth
093a0b52b6178c9b,stalker_pistol
4fae8a2552197df9,stalker_shotgun_fullauto
79e0f0e29c927f5f,stalker_shotgun_leveraction
7d6a609ed51387ad,stalker_shotgun_precision
147ba2c98b1c4a79,stalker_shotgun_pump
3f728abad0814e26,stalker_shotgun_semiauto
1c40146a94593ed8,stalker_smg_accurate
71a99ba3973cfd6c,stalker_smg_burst
03315079c4b04332,stalker_smg_capacity
35545d142065e670,stalker_smg_cqb
711f6e4013888f68,stalker_smg_fastfire
783b044d9ad5dc6e,stalker_smg_flechette
46403a8df1e7b473,stalker_smg_folding
5dad811e3a4d3413,stalker_smg_handling
4bf1528e01576aa5,stalker_smg_heavy
7512c6cb8c6ff7b7,stalker_smg_season6
7a23f65c6f1f1e9f,stalker_smg_semiauto
352884a3f00ad7ef,stalker_smg_spray
617b5401ca3fa2df,stalker_smg_standard
167f2c1457f7c0bd,stalker_smg_vmp
5bed449087c82e7e,stalker_sniper_accurate
66c1a2ddc144d5d5,stalker_sniper_cannon
42a22cc3129a6d57,stalker_sniper_damagesemi
1940ca541825ad46,stalker_sniper_locus
5340c80cde6d8f22,stalker_sniper_mini14
5ccf2683ab20c5af,stalker_sniper_powersemi
7181bc7aa489b56d,stalker_sniper_quickscope
73a991b452ff43ed,stalker_sniper_standard
4d046ed80c8c206c,stalker_special_crossbow
3e03e6f2bb2b8c68,stalker_tr_damageburst
33195f3f8278de1c,stalker_tr_damagesemi
1c751c4ec799bfd9,stalker_tr_fastburst
4d6458c116dc21e9,stalker_tr_flechette
5ccae2e1e5de7269,stalker_tr_longburst
252eb1459fdf4193,stalker_tr_midburst
3dbd152ea2dddae2,stalker_tr_powerburst
4ac3c0b0a421d983,stalker_tr_precisionsemi
769cb3142a972141,stalker_wz
0b4801b0a86e09e0,steadyaim
1964b12e32faafd6,steadyaim2
6b8ec3ce6b3774b3,steadyaim2_ar_accurate
3d66d27d9512b3bc,steadyaim2_ar_british
22a4321ce36145ec,steadyaim2_ar_damage
1d2edc6e019a7f57,steadyaim2_ar_fastfire
36894c606e2fb826,steadyaim2_ar_fasthandling
7ea8610b7cdb8780,steadyaim2_ar_mobility
37691ed7debbc01e,steadyaim2_ar_season6
6d539d073797bd20,steadyaim2_ar_slowfire
0db7b1cf732edc45,steadyaim2_ar_slowhandling
42901c1eca0bb97b,steadyaim2_ar_soviet
42ce9c172ba1ddc4,steadyaim2_ar_standard
2313a7741dd02ac0,steadyaim2_lmg_accurate
77fa3aed117fddc0,steadyaim2_lmg_fastfire
322925c86012cfda,steadyaim2_lmg_light
512c61972d6b92ab,steadyaim2_lmg_slowfire
4d410ccdba2b24e5,steadyaim2_pistol_burst
4dfccbf4d18abcef,steadyaim2_pistol_fullauto
15f32519a5b58062,steadyaim2_pistol_revolver
5448f94a219f3bfc,steadyaim2_pistol_semiauto
6635eac8c0f8707e,steadyaim2_shotgun_fullauto
35d77555309b217e,steadyaim2_shotgun_leveraction
1b70cb9168df861a,steadyaim2_shotgun_pump
26ae6714bac8d101,steadyaim2_shotgun_semiauto
5be2cc2ee28cc2ef,steadyaim2_smg_accurate
2f3a563c85204b71,steadyaim2_smg_burst
4b883fdf4b7d2e39,steadyaim2_smg_capacity
22fff6a064b3b0f1,steadyaim2_smg_cqb
3bb90a05ddb9da6b,steadyaim2_smg_fastfire
723b1e082964b9ef,steadyaim2_smg_flechette
616893f3b88fc424,steadyaim2_smg_handling
3b1e37ea662963d0,steadyaim2_smg_heavy
37221048ebb12178,steadyaim2_smg_minigun
26080787a0adcc7a,steadyaim2_smg_season6
19b6681c3382ef08,steadyaim2_smg_semiauto
51f40dd477808e7a,steadyaim2_smg_spray
6eb8befd6ddaf098,steadyaim2_smg_standard
388833badc285207,steadyaim2_sniper_accurate
7a6771c5f32b9d24,steadyaim2_sniper_cannon
211ba4644aae2748,steadyaim2_sniper_powersemi
26e37ecc963f1b10,steadyaim2_sniper_quickscope
1f8ebc49722a6f00,steadyaim2_sniper_standard
5565fb6a1b3649cd,steadyaim2_tr_damagesemi
521bc19614be13aa,steadyaim2_tr_fastburst
1aad11d82490fb86,steadyaim2_tr_longburst
0ccdb21eb9ddea73,steadyaim2_tr_powerburst
6bd280b3a578ab74,steadyaim2_tr_precisionsemi
0a625ddcb2c8d7b5,steadyaim_ar_accurate
30eea27d84625db9,steadyaim_ar_an94
39ccd4fbb1f7daa2,steadyaim_ar_british
57c08ec35bf3bae6,steadyaim_ar_damage
25e305446c33fd32,steadyaim_ar_doublebarrel
217ffd17eb8db3d5,steadyaim_ar_fastfire
76265536ba80dfc8,steadyaim_ar_fasthandling
14f88e12ac2cd3a0,steadyaim_ar_galil
2909b9e1513c5e16,steadyaim_ar_mobility
158fe2a100f89b87,steadyaim_ar_modular
77b8a5284ed40d1c,steadyaim_ar_season6
593a8df16842d132,steadyaim_ar_slowfire
3f30920b93c48113,steadyaim_ar_slowhandling
77b9cafef4025f2d,steadyaim_ar_soviet
70f425c862383166,steadyaim_ar_standard
4e6b68a6598b2fce,steadyaim_lmg_accurate
2cac9ebbd7cf842a,steadyaim_lmg_fastfire
2e5bd8e57accc6dc,steadyaim_lmg_light
2700d8d40b3a4c51,steadyaim_lmg_slowfire
3cd99a6019fe992d,steadyaim_lmg_spray
79ed118c4286ca57,steadyaim_lmg_stealth
5e23ef20769d8de7,steadyaim_pistol_burst
01fe578fad26ccd1,steadyaim_pistol_fullauto
36d581decf0f6c38,steadyaim_pistol_revolver
66036449db047d7e,steadyaim_pistol_semiauto
71bbc3c006d9e6d2,steadyaim_pistol_standard
1546163eab4e953c,steadyaim_shotgun_fullauto
00f712c70093796c,steadyaim_shotgun_leveraction
12c7e86a881919a8,steadyaim_shotgun_pump
6eba403984548d27,steadyaim_shotgun_semiauto
22bc9ec88f7ae9d6,steadyaim_smg
0341e7e134285de1,steadyaim_smg_accurate
0a55b1517e4df31f,steadyaim_smg_burst
285de1bf8dee3dff,steadyaim_smg_capacity
780e63253a8358ab,steadyaim_smg_cqb
6989f11ca2ff29b1,steadyaim_smg_fastburst
55ff2f56526f3b89,steadyaim_smg_fastfire
7a5619dcd2cf5301,steadyaim_smg_flechette
30f134d792d31930,steadyaim_smg_folding
28d062007b996cd6,steadyaim_smg_handling
107c17a3a7b06dc6,steadyaim_smg_heavy
463a050323947336,steadyaim_smg_minigun
7a8f2314668895b8,steadyaim_smg_season6
4acf6de478875996,steadyaim_smg_semiauto
4b080fb7be1af0ac,steadyaim_smg_spray
71f3cd6e4a5a782a,steadyaim_smg_standard
2fe5d825a3311f0a,steadyaim_smg_vmp
7ce048882da87e29,steadyaim_sniper_accurate
1cde8d4866b5b9d6,steadyaim_sniper_cannon
6fb0ce52b4232c4a,steadyaim_sniper_powersemi
4845a6a2ca99d072,steadyaim_sniper_quickscope
2df148ccc8b91082,steadyaim_sniper_standard
69fc0c6926a77b3b,steadyaim_tr_damagesemi
22b322d43422d4a0,steadyaim_tr_fastburst
201aed1927250220,steadyaim_tr_flechette
56d17539bd3a5920,steadyaim_tr_longburst
56d717f321ef402c,steadyaim_tr_midburst
59ad56fc75db9361,steadyaim_tr_powerburst
63d59f1849f32203,steadyaim_tr_powersemi
2479b56fd3ed885e,steadyaim_tr_precisionsemi
0b08348f77bf90dc,steadyaim_wz
11864ff49043330e,supply
6692b695e19881d7,suppressed
63ce25ae5624b81f,suppressed2
1fd2d4fc4d8932c2,suppressed2_ar_accurate
5b3959eb32a6701f,suppressed2_ar_british
2683a03e472ea235,suppressed2_ar_damage
0d3c38968c7a2416,suppressed2_ar_fastfire
127481178dacc34f,suppressed2_ar_fasthandling
1def7ced5dd9aab1,suppressed2_ar_mobility
598f99cc8377b83d,suppressed2_ar_season6
2574810cbea84cf5,suppressed2_ar_slowfire
0a4d511bb91e81e8,suppressed2_ar_slowhandling
6ef96c7458ef5662,suppressed2_ar_soviet
288d4d096d8fc8c9,suppressed2_ar_standard
4a639beb1d9f4253,suppressed2_lmg_accurate
4b040c0de7c802f7,suppressed2_lmg_fastfire
5a49edbc17a6c1eb,suppressed2_lmg_light
43594aab7faef6c0,suppressed2_lmg_slowfire
2b130d96d5a1d8be,suppressed2_pistol_burst
6ac9329a8e6096ce,suppressed2_pistol_fullauto
7fc5e4b5a166bcb7,suppressed2_pistol_revolver
45f8fc9648154111,suppressed2_pistol_semiauto
483a9dbae2d238b5,suppressed2_shotgun_fullauto
5e856bb8d17ab613,suppressed2_shotgun_leveraction
647dfacb5930586d,suppressed2_shotgun_pump
4c4cc10d130d28c2,suppressed2_shotgun_semiauto
283b312c7811e2ec,suppressed2_smg_accurate
30bdccbe4a306c50,suppressed2_smg_burst
1e34e8276d3f23a6,suppressed2_smg_capacity
6a5965087b83cde4,suppressed2_smg_cqb
4506a65ba812e214,suppressed2_smg_fastfire
1957f1ea34452a3a,suppressed2_smg_flechette
35214a2004a64007,suppressed2_smg_handling
76217a143ddd97f9,suppressed2_smg_heavy
61dadd3d67ba027b,suppressed2_smg_season6
5f666774db16f393,suppressed2_smg_semiauto
092a1d7c8df41683,suppressed2_smg_spray
2ec6d057389d100b,suppressed2_smg_standard
5b48b0f206c1e1da,suppressed2_sniper_accurate
2a0cb7a3057dc319,suppressed2_sniper_cannon
61a6c65076fa2ae3,suppressed2_sniper_powersemi
442ec8c3e9cd0f59,suppressed2_sniper_quickscope
03497c8631971db1,suppressed2_sniper_standard
3f37ac0ee4e7a218,suppressed2_tr_damagesemi
48c80b3ce337d25d,suppressed2_tr_fastburst
766484100f2360fd,suppressed2_tr_longburst
2c2d8626a55b2866,suppressed2_tr_powerburst
3a5246f61ca2b0cf,suppressed2_tr_precisionsemi
01ede18665de93fa,suppressed_ar_accurate
39dba04061090c57,suppressed_ar_british
5df4980275f90e1d,suppressed_ar_damage
0331ebe00640ba3e,suppressed_ar_fastfire
0bbde8bbd2fcf237,suppressed_ar_fasthandling
419d2940799bb6e9,suppressed_ar_mobility
70dda250b3725265,suppressed_ar_season6
077e69b295e9479d,suppressed_ar_slowfire
074bab107411b370,suppressed_ar_slowhandling
556849cf1ccdbe5a,suppressed_ar_soviet
64a84faf4f84e6d1,suppressed_ar_standard
47cf82d9933ec5db,suppressed_lmg_accurate
550353f43acbfd4f,suppressed_lmg_fastfire
63e44d56d7432693,suppressed_lmg_light
5b587551005d3bb8,suppressed_lmg_slowfire
06b5b27594f46086,suppressed_lmg_spray
121a5270bb942018,suppressed_lmg_stealth
2e4da0cb903b5eaf,suppressed_pistol
56adf9d1c0eb52f6,suppressed_pistol_burst
4b322dd4fe8f90a6,suppressed_pistol_fullauto
3eb7e55dd23840df,suppressed_pistol_revolver
3684b2428668d949,suppressed_pistol_semiauto
5b14f665e0cc7f5d,suppressed_shotgun_fullauto
1d5903b8f367b15b,suppressed_shotgun_leveraction
396083bd8f80dbd5,suppressed_shotgun_pump
30a61b812df8c1ca,suppressed_shotgun_semiauto
4746fae8dea38849,suppressed_smg
4d4d3da8d19d0824,suppressed_smg_accurate
397e20d29ebadfd8,suppressed_smg_burst
79b53c09eb748e5e,suppressed_smg_capacity
487aaea6e762400c,suppressed_smg_cqb
20f3ea3e26a5037c,suppressed_smg_fastfire
6b755f671ba5d902,suppressed_smg_flechette
66bd61b948e460cf,suppressed_smg_handling
117d677143b9d681,suppressed_smg_heavy
22e00b05e5794523,suppressed_smg_season6
795810a9ceec4a1b,suppressed_smg_semiauto
16d1593aac650bfb,suppressed_smg_spray
6709286cb97c0033,suppressed_smg_standard
0eab0c5bf7fdd912,suppressed_sniper_accurate
21c94b73e4088131,suppressed_sniper_cannon
274dc621e5dca1db,suppressed_sniper_powersemi
5f17f03a793659e1,suppressed_sniper_quickscope
52220152769b2ed9,suppressed_sniper_standard
2a6b2d7008b6ac20,suppressed_tr_damagesemi
461a9cf4bd4128a5,suppressed_tr_fastburst
27b47137a9538815,suppressed_tr_longburst
479f4fb59b6817ae,suppressed_tr_powerburst
2ad774d23c20f797,suppressed_tr_precisionsemi
3819ea9604172685,suppressed_wz
2a2e02666860cf5c,swayreduc
32fb1708b254f7d8,swayreduc_sniper_damagesemi
5cb8dd8e9eb914b0,swayreduc_wz
1afdfade0281c5dc,tacknife
1731f3c21bfd3ff4,tactical
0c2f77d3b0b2d2be,tactical_ar_slowfire
185c79528154cbea,tactical_lmg_accurate
0154f7e27bc6632e,tactical_lmg_fastfire
269d96ae448d2df0,tactical_lmg_light
4301fd286a09fd4d,tactical_lmg_slowfire
127d3847ff3e9435,tactical_sniper_accurate
63b738a8197e554a,tactical_sniper_cannon
7244737bc87ff95e,tactical_sniper_powersemi
74b24c2a7a1e344e,tactical_sniper_quickscope
790f0033aeadede6,tactical_sniper_standard
7a6880d8912ff257,tactical_tr_damagesemi
3ce9823229933b14,tactical_tr_fastburst
69506f6a2dc0e854,tactical_tr_longburst
01311a719f7dc1c5,tactical_tr_powerburst
567b2c5f2b9f02ea,tactical_tr_precisionsemi
7f40f1e44cb13ee1,uber
10fc50ed76766f1e,vzoom
